title,type,genre,release_year,imdb_rating,imdb_votes,platform,content_origin,production_country,runtime_min,age_rating,url,genre_list,language_guess,is_recent,num_platforms,is_exclusive
Dhurandhar: The Revenge,movie,"Action & Adventure, Crime, Mystery & Thriller",2026.0,8.3,62k,JioHotstar,Indian,India,235.0,A,https://www.justwatch.com/in/movie/dhurandhar-the-revenge,"['Action & Adventure', 'Crime', 'Mystery & Thriller']",Regional Indian (unspecified),True,2,False
Trikala: Script of God,movie,Mystery & Thriller,2026.0,,,JioHotstar,Indian,India,127.0,A,https://www.justwatch.com/in/movie/trikala-script-of-god,['Mystery & Thriller'],Regional Indian (unspecified),True,3,False
Dhurandhar,movie,"Action & Adventure, Crime, Drama, Mystery & Thriller, Action Thriller",2025.0,8.3,143k,JioHotstar,Indian,India,214.0,A,https://www.justwatch.com/in/movie/dhurandhar-2025,"['Action & Adventure', 'Crime', 'Drama', 'Mystery & Thriller', 'Action Thriller']",Regional Indian (unspecified),True,2,False
Dridam,movie,"Crime, Drama, Mystery & Thriller, Bollywood",2026.0,7.0,3k,JioHotstar,Indian,India,127.0,UA16+,https://www.justwatch.com/in/movie/dridam,"['Crime', 'Drama', 'Mystery & Thriller', 'Bollywood']",Hindi,True,2,False
Mollywood Times,movie,"Comedy, Drama",2026.0,7.5,2k,JioHotstar,Indian,India,150.0,UA16+,https://www.justwatch.com/in/movie/mollywood-times,"['Comedy', 'Drama']",Regional Indian (unspecified),True,2,False
Evil Dead Rise,movie,"Horror, Mystery & Thriller, Horror Thriller, Dark Fantasy",2023.0,6.5,169k,JioHotstar,International,"Ireland, New Zealand, United States",96.0,A,https://www.justwatch.com/in/movie/evil-dead-rise,"['Horror', 'Mystery & Thriller', 'Horror Thriller', 'Dark Fantasy']",English (assumed),False,2,False
Spider-Man: No Way Home,movie,"Action & Adventure, Fantasy, Science-Fiction, Superhero",2021.0,,,JioHotstar,International,United States,148.0,UA,https://www.justwatch.com/in/movie/spider-man-no-way-home,"['Action & Adventure', 'Fantasy', 'Science-Fiction', 'Superhero']",English (assumed),False,3,False
Avatar: Fire and Ash,movie,"Drama, Fantasy, Science-Fiction, Action Adventure",2025.0,7.2,176k,JioHotstar,International,United States,198.0,UA16+,https://www.justwatch.com/in/movie/avatar-3,"['Drama', 'Fantasy', 'Science-Fiction', 'Action Adventure']",English (assumed),True,2,False
Send Help,movie,"Comedy, Horror, Mystery & Thriller, Horror Thriller",2026.0,6.7,126k,JioHotstar,International,United States,113.0,A,https://www.justwatch.com/in/movie/send-help,"['Comedy', 'Horror', 'Mystery & Thriller', 'Horror Thriller']",English (assumed),True,2,False
Fifty Shades of Grey,movie,"Drama, Mystery & Thriller, Romance, Romantic Thriller, Chick Flicks, Romantic Drama",2015.0,4.2,357k,JioHotstar,International,United States,,,https://www.justwatch.com/in/movie/fifty-shades-of-grey,"['Drama', 'Mystery & Thriller', 'Romance', 'Romantic Thriller', 'Chick Flicks', 'Romantic Drama']",English (assumed),False,2,False
How to Have Sex,movie,"Drama, Emotional Drama",2023.0,6.4,23k,JioHotstar,International,"Belgium, France, United Kingdom, Greece",,,https://www.justwatch.com/in/movie/how-to-have-sex,"['Drama', 'Emotional Drama']",English (assumed),False,3,False
Tell Me What You Want,movie,"Documentary, Drama, Mystery & Thriller, Romance, Romantic Thriller, Romantic Drama",2024.0,4.1,2k,JioHotstar,International,Spain,114.0,A,https://www.justwatch.com/in/movie/pideme-lo-que-quieras,"['Documentary', 'Drama', 'Mystery & Thriller', 'Romance', 'Romantic Thriller', 'Romantic Drama']",English (assumed),True,2,False
Together,movie,"Horror, Romance, Science-Fiction, RomCom",2025.0,6.7,82k,JioHotstar,International,"Australia, United States",102.0,A,https://www.justwatch.com/in/movie/together-2025,"['Horror', 'Romance', 'Science-Fiction', 'RomCom']",English (assumed),True,3,False
Ugly story,movie,"Drama, Mystery & Thriller, Romance",2026.0,,,JioHotstar,Indian,India,123.0,A,https://www.justwatch.com/in/movie/ugly-story,"['Drama', 'Mystery & Thriller', 'Romance']",Regional Indian (unspecified),True,3,False
Sambhavam Adhyayam Onnu,movie,"Drama, Fantasy, Mystery & Thriller, Psychological Thriller",2026.0,7.4,6k,JioHotstar,Indian,India,127.0,UA13+,https://www.justwatch.com/in/movie/sambhavam-adhyayam-onnu,"['Drama', 'Fantasy', 'Mystery & Thriller', 'Psychological Thriller']",Regional Indian (unspecified),True,2,False
Shiddat,movie,"Drama, Romance, Bollywood",2021.0,7.6,27k,JioHotstar,Indian,"United Kingdom, India",146.0,UA,https://www.justwatch.com/in/movie/shiddat-2021,"['Drama', 'Romance', 'Bollywood']",Hindi,False,2,False
Hoppers,movie,"Action & Adventure, Animation, Comedy, Kids & Family, Science-Fiction, Family Animation",2026.0,7.3,65k,JioHotstar,International,United States,104.0,UA7+,https://www.justwatch.com/in/movie/hoppers,"['Action & Adventure', 'Animation', 'Comedy', 'Kids & Family', 'Science-Fiction', 'Family Animation']",English (assumed),True,2,False
The Wolf of Wall Street,movie,"Comedy, Crime, Drama, Biopics, Based On A True Story",2013.0,,,JioHotstar,International,United States,180.0,A,https://www.justwatch.com/in/movie/the-wolf-of-wall-street,"['Comedy', 'Crime', 'Drama', 'Biopics', 'Based On A True Story']",English (assumed),False,2,False
Interstellar,movie,"Action & Adventure, Drama, Science-Fiction, Sci-Fi Drama",2014.0,,,JioHotstar,International,"Canada, United Kingdom, United States",169.0,UA,https://www.justwatch.com/in/movie/interstellar,"['Action & Adventure', 'Drama', 'Science-Fiction', 'Sci-Fi Drama']",English (assumed),False,3,False
Companion,movie,"Horror, Science-Fiction, Mystery Thriller",2025.0,6.9,180k,JioHotstar,International,United States,97.0,A,https://www.justwatch.com/in/movie/companion-2025,"['Horror', 'Science-Fiction', 'Mystery Thriller']",English (assumed),True,2,False
Dangal,movie,"Action & Adventure, Comedy, Drama, Kids & Family, Sport, Bollywood",2016.0,8.3,244k,JioHotstar,Indian,India,161.0,U,https://www.justwatch.com/in/movie/dangal,"['Action & Adventure', 'Comedy', 'Drama', 'Kids & Family', 'Sport', 'Bollywood']",Hindi,False,2,False
Harry Potter and the Philosopher's Stone,movie,"Action & Adventure, Fantasy, Kids & Family, Epic Fantasy",2001.0,7.7,954k,JioHotstar,International,"United Kingdom, United States",152.0,U,https://www.justwatch.com/in/movie/harry-potter-and-the-philosophers-stone,"['Action & Adventure', 'Fantasy', 'Kids & Family', 'Epic Fantasy']",English (assumed),False,2,False
Love Sonia,movie,"Drama, Bollywood",2018.0,7.4,2k,JioHotstar,Indian,India,126.0,A,https://www.justwatch.com/in/movie/love-sonia,"['Drama', 'Bollywood']",Hindi,False,2,False
Titanic,movie,"Drama, Romance, Romantic Epic",1997.0,,,JioHotstar,International,United States,194.0,UA,https://www.justwatch.com/in/movie/titanic,"['Drama', 'Romance', 'Romantic Epic']",English (assumed),False,2,False
Hridayam,movie,"Drama, Romance, Romantic Drama",2022.0,8.0,21k,JioHotstar,Indian,India,172.0,U,https://www.justwatch.com/in/movie/hridayam,"['Drama', 'Romance', 'Romantic Drama']",Regional Indian (unspecified),False,2,False
300,movie,"Action & Adventure, Drama, War & Military, Epic Fantasy, Epic",2007.0,7.6,914k,JioHotstar,International,"Bulgaria, Canada, United States",117.0,A,https://www.justwatch.com/in/movie/300,"['Action & Adventure', 'Drama', 'War & Military', 'Epic Fantasy', 'Epic']",English (assumed),False,3,False
Geetha Govindam,movie,"Comedy, Drama, Romance, Bollywood",2018.0,7.7,17k,JioHotstar,Indian,India,148.0,UA,https://www.justwatch.com/in/movie/geetha-govindam,"['Comedy', 'Drama', 'Romance', 'Bollywood']",Hindi,False,2,False
Rangasthalam,movie,"Action & Adventure, Drama, Bollywood",2018.0,8.2,31k,JioHotstar,Indian,India,179.0,UA,https://www.justwatch.com/in/movie/rangasthalam,"['Action & Adventure', 'Drama', 'Bollywood']",Hindi,False,3,False
Inception,movie,"Action & Adventure, Mystery & Thriller, Science-Fiction, Cerebral, Action Thriller",2010.0,,,JioHotstar,International,"United Kingdom, United States",148.0,UA,https://www.justwatch.com/in/movie/inception,"['Action & Adventure', 'Mystery & Thriller', 'Science-Fiction', 'Cerebral', 'Action Thriller']",English (assumed),False,3,False
Iron Man,movie,"Action & Adventure, Science-Fiction, Superhero",2008.0,,,JioHotstar,International,United States,126.0,UA,https://www.justwatch.com/in/movie/iron-man,"['Action & Adventure', 'Science-Fiction', 'Superhero']",English (assumed),False,2,False
The Lunchbox,movie,"Drama, Romance, Bollywood",2013.0,7.8,68k,JioHotstar,Indian,"Germany, France, India, United States",104.0,U,https://www.justwatch.com/in/movie/the-lunchbox,"['Drama', 'Romance', 'Bollywood']",Hindi,False,2,False
Strange Days,movie,"Crime, Drama, Mystery & Thriller, Science-Fiction, Cyberpunk, Action Thriller",1995.0,7.2,85k,JioHotstar,International,United States,145.0,U,https://www.justwatch.com/in/movie/strange-days,"['Crime', 'Drama', 'Mystery & Thriller', 'Science-Fiction', 'Cyberpunk', 'Action Thriller']",English (assumed),False,2,False
The Amazing Spider-Man,movie,"Action & Adventure, Science-Fiction, Superhero",2012.0,6.9,768k,JioHotstar,International,United States,137.0,UA,https://www.justwatch.com/in/movie/the-amazing-spider-man,"['Action & Adventure', 'Science-Fiction', 'Superhero']",English (assumed),False,4,False
Pirates of the Caribbean: The Curse of the Black Pearl,movie,"Fantasy, Epic Fantasy, Action Adventure",2003.0,,,JioHotstar,International,United States,143.0,UA,https://www.justwatch.com/in/movie/pirates-of-the-caribbean-the-curse-of-the-black-pearl,"['Fantasy', 'Epic Fantasy', 'Action Adventure']",English (assumed),False,2,False
The Lord of the Rings: The Fellowship of the Ring,movie,"Action & Adventure, Drama, Fantasy, Epic Fantasy",2001.0,,,JioHotstar,International,"New Zealand, United States",228.0,U,https://www.justwatch.com/in/movie/the-lord-of-the-rings-the-fellowship-of-the-ring,"['Action & Adventure', 'Drama', 'Fantasy', 'Epic Fantasy']",English (assumed),False,2,False
Chhichhore,movie,"Comedy, Drama, Romance, Bollywood",2019.0,8.3,73k,JioHotstar,Indian,India,146.0,U,https://www.justwatch.com/in/movie/chhichhore,"['Comedy', 'Drama', 'Romance', 'Bollywood']",Hindi,False,2,False
Avengers: Infinity War,movie,"Action & Adventure, Science-Fiction, Superhero",2018.0,,,JioHotstar,International,United States,149.0,UA,https://www.justwatch.com/in/movie/avengers-infinity-war,"['Action & Adventure', 'Science-Fiction', 'Superhero']",English (assumed),False,2,False
Weapons,movie,"Horror, Mystery & Thriller, Horror Thriller",2025.0,7.4,372k,JioHotstar,International,United States,129.0,A,https://www.justwatch.com/in/movie/weapons-2025,"['Horror', 'Mystery & Thriller', 'Horror Thriller']",English (assumed),True,2,False
Bugonia,movie,"Comedy, Crime, Mystery & Thriller, Science-Fiction, Sci-Fi Comedy",2025.0,7.4,202k,JioHotstar,International,"Canada, Ireland, South Korea, United States",119.0,A,https://www.justwatch.com/in/movie/bugonia,"['Comedy', 'Crime', 'Mystery & Thriller', 'Science-Fiction', 'Sci-Fi Comedy']",English (assumed),True,2,False
Bāhubali: The Beginning,movie,"Action & Adventure, Drama, Bollywood",2015.0,8.0,154k,JioHotstar,Indian,India,159.0,UA,https://www.justwatch.com/in/movie/baahubali-the-beginning,"['Action & Adventure', 'Drama', 'Bollywood']",Hindi,False,3,False
The Devil's Bride,movie,"Horror, Mystery & Thriller, Horror Thriller",2025.0,,,JioHotstar,International,Indonesia,91.0,A,https://www.justwatch.com/in/movie/the-devils-bride,"['Horror', 'Mystery & Thriller', 'Horror Thriller']",English (assumed),True,2,False
K.G.F: Chapter 1,movie,"Action & Adventure, Crime, Drama, Mystery & Thriller, Bollywood",2018.0,8.1,111k,JioHotstar,Indian,India,156.0,UA,https://www.justwatch.com/in/movie/k-g-f-chapter-1,"['Action & Adventure', 'Crime', 'Drama', 'Mystery & Thriller', 'Bollywood']",Hindi,False,3,False
Sisu,movie,"Action & Adventure, Mystery & Thriller, War & Military, War Epics",2023.0,6.9,123k,JioHotstar,International,"Finland, United Kingdom, United States",91.0,A,https://www.justwatch.com/in/movie/sisu-2023,"['Action & Adventure', 'Mystery & Thriller', 'War & Military', 'War Epics']",English (assumed),False,3,False
The Brutalist,movie,"Drama, Psychological Drama",2024.0,7.2,154k,JioHotstar,International,"United Kingdom, United States",215.0,A,https://www.justwatch.com/in/movie/the-brutalist,"['Drama', 'Psychological Drama']",English (assumed),True,2,False
Spider-Man: Far From Home,movie,"Action & Adventure, Comedy, Fantasy, Science-Fiction, Superhero",2019.0,7.3,643k,JioHotstar,International,United States,130.0,UA,https://www.justwatch.com/in/movie/spider-man-far-from-home,"['Action & Adventure', 'Comedy', 'Fantasy', 'Science-Fiction', 'Superhero']",English (assumed),False,4,False
Sing 2,movie,"Animation, Comedy, Kids & Family, Music & Musical, Animated Musical",2021.0,7.3,101k,JioHotstar,International,United States,110.0,U,https://www.justwatch.com/in/movie/sing-2,"['Animation', 'Comedy', 'Kids & Family', 'Music & Musical', 'Animated Musical']",English (assumed),False,2,False
Toy Story,movie,"Action & Adventure, Animation, Comedy, Fantasy, Kids & Family, Pixar, Family Animation",1995.0,,,JioHotstar,International,United States,81.0,U,https://www.justwatch.com/in/movie/toy-story,"['Action & Adventure', 'Animation', 'Comedy', 'Fantasy', 'Kids & Family', 'Pixar', 'Family Animation']",English (assumed),False,2,False
First Man,movie,"Drama, History, Biopics",2018.0,7.3,217k,JioHotstar,International,United States,138.0,UA,https://www.justwatch.com/in/movie/first-man,"['Drama', 'History', 'Biopics']",English (assumed),False,3,False
Atonement,movie,"Drama, Romance, War & Military, Romantic Epic",2007.0,7.8,330k,JioHotstar,International,"France, United Kingdom, United States",123.0,UA,https://www.justwatch.com/in/movie/atonement,"['Drama', 'Romance', 'War & Military', 'Romantic Epic']",English (assumed),False,2,False
Superman,movie,"Action & Adventure, Science-Fiction, Superhero",2025.0,7.0,421k,JioHotstar,International,United States,130.0,UA13+,https://www.justwatch.com/in/movie/superman-2025,"['Action & Adventure', 'Science-Fiction', 'Superhero']",English (assumed),True,2,False
Hello!,movie,"Action & Adventure, Drama, Horror, Mystery & Thriller, Romance, Bollywood",2017.0,7.4,3k,JioHotstar,Indian,India,131.0,U,https://www.justwatch.com/in/movie/hello-2017,"['Action & Adventure', 'Drama', 'Horror', 'Mystery & Thriller', 'Romance', 'Bollywood']",Hindi,False,2,False
Ved,movie,"Drama, Romance, Romantic Drama",2022.0,7.2,5k,JioHotstar,Indian,India,148.0,UA,https://www.justwatch.com/in/movie/ved,"['Drama', 'Romance', 'Romantic Drama']",Regional Indian (unspecified),False,2,False
Man of Steel,movie,"Action & Adventure, Science-Fiction, Superhero",2013.0,7.1,869k,JioHotstar,International,"United Kingdom, United States",143.0,UA,https://www.justwatch.com/in/movie/man-of-steel,"['Action & Adventure', 'Science-Fiction', 'Superhero']",English (assumed),False,3,False
The Godfather,movie,"Crime, Drama, Organized Crime",1972.0,,,JioHotstar,International,United States,175.0,UA,https://www.justwatch.com/in/movie/the-godfather,"['Crime', 'Drama', 'Organized Crime']",English (assumed),False,2,False
12th Fail,movie,"Drama, Bollywood, Based On A True Story",2023.0,8.7,173k,JioHotstar,Indian,India,146.0,U,https://www.justwatch.com/in/movie/12th-fail,"['Drama', 'Bollywood', 'Based On A True Story']",Hindi,False,2,False
Inglourious Basterds,movie,"Drama, Mystery & Thriller, War & Military, War Drama, War Epics",2009.0,,,JioHotstar,International,"Germany, United States",153.0,A,https://www.justwatch.com/in/movie/inglourious-basterds,"['Drama', 'Mystery & Thriller', 'War & Military', 'War Drama', 'War Epics']",English (assumed),False,3,False
Wardriver,movie,"Crime, Mystery & Thriller",2026.0,5.5,1k,JioHotstar,International,United States,93.0,UA16+,https://www.justwatch.com/in/movie/wardriver,"['Crime', 'Mystery & Thriller']",English (assumed),True,3,False
Oppenheimer,movie,"Drama, History, War Drama, Biopics",2023.0,,,JioHotstar,International,"United Kingdom, United States",181.0,UA,https://www.justwatch.com/in/movie/oppenheimer,"['Drama', 'History', 'War Drama', 'Biopics']",English (assumed),False,2,False
Total Dhamaal,movie,"Action & Adventure, Comedy, Action Comedy",2019.0,4.3,9k,JioHotstar,Indian,India,127.0,U,https://www.justwatch.com/in/movie/total-dhamaal,"['Action & Adventure', 'Comedy', 'Action Comedy']",Regional Indian (unspecified),False,2,False
Jumanji: Welcome to the Jungle,movie,"Comedy, Fantasy, Action Adventure",2017.0,6.9,505k,JioHotstar,International,United States,119.0,UA,https://www.justwatch.com/in/movie/jumanji-welcome-to-the-jungle,"['Comedy', 'Fantasy', 'Action Adventure']",English (assumed),False,4,False
The Devil Wears Prada,movie,"Comedy, Drama, Chick Flicks, Dramedy",2006.0,7.0,557k,JioHotstar,International,United States,109.0,UA,https://www.justwatch.com/in/movie/the-devil-wears-prada,"['Comedy', 'Drama', 'Chick Flicks', 'Dramedy']",English (assumed),False,2,False
The Dark Knight,movie,"Action & Adventure, Crime, Mystery & Thriller, Superhero, Action Thriller",2008.0,,,JioHotstar,International,"United Kingdom, United States",152.0,UA,https://www.justwatch.com/in/movie/the-dark-knight,"['Action & Adventure', 'Crime', 'Mystery & Thriller', 'Superhero', 'Action Thriller']",English (assumed),False,3,False
Sinners,movie,"Action & Adventure, Horror, Mystery & Thriller, Horror Thriller",2025.0,7.5,494k,JioHotstar,International,"Australia, Canada, United States",137.0,A,https://www.justwatch.com/in/movie/sinners-2025,"['Action & Adventure', 'Horror', 'Mystery & Thriller', 'Horror Thriller']",English (assumed),True,2,False
The RajaSaab,movie,"Action & Adventure, Comedy, Fantasy, Horror, RomCom, Horror Comedy",2026.0,3.1,11k,JioHotstar,Indian,India,190.0,UA16+,https://www.justwatch.com/in/movie/the-raja-saab,"['Action & Adventure', 'Comedy', 'Fantasy', 'Horror', 'RomCom', 'Horror Comedy']",Regional Indian (unspecified),True,2,False
The Matrix,movie,"Action & Adventure, Science-Fiction, Cerebral, Cyberpunk, Tech Noir",1999.0,,,JioHotstar,International,United States,136.0,A,https://www.justwatch.com/in/movie/the-matrix,"['Action & Adventure', 'Science-Fiction', 'Cerebral', 'Cyberpunk', 'Tech Noir']",English (assumed),False,3,False
Shutter Island,movie,"Drama, Horror Thriller, Mystery Thriller, Psychological Thriller",2010.0,,,JioHotstar,International,United States,138.0,A,https://www.justwatch.com/in/movie/shutter-island,"['Drama', 'Horror Thriller', 'Mystery Thriller', 'Psychological Thriller']",English (assumed),False,2,False
Ford v Ferrari,movie,"Action & Adventure, Drama, History, Sport, Biopics, Based On A True Story",2019.0,8.1,495k,JioHotstar,International,United States,153.0,UA,https://www.justwatch.com/in/movie/ford-v-ferrari,"['Action & Adventure', 'Drama', 'History', 'Sport', 'Biopics', 'Based On A True Story']",English (assumed),False,2,False
The Avengers,movie,"Action & Adventure, Science-Fiction, Superhero",2012.0,,,JioHotstar,International,United States,143.0,UA,https://www.justwatch.com/in/movie/the-avengers,"['Action & Adventure', 'Science-Fiction', 'Superhero']",English (assumed),False,2,False
Marco,movie,"Action & Adventure, Crime, Mystery & Thriller, Bollywood",2024.0,6.5,25k,JioHotstar,Indian,India,145.0,A,https://www.justwatch.com/in/movie/marco-2024,"['Action & Adventure', 'Crime', 'Mystery & Thriller', 'Bollywood']",Hindi,True,4,False
Dead Poets Society,movie,"Comedy, Drama, Dramedy",1989.0,8.1,657k,JioHotstar,International,United States,129.0,U,https://www.justwatch.com/in/movie/dead-poets-society,"['Comedy', 'Drama', 'Dramedy']",English (assumed),False,2,False
Blade Runner 2049,movie,"Action & Adventure, Drama, Mystery & Thriller, Science-Fiction, Post Apocalyptic World, Cyberpunk",2017.0,8.0,757k,JioHotstar,International,"Canada, United Kingdom, United States",164.0,A,https://www.justwatch.com/in/movie/blade-runner-2049,"['Action & Adventure', 'Drama', 'Mystery & Thriller', 'Science-Fiction', 'Post Apocalyptic World', 'Cyberpunk']",English (assumed),False,4,False
About Time,movie,"Comedy, Drama, Fantasy, Romance, Science-Fiction, Made in Europe, RomCom, Modern Fantasy, Dramedy, Romantic Drama",2013.0,7.8,436k,JioHotstar,International,"United Kingdom, United States",123.0,UA16+,https://www.justwatch.com/in/movie/about-time,"['Comedy', 'Drama', 'Fantasy', 'Romance', 'Science-Fiction', 'Made in Europe', 'RomCom', 'Modern Fantasy', 'Dramedy', 'Romantic Drama']",English (assumed),False,2,False
Avatar,movie,"Action & Adventure, Fantasy, Science-Fiction, Sci-Fi Military, Epic Fantasy",2009.0,,,JioHotstar,International,"United Kingdom, United States",162.0,UA,https://www.justwatch.com/in/movie/avatar,"['Action & Adventure', 'Fantasy', 'Science-Fiction', 'Sci-Fi Military', 'Epic Fantasy']",English (assumed),False,2,False
Sarkar,movie,"Action & Adventure, Drama, Bollywood",2018.0,6.7,22k,JioHotstar,Indian,India,164.0,UA,https://www.justwatch.com/in/movie/sarkar-2018,"['Action & Adventure', 'Drama', 'Bollywood']",Hindi,False,2,False
Catch Me If You Can,movie,"Crime, Drama, Based On A True Story",2002.0,,,JioHotstar,International,United States,141.0,A,https://www.justwatch.com/in/movie/catch-me-if-you-can,"['Crime', 'Drama', 'Based On A True Story']",English (assumed),False,2,False
Drishyam,movie,"Crime, Drama, Mystery & Thriller, Bollywood",2015.0,8.2,109k,JioHotstar,Indian,India,169.0,UA13+,https://www.justwatch.com/in/movie/drishyam,"['Crime', 'Drama', 'Mystery & Thriller', 'Bollywood']",Hindi,False,3,False
Train to Busan,movie,"Action & Adventure, Horror, Mystery & Thriller",2016.0,7.6,309k,JioHotstar,International,South Korea,118.0,A,https://www.justwatch.com/in/movie/train-to-busan,"['Action & Adventure', 'Horror', 'Mystery & Thriller']",English (assumed),False,3,False
Vivah,movie,"Drama, Kids & Family, Mystery & Thriller, Romance, Bollywood",2006.0,6.7,12k,JioHotstar,Indian,India,166.0,U,https://www.justwatch.com/in/movie/vivah,"['Drama', 'Kids & Family', 'Mystery & Thriller', 'Romance', 'Bollywood']",Hindi,False,3,False
Top Gun: Maverick,movie,"Drama, Action Adventure",2022.0,8.2,731k,JioHotstar,International,United States,131.0,UA,https://www.justwatch.com/in/movie/top-gun-maverick,"['Drama', 'Action Adventure']",English (assumed),False,3,False
Touch,movie,"Drama, Romance, Romantic Drama",2024.0,7.4,7k,JioHotstar,International,"United Kingdom, Iceland",121.0,UA16+,https://www.justwatch.com/in/movie/touch-0,"['Drama', 'Romance', 'Romantic Drama']",English (assumed),True,2,False
Kabir Singh,movie,"Drama, Romance, Bollywood",2019.0,7.0,45k,JioHotstar,Indian,India,172.0,A,https://www.justwatch.com/in/movie/kabir-singh,"['Drama', 'Romance', 'Bollywood']",Hindi,False,3,False
Mermaid,movie,"Action & Adventure, Comedy, Horror, Mystery & Thriller, Horror Comedy",2026.0,,,JioHotstar,International,United States,105.0,A,https://www.justwatch.com/in/movie/mermaid,"['Action & Adventure', 'Comedy', 'Horror', 'Mystery & Thriller', 'Horror Comedy']",English (assumed),True,3,False
Kill,movie,"Action & Adventure, Crime, Drama, Mystery & Thriller, Action Thriller",2024.0,7.4,46k,JioHotstar,Indian,India,105.0,A,https://www.justwatch.com/in/movie/kill-2024,"['Action & Adventure', 'Crime', 'Drama', 'Mystery & Thriller', 'Action Thriller']",Regional Indian (unspecified),True,2,False
Dev.D,movie,"Comedy, Drama, Romance, Bollywood",2009.0,7.9,34k,JioHotstar,Indian,India,144.0,A,https://www.justwatch.com/in/movie/dev-d,"['Comedy', 'Drama', 'Romance', 'Bollywood']",Hindi,False,2,False
Get Out,movie,"Horror, Mystery & Thriller, Black Culture, Psychological Thriller",2017.0,7.8,823k,JioHotstar,International,United States,104.0,UA16+,https://www.justwatch.com/in/movie/get-out,"['Horror', 'Mystery & Thriller', 'Black Culture', 'Psychological Thriller']",English (assumed),False,2,False
Speak No Evil,movie,"Drama, Horror, Mystery & Thriller, Horror Thriller",2024.0,6.8,139k,JioHotstar,International,United States,110.0,A,https://www.justwatch.com/in/movie/speak-no-evil-2024,"['Drama', 'Horror', 'Mystery & Thriller', 'Horror Thriller']",English (assumed),True,2,False
The Conjuring: Last Rites,movie,"Horror, Mystery & Thriller, Horror Thriller",2025.0,6.2,103k,JioHotstar,International,United States,136.0,A,https://www.justwatch.com/in/movie/the-conjuring-last-rites,"['Horror', 'Mystery & Thriller', 'Horror Thriller']",English (assumed),True,2,False
The Monkey,movie,"Comedy, Horror, Horror Comedy",2025.0,5.9,94k,JioHotstar,International,"Canada, United States",97.0,A,https://www.justwatch.com/in/movie/the-monkey,"['Comedy', 'Horror', 'Horror Comedy']",English (assumed),True,3,False
Inside Man,movie,"Crime, Drama, Mystery & Thriller, Heist",2006.0,7.6,425k,JioHotstar,International,United States,129.0,UA,https://www.justwatch.com/in/movie/inside-man,"['Crime', 'Drama', 'Mystery & Thriller', 'Heist']",English (assumed),False,3,False
Captain America: Civil War,movie,"Action & Adventure, Science-Fiction, Superhero",2016.0,7.8,931k,JioHotstar,International,United States,147.0,UA,https://www.justwatch.com/in/movie/captain-america-civil-war,"['Action & Adventure', 'Science-Fiction', 'Superhero']",English (assumed),False,2,False
Zootopia 2,movie,"Action & Adventure, Animation, Comedy, Crime, Kids & Family, Family Animation",2025.0,7.3,141k,JioHotstar,International,United States,108.0,UA7+,https://www.justwatch.com/in/movie/zootopia-2,"['Action & Adventure', 'Animation', 'Comedy', 'Crime', 'Kids & Family', 'Family Animation']",English (assumed),True,2,False
The Martian,movie,"Action & Adventure, Drama, Science-Fiction, Sci-Fi Drama",2015.0,,,JioHotstar,International,United States,141.0,UA,https://www.justwatch.com/in/movie/the-martian,"['Action & Adventure', 'Drama', 'Science-Fiction', 'Sci-Fi Drama']",English (assumed),False,2,False
The Conjuring,movie,"Horror, Mystery & Thriller, Paranormal",2013.0,7.5,625k,JioHotstar,International,United States,112.0,A,https://www.justwatch.com/in/movie/the-conjuring,"['Horror', 'Mystery & Thriller', 'Paranormal']",English (assumed),False,3,False
Bang My Box: The Robin Byrd Story,movie,Documentary,2026.0,,,JioHotstar,International,United States,,,https://www.justwatch.com/in/movie/bang-my-box-the-robin-byrd-story,['Documentary'],English (assumed),True,2,False
The Amazing Spider-Man 2,movie,"Action & Adventure, Comedy, History, Science-Fiction, War & Military, Superhero",2014.0,6.6,593k,JioHotstar,International,United States,142.0,UA,https://www.justwatch.com/in/movie/the-amazing-spider-man-2,"['Action & Adventure', 'Comedy', 'History', 'Science-Fiction', 'War & Military', 'Superhero']",English (assumed),False,4,False
Tamasha,movie,"Comedy, Drama, Romance, Bollywood",2015.0,7.4,36k,JioHotstar,Indian,India,139.0,UA,https://www.justwatch.com/in/movie/tamasha,"['Comedy', 'Drama', 'Romance', 'Bollywood']",Hindi,False,3,False
Avatar: The Way of Water,movie,"Fantasy, Science-Fiction, Action Adventure",2022.0,7.5,631k,JioHotstar,International,United States,192.0,UA,https://www.justwatch.com/in/movie/avatar-2,"['Fantasy', 'Science-Fiction', 'Action Adventure']",English (assumed),False,2,False
Sathi Leelavathi,movie,Drama,2026.0,,,JioHotstar,Indian,India,131.0,UA13+,https://www.justwatch.com/in/movie/sathi-leelavathi-2025,['Drama'],Regional Indian (unspecified),True,3,False
Nosferatu,movie,"Fantasy, Horror, Dark Fantasy",2024.0,7.1,268k,JioHotstar,International,United States,133.0,A,https://www.justwatch.com/in/movie/nosferatu-2023,"['Fantasy', 'Horror', 'Dark Fantasy']",English (assumed),True,2,False
Bāhubali 2: The Conclusion,movie,,,,,JioHotstar,Unknown,,,,https://www.justwatch.com/in/movie/baahubali-2-the-conclusion,[],Unknown,False,3,False
Raid,movie,"Crime, Drama, Mystery & Thriller, Bollywood",2018.0,7.4,23k,JioHotstar,Indian,India,120.0,UA,https://www.justwatch.com/in/movie/raid,"['Crime', 'Drama', 'Mystery & Thriller', 'Bollywood']",Hindi,False,2,False
10 Things I Hate About You,movie,"Comedy, Drama, Romance, Chick Flicks",1999.0,7.4,453k,JioHotstar,International,United States,97.0,U,https://www.justwatch.com/in/movie/10-things-i-hate-about-you,"['Comedy', 'Drama', 'Romance', 'Chick Flicks']",English (assumed),False,2,False
Mario,movie,Comedy,2025.0,8.4,1k,JioHotstar,Indian,India,137.0,A,https://www.justwatch.com/in/movie/mario-2025,['Comedy'],Regional Indian (unspecified),True,3,False
Ratsasan,movie,"Action & Adventure, Crime, Drama, Mystery & Thriller, Action Thriller",2018.0,8.3,51k,JioHotstar,Indian,India,170.0,UA,https://www.justwatch.com/in/movie/ratsasan,"['Action & Adventure', 'Crime', 'Drama', 'Mystery & Thriller', 'Action Thriller']",Regional Indian (unspecified),False,2,False
A Quiet Place,movie,"Drama, Horror, Science-Fiction, Post Apocalyptic World, Monster",2018.0,7.5,661k,JioHotstar,International,United States,91.0,A,https://www.justwatch.com/in/movie/a-quiet-place,"['Drama', 'Horror', 'Science-Fiction', 'Post Apocalyptic World', 'Monster']",English (assumed),False,3,False
Liger,movie,"Action & Adventure, Drama, Romance, Sport, Bollywood",2022.0,2.6,49k,JioHotstar,Indian,India,138.0,UA,https://www.justwatch.com/in/movie/liger,"['Action & Adventure', 'Drama', 'Romance', 'Sport', 'Bollywood']",Hindi,False,2,False
Hum Saath Saath Hain,movie,"Drama, Kids & Family, Romance, Bollywood",1999.0,6.4,10k,JioHotstar,Indian,India,177.0,U,https://www.justwatch.com/in/movie/hum-saath-saath-hain,"['Drama', 'Kids & Family', 'Romance', 'Bollywood']",Hindi,False,3,False
Zack Snyder's Justice League,movie,"Action & Adventure, Documentary, Fantasy, Science-Fiction, Superhero",2021.0,7.9,474k,JioHotstar,International,United States,242.0,UA,https://www.justwatch.com/in/movie/zack-snyders-justice-league,"['Action & Adventure', 'Documentary', 'Fantasy', 'Science-Fiction', 'Superhero']",English (assumed),False,2,False
(500) Days of Summer,movie,"Comedy, Drama, Romance, RomCom",2009.0,7.6,621k,JioHotstar,International,United States,95.0,UA16+,https://www.justwatch.com/in/movie/500-days-of-summer,"['Comedy', 'Drama', 'Romance', 'RomCom']",English (assumed),False,2,False
Vaazha,movie,"Comedy, Drama, Bollywood",2024.0,7.3,7k,JioHotstar,Indian,India,125.0,UA,https://www.justwatch.com/in/movie/vaazha,"['Comedy', 'Drama', 'Bollywood']",Hindi,True,2,False
Lokah Chapter 1: Chandra,movie,"Action & Adventure, Fantasy, Epic Fantasy",2025.0,7.6,20k,JioHotstar,Indian,India,151.0,UA16+,https://www.justwatch.com/in/movie/lokah-chapter-one-chandra,"['Action & Adventure', 'Fantasy', 'Epic Fantasy']",Regional Indian (unspecified),True,2,False
Mangalavaaram,movie,"Action & Adventure, Drama, Horror, Mystery & Thriller, Action Thriller",2023.0,6.8,4k,JioHotstar,Indian,India,149.0,A,https://www.justwatch.com/in/movie/mangalavaram,"['Action & Adventure', 'Drama', 'Horror', 'Mystery & Thriller', 'Action Thriller']",Regional Indian (unspecified),False,3,False
Avengers: Endgame,movie,"Action & Adventure, Drama, Science-Fiction, Superhero",2019.0,,,JioHotstar,International,United States,181.0,UA,https://www.justwatch.com/in/movie/avengers-endgame,"['Action & Adventure', 'Drama', 'Science-Fiction', 'Superhero']",English (assumed),False,2,False
Maleficent,movie,"Action & Adventure, Drama, Kids & Family, Romance, Epic Fantasy, Live Action, Dark Fantasy, Fairytale Fantasy",2014.0,6.9,425k,JioHotstar,International,United States,97.0,U,https://www.justwatch.com/in/movie/maleficent,"['Action & Adventure', 'Drama', 'Kids & Family', 'Romance', 'Epic Fantasy', 'Live Action', 'Dark Fantasy', 'Fairytale Fantasy']",English (assumed),False,2,False
Ransomed,movie,"Action & Adventure, Comedy, Drama, Mystery & Thriller, Action Thriller",2023.0,6.6,1k,JioHotstar,International,South Korea,,,https://www.justwatch.com/in/movie/ransomed,"['Action & Adventure', 'Comedy', 'Drama', 'Mystery & Thriller', 'Action Thriller']",English (assumed),False,3,False
Predator: Badlands,movie,"Action & Adventure, Mystery & Thriller, Science-Fiction, Invasion",2025.0,7.2,156k,JioHotstar,International,United States,107.0,UA16+,https://www.justwatch.com/in/movie/predator-badlands,"['Action & Adventure', 'Mystery & Thriller', 'Science-Fiction', 'Invasion']",English (assumed),True,2,False
Toy Story 4,movie,"Animation, Comedy, Fantasy, Kids & Family, Pixar, Family Animation",2019.0,7.7,287k,JioHotstar,International,United States,100.0,U,https://www.justwatch.com/in/movie/toy-story-4,"['Animation', 'Comedy', 'Fantasy', 'Kids & Family', 'Pixar', 'Family Animation']",English (assumed),False,2,False
Schindler's List,movie,"Drama, History, War & Military, Biopics, Based On A True Story",1993.0,,,JioHotstar,International,United States,195.0,UA,https://www.justwatch.com/in/movie/schindlers-list,"['Drama', 'History', 'War & Military', 'Biopics', 'Based On A True Story']",English (assumed),False,2,False
Sister Midnight,movie,"Comedy, Drama, Horror, Dramedy",2025.0,5.7,3k,JioHotstar,Indian,"United Kingdom, India, Sweden",107.0,A,https://www.justwatch.com/in/movie/sister-midnight,"['Comedy', 'Drama', 'Horror', 'Dramedy']",Regional Indian (unspecified),True,3,False
Latency,movie,"Action & Adventure, Horror, Mystery & Thriller, Science-Fiction, Action Thriller",2024.0,4.2,3k,JioHotstar,International,"Thailand, United States",94.0,UA16+,https://www.justwatch.com/in/movie/latency,"['Action & Adventure', 'Horror', 'Mystery & Thriller', 'Science-Fiction', 'Action Thriller']",English (assumed),True,3,False
Batman v Superman: Dawn of Justice,movie,"Action & Adventure, Fantasy, Science-Fiction, Superhero",2016.0,6.5,759k,JioHotstar,International,United States,152.0,UA,https://www.justwatch.com/in/movie/batman-v-superman-dawn-of-justice,"['Action & Adventure', 'Fantasy', 'Science-Fiction', 'Superhero']",English (assumed),False,2,False
Deadpool,movie,"Action & Adventure, Comedy, Science-Fiction, Superhero, Action Comedy",2016.0,,,JioHotstar,International,United States,108.0,A,https://www.justwatch.com/in/movie/deadpool,"['Action & Adventure', 'Comedy', 'Science-Fiction', 'Superhero', 'Action Comedy']",English (assumed),False,2,False
21 Grams,movie,"Crime, Drama, Mystery & Thriller, Emotional Drama",2003.0,7.6,252k,JioHotstar,International,United States,124.0,UA,https://www.justwatch.com/in/movie/21-grams,"['Crime', 'Drama', 'Mystery & Thriller', 'Emotional Drama']",English (assumed),False,2,False
R.L. Stine's Pumpkinhead,movie,"Comedy, Fantasy, Horror, Horror Thriller, Monster",2025.0,5.8,1k,JioHotstar,International,Canada,91.0,UA16+,https://www.justwatch.com/in/movie/r-l-stines-pumpkinhead,"['Comedy', 'Fantasy', 'Horror', 'Horror Thriller', 'Monster']",English (assumed),True,3,False
A Woman Called Mother,movie,"Drama, Horror, Paranormal",2025.0,,,JioHotstar,International,Indonesia,,,https://www.justwatch.com/in/movie/a-woman-called-mother,"['Drama', 'Horror', 'Paranormal']",English (assumed),True,2,False
Batman Begins,movie,"Action & Adventure, Crime, Drama, Superhero",2005.0,,,JioHotstar,International,"United Kingdom, United States",140.0,UA,https://www.justwatch.com/in/movie/batman-begins,"['Action & Adventure', 'Crime', 'Drama', 'Superhero']",English (assumed),False,3,False
Bruce Almighty,movie,"Comedy, Fantasy, Modern Fantasy",2003.0,6.8,471k,JioHotstar,International,United States,101.0,UA,https://www.justwatch.com/in/movie/bruce-almighty,"['Comedy', 'Fantasy', 'Modern Fantasy']",English (assumed),False,2,False
The Hangover,movie,"Comedy, Raunchy Comedy",2009.0,7.7,934k,JioHotstar,International,United States,100.0,A,https://www.justwatch.com/in/movie/the-hangover,"['Comedy', 'Raunchy Comedy']",English (assumed),False,3,False
Welcome,movie,"Comedy, Crime, Drama, Romance, RomCom",2007.0,7.2,29k,JioHotstar,Indian,India,150.0,UA,https://www.justwatch.com/in/movie/welcome,"['Comedy', 'Crime', 'Drama', 'Romance', 'RomCom']",Regional Indian (unspecified),False,3,False
The Incredible Hulk,movie,"Action & Adventure, Science-Fiction, Superhero",2008.0,6.6,566k,JioHotstar,International,United States,112.0,UA,https://www.justwatch.com/in/movie/the-incredible-hulk,"['Action & Adventure', 'Science-Fiction', 'Superhero']",English (assumed),False,2,False
Gatta Kusthi,movie,"Comedy, Drama, Romance, Sport, Dramedy",2022.0,6.5,3k,JioHotstar,Indian,India,146.0,UA,https://www.justwatch.com/in/movie/gatta-kusthi,"['Comedy', 'Drama', 'Romance', 'Sport', 'Dramedy']",Regional Indian (unspecified),False,2,False
World War Z,movie,"Action & Adventure, Horror, Science-Fiction, Zombie",2013.0,7.0,786k,JioHotstar,International,United States,116.0,UA,https://www.justwatch.com/in/movie/world-war-z,"['Action & Adventure', 'Horror', 'Science-Fiction', 'Zombie']",English (assumed),False,3,False
Hollow Man,movie,"Action & Adventure, Horror, Mystery & Thriller, Science-Fiction, SciFi Horror",2000.0,5.9,147k,JioHotstar,International,"Germany, United States",113.0,A,https://www.justwatch.com/in/movie/hollow-man,"['Action & Adventure', 'Horror', 'Mystery & Thriller', 'Science-Fiction', 'SciFi Horror']",English (assumed),False,2,False
Vivarium,movie,"Horror, Science-Fiction, Mystery Thriller",2019.0,5.9,92k,JioHotstar,International,"Belgium, Denmark, Ireland, United States",99.0,U,https://www.justwatch.com/in/movie/vivarium,"['Horror', 'Science-Fiction', 'Mystery Thriller']",English (assumed),False,3,False
Fifty Shades Freed,movie,"Drama, Mystery & Thriller, Romance, Romantic Drama",2018.0,4.6,83k,JioHotstar,International,United States,105.0,S,https://www.justwatch.com/in/movie/fifty-shades-freed,"['Drama', 'Mystery & Thriller', 'Romance', 'Romantic Drama']",English (assumed),False,2,False
The Medium,movie,"Drama, Horror, Mystery & Thriller, Horror Thriller",2021.0,6.5,18k,JioHotstar,International,"South Korea, Thailand",131.0,A,https://www.justwatch.com/in/movie/the-medium-2021,"['Drama', 'Horror', 'Mystery & Thriller', 'Horror Thriller']",English (assumed),False,3,False
Jumanji: The Next Level,movie,"Comedy, Fantasy, Action Adventure",2019.0,6.6,320k,JioHotstar,International,United States,123.0,UA,https://www.justwatch.com/in/movie/jumanji-the-next-level,"['Comedy', 'Fantasy', 'Action Adventure']",English (assumed),False,3,False
Ne Zha 2,movie,"Action & Adventure, Animation, Comedy, Drama, Fantasy, Western Animation",2025.0,7.9,24k,JioHotstar,International,China,144.0,UA7+,https://www.justwatch.com/in/movie/ne-zha-2,"['Action & Adventure', 'Animation', 'Comedy', 'Drama', 'Fantasy', 'Western Animation']",English (assumed),True,2,False
Hidden Figures,movie,"Drama, History, Biopics, Based On A True Story",2016.0,7.8,290k,JioHotstar,International,United States,127.0,UA,https://www.justwatch.com/in/movie/hidden-figures,"['Drama', 'History', 'Biopics', 'Based On A True Story']",English (assumed),False,2,False
Mad Max: Fury Road,movie,"Science-Fiction, Post Apocalyptic World, Action Adventure",2015.0,,,JioHotstar,International,"Australia, United States",121.0,A,https://www.justwatch.com/in/movie/mad-max-fury-road,"['Science-Fiction', 'Post Apocalyptic World', 'Action Adventure']",English (assumed),False,3,False
Ready or Not,movie,"Comedy, Horror, Horror Comedy",2019.0,6.9,253k,JioHotstar,International,United States,96.0,A,https://www.justwatch.com/in/movie/ready-or-not-2019,"['Comedy', 'Horror', 'Horror Comedy']",English (assumed),False,2,False
The Boy Next Door,movie,"Mystery & Thriller, Romantic Thriller",2015.0,4.7,48k,JioHotstar,International,United States,91.0,A,https://www.justwatch.com/in/movie/the-boy-next-door,"['Mystery & Thriller', 'Romantic Thriller']",English (assumed),False,2,False
777 Charlie,movie,"Comedy, Drama, Dramedy",2022.0,8.7,47k,JioHotstar,Indian,India,166.0,UA,https://www.justwatch.com/in/movie/777-charlie,"['Comedy', 'Drama', 'Dramedy']",Regional Indian (unspecified),False,3,False
Dolittle,movie,"Action & Adventure, Comedy, Fantasy, Kids & Family, Epic Fantasy",2020.0,5.6,72k,JioHotstar,International,"China, United States",101.0,UA,https://www.justwatch.com/in/movie/the-voyage-of-doctor-dolittle,"['Action & Adventure', 'Comedy', 'Fantasy', 'Kids & Family', 'Epic Fantasy']",English (assumed),False,2,False
Pearl,movie,"Drama, Horror, Mystery & Thriller, Slasher, Horror Thriller",2022.0,7.0,160k,JioHotstar,International,United States,102.0,A,https://www.justwatch.com/in/movie/pearl-2022,"['Drama', 'Horror', 'Mystery & Thriller', 'Slasher', 'Horror Thriller']",English (assumed),False,2,False
Arjun Reddy,movie,"Drama, Romance, Bollywood",2017.0,7.9,30k,JioHotstar,Indian,India,187.0,A,https://www.justwatch.com/in/movie/arjun-reddy,"['Drama', 'Romance', 'Bollywood']",Hindi,False,3,False
Aladdin,movie,"Comedy, Drama, Fantasy, Kids & Family, Romance, Live Action, Fairytale Fantasy",2019.0,6.9,315k,JioHotstar,International,United States,128.0,U,https://www.justwatch.com/in/movie/aladdin-2019,"['Comedy', 'Drama', 'Fantasy', 'Kids & Family', 'Romance', 'Live Action', 'Fairytale Fantasy']",English (assumed),False,2,False
Jurassic Park,movie,"Action & Adventure, Science-Fiction, Invasion",1993.0,,,JioHotstar,International,United States,127.0,UA,https://www.justwatch.com/in/movie/jurassic-park,"['Action & Adventure', 'Science-Fiction', 'Invasion']",English (assumed),False,3,False
Jab We Met,movie,"Comedy, Drama, Romance, Bollywood",2007.0,7.9,65k,JioHotstar,Indian,India,138.0,U,https://www.justwatch.com/in/movie/jab-we-met,"['Comedy', 'Drama', 'Romance', 'Bollywood']",Hindi,False,2,False
Manam,movie,"Comedy, Drama, Fantasy, Kids & Family, Dramedy",2014.0,8.0,13k,JioHotstar,Indian,India,163.0,U,https://www.justwatch.com/in/movie/manam,"['Comedy', 'Drama', 'Fantasy', 'Kids & Family', 'Dramedy']",Regional Indian (unspecified),False,2,False
Scarface,movie,"Action & Adventure, Crime, Drama, Organized Crime",1983.0,,,JioHotstar,International,United States,170.0,A,https://www.justwatch.com/in/movie/scarface,"['Action & Adventure', 'Crime', 'Drama', 'Organized Crime']",English (assumed),False,2,False
Prem Ratan Dhan Payo,movie,"Action & Adventure, Drama, Romance, Bollywood",2015.0,4.4,23k,JioHotstar,Indian,India,163.0,U,https://www.justwatch.com/in/movie/prem-ratan-dhan-payo,"['Action & Adventure', 'Drama', 'Romance', 'Bollywood']",Hindi,False,3,False
In the Blink of an Eye,movie,"Drama, Science-Fiction, Sci-Fi Drama",2026.0,6.1,6k,JioHotstar,International,United States,,,https://www.justwatch.com/in/movie/in-the-blink-of-an-eye,"['Drama', 'Science-Fiction', 'Sci-Fi Drama']",English (assumed),True,2,False
Independence Day,movie,"Action & Adventure, Science-Fiction, Invasion, End of the World",1996.0,7.0,648k,JioHotstar,International,United States,145.0,UA,https://www.justwatch.com/in/movie/independence-day,"['Action & Adventure', 'Science-Fiction', 'Invasion', 'End of the World']",English (assumed),False,2,False
The Exorcism of Emily Rose,movie,"Crime, Drama, Horror, Mystery & Thriller, Horror Thriller",2005.0,6.7,149k,JioHotstar,International,United States,122.0,A,https://www.justwatch.com/in/movie/the-exorcism-of-emily-rose,"['Crime', 'Drama', 'Horror', 'Mystery & Thriller', 'Horror Thriller']",English (assumed),False,2,False
The Dark Knight Rises,movie,"Action & Adventure, Crime, Drama, Mystery & Thriller, Superhero",2012.0,,,JioHotstar,International,"United Kingdom, United States",165.0,UA,https://www.justwatch.com/in/movie/the-dark-knight-rises,"['Action & Adventure', 'Crime', 'Drama', 'Mystery & Thriller', 'Superhero']",English (assumed),False,3,False
Don Jon,movie,"Comedy, Drama, Romance, RomCom",2013.0,6.5,255k,JioHotstar,International,United States,90.0,UA,https://www.justwatch.com/in/movie/don-jon,"['Comedy', 'Drama', 'Romance', 'RomCom']",English (assumed),False,2,False
The Batman,movie,"Action & Adventure, Crime, Drama, Mystery & Thriller, Superhero",2022.0,7.8,933k,JioHotstar,International,United States,177.0,UA,https://www.justwatch.com/in/movie/the-batman,"['Action & Adventure', 'Crime', 'Drama', 'Mystery & Thriller', 'Superhero']",English (assumed),False,2,False
Iron Man 3,movie,"Action & Adventure, Science-Fiction, Superhero",2013.0,7.1,969k,JioHotstar,International,United States,130.0,UA,https://www.justwatch.com/in/movie/iron-man-3,"['Action & Adventure', 'Science-Fiction', 'Superhero']",English (assumed),False,2,False
Nocturnal Animals,movie,"Drama, Psychological Drama, Mystery Thriller",2016.0,7.5,317k,JioHotstar,International,"China, United Kingdom, United States",116.0,UA13+,https://www.justwatch.com/in/movie/nocturnal-animals,"['Drama', 'Psychological Drama', 'Mystery Thriller']",English (assumed),False,2,False
Limitless,movie,"Mystery & Thriller, Science-Fiction, Cerebral, Cyberpunk, Action Thriller",2011.0,7.4,650k,JioHotstar,International,United States,106.0,A,https://www.justwatch.com/in/movie/limitless,"['Mystery & Thriller', 'Science-Fiction', 'Cerebral', 'Cyberpunk', 'Action Thriller']",English (assumed),False,2,False
Back to the Future,movie,"Action & Adventure, Comedy, Science-Fiction, Sci-Fi Comedy",1985.0,,,JioHotstar,International,United States,116.0,U,https://www.justwatch.com/in/movie/back-to-the-future,"['Action & Adventure', 'Comedy', 'Science-Fiction', 'Sci-Fi Comedy']",English (assumed),False,2,False
Ek Vivaah... Aisa Bhi,movie,"Drama, Romance, Bollywood",2008.0,,,JioHotstar,Indian,India,126.0,U,https://www.justwatch.com/in/movie/ek-vivaah-aisa-bhi,"['Drama', 'Romance', 'Bollywood']",Hindi,False,2,False
Moana,movie,"Action & Adventure, Animation, Comedy, Fantasy, Kids & Family, Animated Musical",2016.0,7.6,443k,JioHotstar,International,United States,107.0,U,https://www.justwatch.com/in/movie/moana,"['Action & Adventure', 'Animation', 'Comedy', 'Fantasy', 'Kids & Family', 'Animated Musical']",English (assumed),False,2,False
Sarvam Maya,movie,"Comedy, Fantasy, Horror, Kids & Family, Horror Comedy",2025.0,7.7,10k,JioHotstar,Indian,India,146.0,U,https://www.justwatch.com/in/movie/sarvam-maya,"['Comedy', 'Fantasy', 'Horror', 'Kids & Family', 'Horror Comedy']",Regional Indian (unspecified),True,2,False
Nobody,movie,"Action & Adventure, Crime, Drama, Mystery & Thriller, Action Thriller",2021.0,7.4,396k,JioHotstar,International,United States,91.0,A,https://www.justwatch.com/in/movie/nobody,"['Action & Adventure', 'Crime', 'Drama', 'Mystery & Thriller', 'Action Thriller']",English (assumed),False,2,False
Arjun S/O Vyjayanthi,movie,"Action & Adventure, Crime, Drama, Mystery & Thriller, Action Thriller",2025.0,,,JioHotstar,Indian,India,142.0,UA,https://www.justwatch.com/in/movie/nkr21,"['Action & Adventure', 'Crime', 'Drama', 'Mystery & Thriller', 'Action Thriller']",Regional Indian (unspecified),True,2,False
The Legend of Ochi,movie,"Fantasy, Kids & Family, Action Adventure",2025.0,5.8,9k,JioHotstar,International,"Finland, United States",,,https://www.justwatch.com/in/movie/the-legend-of-ochi,"['Fantasy', 'Kids & Family', 'Action Adventure']",English (assumed),True,2,False
MaXXXine,movie,"Crime, Horror, Mystery & Thriller, Horror Thriller",2024.0,6.2,88k,JioHotstar,International,United States,103.0,A,https://www.justwatch.com/in/movie/maxxxine,"['Crime', 'Horror', 'Mystery & Thriller', 'Horror Thriller']",English (assumed),True,2,False
Finding Nemo,movie,"Action & Adventure, Animation, Comedy, Kids & Family, Pixar, Family Animation",2003.0,,,JioHotstar,International,United States,100.0,U,https://www.justwatch.com/in/movie/finding-nemo,"['Action & Adventure', 'Animation', 'Comedy', 'Kids & Family', 'Pixar', 'Family Animation']",English (assumed),False,2,False
Venom: Let There Be Carnage,movie,"Action & Adventure, Crime, Fantasy, Horror, Mystery & Thriller, Science-Fiction, No Superhero, Superhero",2021.0,5.9,305k,JioHotstar,International,United States,97.0,UA,https://www.justwatch.com/in/movie/venom-let-there-be-carnage,"['Action & Adventure', 'Crime', 'Fantasy', 'Horror', 'Mystery & Thriller', 'Science-Fiction', 'No Superhero', 'Superhero']",English (assumed),False,3,False
"Crazy, Stupid, Love.",movie,"Comedy, Drama, Romance, RomCom, Chick Flicks",2011.0,7.4,622k,JioHotstar,International,United States,118.0,A,https://www.justwatch.com/in/movie/crazy-stupid-love,"['Comedy', 'Drama', 'Romance', 'RomCom', 'Chick Flicks']",English (assumed),False,2,False
The Super Mario Bros. Movie,movie,"Action & Adventure, Animation, Comedy, Fantasy, Kids & Family, Family Animation",2023.0,7.0,248k,JioHotstar,International,"Japan, United States",92.0,U,https://www.justwatch.com/in/movie/super-mario-bros-the-movie,"['Action & Adventure', 'Animation', 'Comedy', 'Fantasy', 'Kids & Family', 'Family Animation']",English (assumed),False,2,False
Gaami,movie,"Action & Adventure, Drama, Fantasy, Mystery & Thriller, Science-Fiction, Emotional Drama",2024.0,6.3,2k,JioHotstar,Indian,India,147.0,A,https://www.justwatch.com/in/movie/gaami,"['Action & Adventure', 'Drama', 'Fantasy', 'Mystery & Thriller', 'Science-Fiction', 'Emotional Drama']",Regional Indian (unspecified),True,2,False
The Descent,movie,"Action & Adventure, Horror, Mystery & Thriller, Monster",2005.0,7.2,273k,JioHotstar,International,United Kingdom,100.0,A,https://www.justwatch.com/in/movie/the-descent,"['Action & Adventure', 'Horror', 'Mystery & Thriller', 'Monster']",English (assumed),False,2,False
Yesterday,movie,"Comedy, Fantasy, Music & Musical, Romance, Chick Flicks",2019.0,6.8,185k,JioHotstar,International,"United Kingdom, United States",116.0,UA,https://www.justwatch.com/in/movie/yesterday,"['Comedy', 'Fantasy', 'Music & Musical', 'Romance', 'Chick Flicks']",English (assumed),False,2,False
Immaculate,movie,"Horror, Mystery & Thriller, Horror Thriller",2024.0,5.8,61k,JioHotstar,International,United States,89.0,A,https://www.justwatch.com/in/movie/immaculate-2024,"['Horror', 'Mystery & Thriller', 'Horror Thriller']",English (assumed),True,2,False
The Intern,movie,"Comedy, Drama, RomCom, Dramedy",2015.0,7.1,311k,JioHotstar,International,United States,121.0,UA,https://www.justwatch.com/in/movie/the-intern,"['Comedy', 'Drama', 'RomCom', 'Dramedy']",English (assumed),False,2,False
Love Aaj Kal,movie,"Comedy, Drama, Romance, Bollywood",2009.0,6.8,18k,JioHotstar,Indian,India,128.0,UA,https://www.justwatch.com/in/movie/love-aaj-kal-2020,"['Comedy', 'Drama', 'Romance', 'Bollywood']",Hindi,False,2,False
Manjummel Boys,movie,"Action & Adventure, Drama, Mystery & Thriller, Dramedy",2024.0,8.2,34k,JioHotstar,Indian,India,135.0,UA,https://www.justwatch.com/in/movie/manjummel-boys,"['Action & Adventure', 'Drama', 'Mystery & Thriller', 'Dramedy']",Regional Indian (unspecified),True,2,False
Django Unchained,movie,"Comedy, Drama, Western, Revenge Western, Epic Western",2012.0,,,JioHotstar,International,United States,165.0,A,https://www.justwatch.com/in/movie/django-unchained,"['Comedy', 'Drama', 'Western', 'Revenge Western', 'Epic Western']",English (assumed),False,2,False
Venom,movie,"Action & Adventure, Science-Fiction, No Superhero, Superhero",2018.0,6.6,608k,JioHotstar,International,"China, United States",112.0,UA,https://www.justwatch.com/in/movie/venom-2018,"['Action & Adventure', 'Science-Fiction', 'No Superhero', 'Superhero']",English (assumed),False,3,False
Mersal,movie,"Action & Adventure, Crime, Fantasy, Mystery & Thriller, Bollywood",2017.0,7.5,42k,JioHotstar,Indian,India,161.0,UA,https://www.justwatch.com/in/movie/mersal,"['Action & Adventure', 'Crime', 'Fantasy', 'Mystery & Thriller', 'Bollywood']",Hindi,False,2,False
Mark,movie,"Mystery & Thriller, Action Thriller",2025.0,,,JioHotstar,Indian,India,144.0,UA16+,https://www.justwatch.com/in/movie/mark-2025,"['Mystery & Thriller', 'Action Thriller']",Regional Indian (unspecified),True,2,False
Vikram,movie,"Action & Adventure, Crime, Drama, Mystery & Thriller, Action Thriller",2022.0,8.3,89k,JioHotstar,Indian,India,174.0,UA,https://www.justwatch.com/in/movie/vikram-2021,"['Action & Adventure', 'Crime', 'Drama', 'Mystery & Thriller', 'Action Thriller']",Regional Indian (unspecified),False,2,False
Heaven,movie,"Crime, Mystery & Thriller, Bollywood",2022.0,6.5,2k,JioHotstar,Indian,India,130.0,U,https://www.justwatch.com/in/movie/heaven-2022,"['Crime', 'Mystery & Thriller', 'Bollywood']",Hindi,False,2,False
The Karate Kid,movie,"Action & Adventure, Drama, Kids & Family, Sport, Martial Art",2010.0,6.3,227k,JioHotstar,International,"China, Hong Kong, United States",140.0,U,https://www.justwatch.com/in/movie/the-karate-kid,"['Action & Adventure', 'Drama', 'Kids & Family', 'Sport', 'Martial Art']",English (assumed),False,3,False
Eleven,movie,"Crime, Mystery Thriller",2025.0,7.4,12k,JioHotstar,Indian,India,135.0,UA,https://www.justwatch.com/in/movie/eleven-2025,"['Crime', 'Mystery Thriller']",Regional Indian (unspecified),True,2,False
Zebra,movie,"Action & Adventure, Crime, Mystery & Thriller, Bollywood, Action Thriller",2024.0,7.1,3k,JioHotstar,Indian,India,164.0,UA13+,https://www.justwatch.com/in/movie/zebra,"['Action & Adventure', 'Crime', 'Mystery & Thriller', 'Bollywood', 'Action Thriller']",Hindi,True,2,False
Pitch Perfect,movie,"Comedy, Music & Musical, Romance, Female Comedy, Chick Flicks",2012.0,7.1,351k,JioHotstar,International,United States,112.0,U,https://www.justwatch.com/in/movie/pitch-perfect,"['Comedy', 'Music & Musical', 'Romance', 'Female Comedy', 'Chick Flicks']",English (assumed),False,2,False
Life of Pi,movie,"Drama, Fantasy, Action Adventure",2012.0,7.9,701k,JioHotstar,International,United States,127.0,U,https://www.justwatch.com/in/movie/life-of-pi,"['Drama', 'Fantasy', 'Action Adventure']",English (assumed),False,2,False
Jurassic World Dominion,movie,"Mystery & Thriller, Science-Fiction, Invasion, Action Adventure",2022.0,5.6,247k,JioHotstar,International,United States,147.0,UA,https://www.justwatch.com/in/movie/jurassic-world-dominion,"['Mystery & Thriller', 'Science-Fiction', 'Invasion', 'Action Adventure']",English (assumed),False,2,False
Play Dead,movie,"Horror, Mystery & Thriller, Horror Thriller",2022.0,5.2,5k,JioHotstar,International,United States,106.0,A,https://www.justwatch.com/in/movie/play-dead-2022,"['Horror', 'Mystery & Thriller', 'Horror Thriller']",English (assumed),False,2,False
The Day of the Jackal,movie,"Action & Adventure, Crime, Drama, Mystery & Thriller, Organized Crime",1973.0,7.8,53k,JioHotstar,International,"France, United Kingdom",143.0,A,https://www.justwatch.com/in/movie/the-day-of-the-jackal,"['Action & Adventure', 'Crime', 'Drama', 'Mystery & Thriller', 'Organized Crime']",English (assumed),False,2,False
The Conjuring 2,movie,"Horror, Mystery & Thriller, Paranormal",2016.0,7.3,344k,JioHotstar,International,United States,134.0,A,https://www.justwatch.com/in/movie/the-conjuring-2,"['Horror', 'Mystery & Thriller', 'Paranormal']",English (assumed),False,2,False
Minions: The Rise of Gru,movie,"Animation, Comedy, Crime, Kids & Family, Science-Fiction, Family Animation",2022.0,6.5,92k,JioHotstar,International,United States,87.0,U,https://www.justwatch.com/in/movie/minions-the-rise-of-gru,"['Animation', 'Comedy', 'Crime', 'Kids & Family', 'Science-Fiction', 'Family Animation']",English (assumed),False,2,False
Zwigato,movie,"Drama, Emotional Drama, Bollywood",2023.0,6.6,11k,JioHotstar,Indian,India,106.0,U,https://www.justwatch.com/in/movie/zwigato,"['Drama', 'Emotional Drama', 'Bollywood']",Hindi,False,2,False
Lipstick Under My Burkha,movie,"Comedy, Drama, Bollywood",2017.0,6.8,7k,JioHotstar,Indian,India,116.0,A,https://www.justwatch.com/in/movie/lipstick-under-my-burkha,"['Comedy', 'Drama', 'Bollywood']",Hindi,False,2,False
Su from So,movie,"Comedy, Horror, Horror Comedy",2025.0,7.6,7k,JioHotstar,Indian,India,135.0,UA13+,https://www.justwatch.com/in/movie/su-from-so,"['Comedy', 'Horror', 'Horror Comedy']",Regional Indian (unspecified),True,2,False
"Silent Night, Deadly Night",movie,"Horror, Mystery & Thriller, Horror Thriller",2025.0,6.1,7k,JioHotstar,International,"Canada, France, United States",96.0,A,https://www.justwatch.com/in/movie/silent-night-deadly-night-0,"['Horror', 'Mystery & Thriller', 'Horror Thriller']",English (assumed),True,2,False
Splitsville,movie,"Comedy, Raunchy Comedy",2025.0,6.4,16k,JioHotstar,International,United States,105.0,UA16+,https://www.justwatch.com/in/movie/splitsville,"['Comedy', 'Raunchy Comedy']",English (assumed),True,2,False
The Fast and the Furious,movie,"Action & Adventure, Crime, Mystery & Thriller, Heist",2001.0,6.8,459k,JioHotstar,International,"Germany, United States",106.0,A,https://www.justwatch.com/in/movie/the-fast-and-the-furious,"['Action & Adventure', 'Crime', 'Mystery & Thriller', 'Heist']",English (assumed),False,2,False
Uncharted,movie,"Mystery & Thriller, Video Game, Action Adventure",2022.0,6.3,301k,JioHotstar,International,United States,116.0,UA,https://www.justwatch.com/in/movie/uncharted,"['Mystery & Thriller', 'Video Game', 'Action Adventure']",English (assumed),False,3,False
Bhoothakkannadi,movie,Drama,1997.0,,,JioHotstar,Indian,India,110.0,U,https://www.justwatch.com/in/movie/bhoothakkannadi,['Drama'],Regional Indian (unspecified),False,2,False
Dog 51,movie,"Crime, Mystery & Thriller, Science-Fiction, Cyberpunk",2025.0,5.8,2k,JioHotstar,International,"Belgium, France",,,https://www.justwatch.com/in/movie/chien-51-2025,"['Crime', 'Mystery & Thriller', 'Science-Fiction', 'Cyberpunk']",English (assumed),True,2,False
Avengers: Age of Ultron,movie,"Action & Adventure, Science-Fiction, Superhero",2015.0,,,JioHotstar,International,United States,141.0,U,https://www.justwatch.com/in/movie/avengers-age-of-ultron,"['Action & Adventure', 'Science-Fiction', 'Superhero']",English (assumed),False,2,False
Forrest Gump,movie,"Comedy, Drama, Romance, Dramedy, Romantic Drama",1994.0,,,JioHotstar,International,United States,142.0,UA,https://www.justwatch.com/in/movie/forrest-gump,"['Comedy', 'Drama', 'Romance', 'Dramedy', 'Romantic Drama']",English (assumed),False,2,False
Paan Singh Tomar,movie,"Action & Adventure, Crime, Drama, Mystery & Thriller, Sport, Bollywood",2012.0,8.2,40k,JioHotstar,Indian,India,135.0,UA,https://www.justwatch.com/in/movie/paan-singh-tomar,"['Action & Adventure', 'Crime', 'Drama', 'Mystery & Thriller', 'Sport', 'Bollywood']",Hindi,False,2,False
The Big Lebowski,movie,"Comedy, Crime",1998.0,8.1,918k,JioHotstar,International,"United Kingdom, United States",117.0,UA,https://www.justwatch.com/in/movie/the-big-lebowski,"['Comedy', 'Crime']",English (assumed),False,2,False
Fifty Shades Darker,movie,"Drama, Mystery & Thriller, Romance, Romantic Drama",2017.0,4.6,114k,JioHotstar,International,United States,118.0,A,https://www.justwatch.com/in/movie/fifty-shades-darker,"['Drama', 'Mystery & Thriller', 'Romance', 'Romantic Drama']",English (assumed),False,2,False
Born on the Fourth of July,movie,"Drama, War & Military, War Drama",1989.0,7.2,124k,JioHotstar,International,United States,145.0,A,https://www.justwatch.com/in/movie/born-on-the-fourth-of-july,"['Drama', 'War & Military', 'War Drama']",English (assumed),False,2,False
Happy Gilmore,movie,"Comedy, Sport, Sport Comedy",1996.0,7.0,308k,JioHotstar,International,United States,92.0,U,https://www.justwatch.com/in/movie/happy-gilmore,"['Comedy', 'Sport', 'Sport Comedy']",English (assumed),False,2,False
xXx,movie,"Action & Adventure, Crime, Drama, Mystery & Thriller, Action Thriller",2002.0,5.9,194k,JioHotstar,International,United States,124.0,UA,https://www.justwatch.com/in/movie/xxx,"['Action & Adventure', 'Crime', 'Drama', 'Mystery & Thriller', 'Action Thriller']",English (assumed),False,2,False
The Lord of the Rings: The Return of the King,movie,"Action & Adventure, Drama, Fantasy, Epic Fantasy",2003.0,,,JioHotstar,International,"New Zealand, United States",201.0,UA,https://www.justwatch.com/in/movie/the-lord-of-the-rings-the-return-of-the-king,"['Action & Adventure', 'Drama', 'Fantasy', 'Epic Fantasy']",English (assumed),False,2,False
24,movie,"Action & Adventure, Drama, Mystery & Thriller, Science-Fiction, Bollywood",2016.0,7.9,26k,JioHotstar,Indian,India,164.0,U,https://www.justwatch.com/in/movie/24,"['Action & Adventure', 'Drama', 'Mystery & Thriller', 'Science-Fiction', 'Bollywood']",Hindi,False,2,False
Eesha,movie,"Horror, Mystery & Thriller, Horror Thriller, Like, Dislike, Watchlist, Seen, Sign in, to sync Watchlist",2025.0,8.3,1k,JioHotstar,Indian,India,135.0,A,https://www.justwatch.com/in/movie/eesha-2025,"['Horror', 'Mystery & Thriller', 'Horror Thriller', 'Like', 'Dislike', 'Watchlist', 'Seen', 'Sign in', 'to sync Watchlist']",Regional Indian (unspecified),True,2,False
Dracula: A Love Tale,movie,"Fantasy, Horror, Romance, Dark Fantasy",2025.0,6.2,39k,JioHotstar,International,France,,,https://www.justwatch.com/in/movie/dracula-a-love-tale,"['Fantasy', 'Horror', 'Romance', 'Dark Fantasy']",English (assumed),True,2,False
Rental Family,movie,"Comedy, Drama, Dramedy",2025.0,7.6,59k,JioHotstar,International,United States,,,https://www.justwatch.com/in/movie/rental-family,"['Comedy', 'Drama', 'Dramedy']",English (assumed),True,2,False
Color Out of Space,movie,"Horror, Mystery & Thriller, Science-Fiction, SciFi Horror",2020.0,6.1,65k,JioHotstar,International,"Malaysia, Portugal, United States",111.0,UA,https://www.justwatch.com/in/movie/color-out-of-space,"['Horror', 'Mystery & Thriller', 'Science-Fiction', 'SciFi Horror']",English (assumed),False,2,False
Thudarum,movie,"Action & Adventure, Drama, Mystery & Thriller, Bollywood",2025.0,7.5,14k,JioHotstar,Indian,India,163.0,UA16+,https://www.justwatch.com/in/movie/thudarum,"['Action & Adventure', 'Drama', 'Mystery & Thriller', 'Bollywood']",Hindi,True,2,False
Housefull 4,movie,"Action & Adventure, Comedy, Drama, Fantasy, Romance, Bollywood",2019.0,3.7,16k,JioHotstar,Indian,India,145.0,UA,https://www.justwatch.com/in/movie/housefull-4,"['Action & Adventure', 'Comedy', 'Drama', 'Fantasy', 'Romance', 'Bollywood']",Hindi,False,2,False
Transformers,movie,"Action & Adventure, Science-Fiction, Invasion",2007.0,7.1,720k,JioHotstar,International,United States,144.0,UA,https://www.justwatch.com/in/movie/transformers,"['Action & Adventure', 'Science-Fiction', 'Invasion']",English (assumed),False,2,False
Top Gun,movie,"Drama, Romance, Action Adventure",1986.0,7.0,555k,JioHotstar,International,United States,110.0,U,https://www.justwatch.com/in/movie/vesper,"['Drama', 'Romance', 'Action Adventure']",English (assumed),False,2,False
The Bad Guys: Reign of Chaos,movie,"Action & Adventure, Crime, Mystery & Thriller, Action Thriller",2019.0,6.2,3k,JioHotstar,International,South Korea,114.0,UA,https://www.justwatch.com/in/movie/the-bad-guys-reign-of-chaos,"['Action & Adventure', 'Crime', 'Mystery & Thriller', 'Action Thriller']",English (assumed),False,2,False
Pritam Pedro,show,"Comedy, Crime, Drama, Mystery & Thriller",2026.0,8.0,5k,JioHotstar,Indian,India,,,https://www.justwatch.com/in/tv-show/pritam-pedro,"['Comedy', 'Crime', 'Drama', 'Mystery & Thriller']",Regional Indian (unspecified),True,2,False
House of the Dragon,show,"Action & Adventure, Drama, Fantasy, Romance, Science-Fiction",2022.0,8.3,535k,JioHotstar,International,United States,61.0,A,https://www.justwatch.com/in/tv-show/house-of-the-dragon,"['Action & Adventure', 'Drama', 'Fantasy', 'Romance', 'Science-Fiction']",English (assumed),False,2,False
Game of Thrones,show,"Action & Adventure, Drama, Fantasy, Science-Fiction, Epic Fantasy, Epic",2011.0,,,JioHotstar,International,United States,58.0,A,https://www.justwatch.com/in/tv-show/game-of-thrones,"['Action & Adventure', 'Drama', 'Fantasy', 'Science-Fiction', 'Epic Fantasy', 'Epic']",English (assumed),False,2,False
Bigg Boss,show,"Kids & Family, Reality TV",2006.0,3.6,4k,JioHotstar,Indian,India,73.0,UA16+,https://www.justwatch.com/in/tv-show/bigg-boss,"['Kids & Family', 'Reality TV']",Regional Indian (unspecified),False,2,False
Resort,show,"Comedy, Drama",2026.0,,,JioHotstar,Indian,India,22.0,UA16+,https://www.justwatch.com/in/tv-show/resort,"['Comedy', 'Drama']",Regional Indian (unspecified),True,2,False
Euphoria,show,"Drama, Young Adult Drama",2019.0,8.1,315k,JioHotstar,International,United States,61.0,A,https://www.justwatch.com/in/tv-show/euphoria,"['Drama', 'Young Adult Drama']",English (assumed),False,2,False
Kaisi Yeh Yaariyan,show,"Comedy, Drama, Romance, Bollywood",2014.0,8.0,2k,JioHotstar,Indian,India,22.0,UA13+,https://www.justwatch.com/in/tv-show/kaisi-yeh-yaariaan,"['Comedy', 'Drama', 'Romance', 'Bollywood']",Hindi,False,2,False
Avatar: The Last Airbender,show,"Action & Adventure, Animation, Fantasy, Kids & Family, Science-Fiction, Western Animation",2005.0,9.3,445k,JioHotstar,International,United States,24.0,U,https://www.justwatch.com/in/tv-show/avatar-the-last-airbender-2005,"['Action & Adventure', 'Animation', 'Fantasy', 'Kids & Family', 'Science-Fiction', 'Western Animation']",English (assumed),False,2,False
Jujutsu Kaisen,show,"Action & Adventure, Animation, Fantasy, Mystery & Thriller, Science-Fiction, Classic Japanese Anime",2020.0,8.5,211k,JioHotstar,International,"Japan, United States",24.0,UA16+,https://www.justwatch.com/in/tv-show/jujutsu-kaisen,"['Action & Adventure', 'Animation', 'Fantasy', 'Mystery & Thriller', 'Science-Fiction', 'Classic Japanese Anime']",English (assumed),False,4,False
Asur: Welcome to Your Dark Side,show,"Crime, Drama, Mystery & Thriller",2020.0,8.5,71k,JioHotstar,Indian,India,47.0,A,https://www.justwatch.com/in/tv-show/asur,"['Crime', 'Drama', 'Mystery & Thriller']",Regional Indian (unspecified),False,2,False
Thukra Ke Mera Pyaar,show,"Drama, Romance, Bollywood, Romantic Drama",2024.0,6.5,3k,JioHotstar,Indian,India,23.0,UA16+,https://www.justwatch.com/in/tv-show/thukra-ke-mera-pyaar,"['Drama', 'Romance', 'Bollywood', 'Romantic Drama']",Hindi,True,2,False
Classroom of the Elite,show,"Animation, Drama, Mystery & Thriller, Classic Japanese Anime",2017.0,7.7,25k,JioHotstar,International,Japan,23.0,UA16+,https://www.justwatch.com/in/tv-show/classroom-of-the-elite,"['Animation', 'Drama', 'Mystery & Thriller', 'Classic Japanese Anime']",English (assumed),False,4,False
Friends,show,"Comedy, Romance, Sitcoms",1994.0,,,JioHotstar,International,United States,23.0,UA13+,https://www.justwatch.com/in/tv-show/friends,"['Comedy', 'Romance', 'Sitcoms']",English (assumed),False,2,False
24,show,"Action & Adventure, Crime, Drama, Mystery & Thriller, Bollywood",2013.0,8.0,3k,JioHotstar,Indian,India,44.0,UA,https://www.justwatch.com/in/tv-show/24-india,"['Action & Adventure', 'Crime', 'Drama', 'Mystery & Thriller', 'Bollywood']",Hindi,False,2,False
A Knight of the Seven Kingdoms,show,"Action & Adventure, Drama, Fantasy, Science-Fiction, Epic Fantasy",2026.0,8.6,256k,JioHotstar,International,United States,,,https://www.justwatch.com/in/tv-show/a-knight-of-the-seven-kingdoms-the-hedge-knight,"['Action & Adventure', 'Drama', 'Fantasy', 'Science-Fiction', 'Epic Fantasy']",English (assumed),True,2,False
The Agency,show,"Drama, Mystery Thriller",2024.0,7.4,29k,JioHotstar,International,"France, United States",,,https://www.justwatch.com/in/tv-show/the-agency,"['Drama', 'Mystery Thriller']",English (assumed),True,2,False
Kimetsu no Yaiba,show,"Action & Adventure, Animation, Fantasy, Mystery & Thriller, Science-Fiction, Classic Japanese Anime",2019.0,8.6,229k,JioHotstar,International,Japan,26.0,A,https://www.justwatch.com/in/tv-show/demon-slayer-kimetsu-no-yaiba,"['Action & Adventure', 'Animation', 'Fantasy', 'Mystery & Thriller', 'Science-Fiction', 'Classic Japanese Anime']",English (assumed),False,4,False
MTV Splitsvilla,show,"Romance, Reality TV",2008.0,3.8,1k,JioHotstar,Indian,India,52.0,U,https://www.justwatch.com/in/tv-show/mtv-splitsvilla,"['Romance', 'Reality TV']",Regional Indian (unspecified),False,2,False
The Bear,show,"Comedy, Drama, Psychological Drama, Dramedy",2022.0,8.5,311k,JioHotstar,International,United States,35.0,A,https://www.justwatch.com/in/tv-show/the-bear,"['Comedy', 'Drama', 'Psychological Drama', 'Dramedy']",English (assumed),False,2,False
Prison Break,show,"Action & Adventure, Crime, Drama, Mystery & Thriller, Made in Europe, Dark Crime, Action Thriller",2005.0,8.3,594k,JioHotstar,International,United States,49.0,U,https://www.justwatch.com/in/tv-show/prison-break,"['Action & Adventure', 'Crime', 'Drama', 'Mystery & Thriller', 'Made in Europe', 'Dark Crime', 'Action Thriller']",English (assumed),False,2,False
Mushoku Tensei: Jobless Reincarnation,show,"Action & Adventure, Animation, Drama, Fantasy, Science-Fiction, Classic Japanese Anime",2021.0,8.2,39k,JioHotstar,International,Japan,24.0,UA16+,https://www.justwatch.com/in/tv-show/mushoku-tensei-jobless-reincarnation,"['Action & Adventure', 'Animation', 'Drama', 'Fantasy', 'Science-Fiction', 'Classic Japanese Anime']",English (assumed),False,4,False
Dutton Ranch,show,"Drama, Western, Epic Western",2026.0,8.4,10k,JioHotstar,International,United States,,,https://www.justwatch.com/in/tv-show/dutton-ranch,"['Drama', 'Western', 'Epic Western']",English (assumed),True,2,False
A Shop for Killers,show,"Action & Adventure, Drama, Action Thriller, Mystery Thriller",2024.0,8.0,10k,JioHotstar,International,South Korea,,,https://www.justwatch.com/in/tv-show/a-shop-for-killers,"['Action & Adventure', 'Drama', 'Action Thriller', 'Mystery Thriller']",English (assumed),True,2,False
Laughter Chefs Unlimited Entertainment,show,"Comedy, Kids & Family, Reality TV, Bollywood",2024.0,8.4,1k,JioHotstar,Indian,India,,,https://www.justwatch.com/in/tv-show/laughter-chefs-unlimited-entertainment,"['Comedy', 'Kids & Family', 'Reality TV', 'Bollywood']",Hindi,True,2,False
The Vampire Diaries,show,"Drama, Fantasy, Horror, Mystery & Thriller, Romance, Science-Fiction, Young Adult Drama, Modern Fantasy",2009.0,7.7,384k,JioHotstar,International,United States,42.0,U,https://www.justwatch.com/in/tv-show/the-vampire-diaries,"['Drama', 'Fantasy', 'Horror', 'Mystery & Thriller', 'Romance', 'Science-Fiction', 'Young Adult Drama', 'Modern Fantasy']",English (assumed),False,3,False
Shin Chan,show,"Action & Adventure, Animation, Comedy, Classic Japanese Anime",1992.0,,,JioHotstar,International,Japan,19.0,U,https://www.justwatch.com/in/tv-show/crayon-shin-chan,"['Action & Adventure', 'Animation', 'Comedy', 'Classic Japanese Anime']",English (assumed),False,2,False
Suits,show,"Comedy, Drama, Courtroom, Dramedy",2011.0,8.4,542k,JioHotstar,International,United States,44.0,UA13+,https://www.justwatch.com/in/tv-show/suits,"['Comedy', 'Drama', 'Courtroom', 'Dramedy']",English (assumed),False,3,False
The Day of the Jackal,show,"Crime, Drama, Mystery & Thriller, Action Adventure",2024.0,8.1,133k,JioHotstar,International,"United Kingdom, United States",,,https://www.justwatch.com/in/tv-show/the-day-of-the-jackal,"['Crime', 'Drama', 'Mystery & Thriller', 'Action Adventure']",English (assumed),True,2,False
Chernobyl,show,"Drama, History, Mystery & Thriller, Based On A True Story",2019.0,,,JioHotstar,International,United States,65.0,UA16+,https://www.justwatch.com/in/tv-show/chernobyl,"['Drama', 'History', 'Mystery & Thriller', 'Based On A True Story']",English (assumed),False,2,False
Perfect Crown,show,"Comedy, Drama, Romance",2026.0,7.9,4k,JioHotstar,International,South Korea,71.0,UA16+,https://www.justwatch.com/in/tv-show/perfect-crown,"['Comedy', 'Drama', 'Romance']",English (assumed),True,2,False
True Detective,show,"Crime, Drama, Mystery & Thriller, Dark Crime, Detective Crime",2014.0,8.8,759k,JioHotstar,International,United States,61.0,U,https://www.justwatch.com/in/tv-show/true-detective,"['Crime', 'Drama', 'Mystery & Thriller', 'Dark Crime', 'Detective Crime']",English (assumed),False,2,False
Naagin,show,"Action & Adventure, Drama, Fantasy, Romance, Science-Fiction, Bollywood",2015.0,3.8,4k,JioHotstar,Indian,India,43.0,UA13+,https://www.justwatch.com/in/tv-show/naagin,"['Action & Adventure', 'Drama', 'Fantasy', 'Romance', 'Science-Fiction', 'Bollywood']",Hindi,False,2,False
Tensei Shitara Suraimu Datta Ken,show,"Action & Adventure, Animation, Comedy, Fantasy, Science-Fiction, Classic Japanese Anime",2018.0,8.0,25k,JioHotstar,International,Japan,24.0,UA16+,https://www.justwatch.com/in/tv-show/that-time-i-got-reincarnated-as-a-slime,"['Action & Adventure', 'Animation', 'Comedy', 'Fantasy', 'Science-Fiction', 'Classic Japanese Anime']",English (assumed),False,4,False
Modern Family,show,"Comedy, Drama, Romance, Sitcoms",2009.0,8.5,541k,JioHotstar,International,United States,21.0,UA13+,https://www.justwatch.com/in/tv-show/modern-family,"['Comedy', 'Drama', 'Romance', 'Sitcoms']",English (assumed),False,2,False
Law & Order: Special Victims Unit,show,"Crime, Drama, Mystery & Thriller, Detective Crime",1999.0,8.1,145k,JioHotstar,International,United States,45.0,UA16+,https://www.justwatch.com/in/tv-show/law-and-order-special-victims-unit,"['Crime', 'Drama', 'Mystery & Thriller', 'Detective Crime']",English (assumed),False,2,False
Yellowstone,show,"Drama, Western, Period Drama",2018.0,8.6,314k,JioHotstar,International,United States,51.0,A,https://www.justwatch.com/in/tv-show/yellowstone,"['Drama', 'Western', 'Period Drama']",English (assumed),False,2,False
Inspector Avinash,show,"Action & Adventure, Crime, Mystery & Thriller, Action Thriller",2023.0,7.6,17k,JioHotstar,Indian,India,40.0,A,https://www.justwatch.com/in/tv-show/inspector-avinash,"['Action & Adventure', 'Crime', 'Mystery & Thriller', 'Action Thriller']",Regional Indian (unspecified),False,2,False
Seher Hone Ko Hai,show,"Drama, Emotional Drama",2025.0,,,JioHotstar,Indian,India,26.0,UA13+,https://www.justwatch.com/in/tv-show/seher-hone-ko-hai,"['Drama', 'Emotional Drama']",Regional Indian (unspecified),True,2,False
Tôkyô Ribenjâzu,show,"Action & Adventure, Animation, Drama, Classic Japanese Anime",2021.0,7.7,33k,JioHotstar,International,Japan,24.0,UA16+,https://www.justwatch.com/in/tv-show/tokyo-revengers,"['Action & Adventure', 'Animation', 'Drama', 'Classic Japanese Anime']",English (assumed),False,4,False
Under the Dome,show,"Drama, Mystery & Thriller, Science-Fiction, Sci-Fi Drama",2013.0,6.5,118k,JioHotstar,International,United States,43.0,UA16+,https://www.justwatch.com/in/tv-show/under-the-dome,"['Drama', 'Mystery & Thriller', 'Science-Fiction', 'Sci-Fi Drama']",English (assumed),False,3,False
Succession,show,"Comedy, Drama",2018.0,8.8,359k,JioHotstar,International,United States,64.0,U,https://www.justwatch.com/in/tv-show/succession,"['Comedy', 'Drama']",English (assumed),False,2,False
Mahabharatham,show,"Drama, History, Kids & Family, War & Military, Bollywood",2013.0,8.7,15k,JioHotstar,Indian,India,23.0,U,https://www.justwatch.com/in/tv-show/mahabharatham,"['Drama', 'History', 'Kids & Family', 'War & Military', 'Bollywood']",Hindi,False,2,False
X-Men '97,show,"Action & Adventure, Animation, Drama, Science-Fiction, Western Animation",2024.0,8.7,53k,JioHotstar,International,United States,,,https://www.justwatch.com/in/tv-show/x-men-97,"['Action & Adventure', 'Animation', 'Drama', 'Science-Fiction', 'Western Animation']",English (assumed),True,2,False
Dexter,show,"Crime, Drama, Mystery & Thriller, Dark Crime, Detective Crime",2006.0,8.6,940k,JioHotstar,International,United States,53.0,A,https://www.justwatch.com/in/tv-show/dexter,"['Crime', 'Drama', 'Mystery & Thriller', 'Dark Crime', 'Detective Crime']",English (assumed),False,3,False
My Hero Academia,show,"Action & Adventure, Animation, Comedy, Fantasy, Science-Fiction, Classic Japanese Anime",2016.0,8.2,122k,JioHotstar,International,Japan,24.0,U,https://www.justwatch.com/in/tv-show/my-hero-academia,"['Action & Adventure', 'Animation', 'Comedy', 'Fantasy', 'Science-Fiction', 'Classic Japanese Anime']",English (assumed),False,4,False
Heroes,show,"Crime, Drama, Fantasy, Mystery & Thriller, Science-Fiction, Superhero",2006.0,7.5,260k,JioHotstar,International,United States,43.0,U,https://www.justwatch.com/in/tv-show/heroes,"['Crime', 'Drama', 'Fantasy', 'Mystery & Thriller', 'Science-Fiction', 'Superhero']",English (assumed),False,2,False
Georgie & Mandy's First Marriage,show,"Comedy, RomCom",2024.0,7.1,11k,JioHotstar,International,United States,,,https://www.justwatch.com/in/tv-show/georgie-and-mandys-first-marriage,"['Comedy', 'RomCom']",English (assumed),True,2,False
Supernatural,show,"Drama, Fantasy, Horror, Mystery & Thriller, Science-Fiction, Modern Fantasy, Dark Fantasy",2005.0,8.4,541k,JioHotstar,International,United States,45.0,UA16+,https://www.justwatch.com/in/tv-show/supernatural,"['Drama', 'Fantasy', 'Horror', 'Mystery & Thriller', 'Science-Fiction', 'Modern Fantasy', 'Dark Fantasy']",English (assumed),False,3,False
The Wire,show,"Crime, Drama, Mystery & Thriller, Organized Crime, Detective Crime",2002.0,9.3,433k,JioHotstar,International,United States,59.0,UA13+,https://www.justwatch.com/in/tv-show/the-wire,"['Crime', 'Drama', 'Mystery & Thriller', 'Organized Crime', 'Detective Crime']",English (assumed),False,2,False
Chiraiya,show,"Drama, Emotional Drama",2026.0,5.9,1k,JioHotstar,Indian,India,30.0,A,https://www.justwatch.com/in/tv-show/chiraiya,"['Drama', 'Emotional Drama']",Regional Indian (unspecified),True,2,False
Big Mouth,show,"Action & Adventure, Crime, Drama, Mystery Thriller",2022.0,7.8,9k,JioHotstar,International,South Korea,71.0,UA16+,https://www.justwatch.com/in/tv-show/big-mouth-2022,"['Action & Adventure', 'Crime', 'Drama', 'Mystery Thriller']",English (assumed),False,2,False
Marvel's Daredevil,show,"Action & Adventure, Crime, Drama, Mystery & Thriller, Science-Fiction, Superhero",2015.0,8.6,534k,JioHotstar,International,United States,53.0,UA16+,https://www.justwatch.com/in/tv-show/marvels-daredevil,"['Action & Adventure', 'Crime', 'Drama', 'Mystery & Thriller', 'Science-Fiction', 'Superhero']",English (assumed),False,2,False
Young Sheldon,show,"Comedy, Drama, Sitcoms",2017.0,7.7,149k,JioHotstar,International,United States,19.0,U,https://www.justwatch.com/in/tv-show/young-sheldon,"['Comedy', 'Drama', 'Sitcoms']",English (assumed),False,3,False
Peacemaker,show,"Action & Adventure, Comedy, Crime, Drama, Fantasy, Science-Fiction, Superhero, Action Comedy",2022.0,8.3,139k,JioHotstar,International,United States,42.0,UA16+,https://www.justwatch.com/in/tv-show/peacemaker,"['Action & Adventure', 'Comedy', 'Crime', 'Drama', 'Fantasy', 'Science-Fiction', 'Superhero', 'Action Comedy']",English (assumed),False,2,False
The Beauty,show,"Drama, Horror, Science-Fiction, Emotional Drama",2026.0,6.6,12k,JioHotstar,International,United States,,,https://www.justwatch.com/in/tv-show/the-beauty,"['Drama', 'Horror', 'Science-Fiction', 'Emotional Drama']",English (assumed),True,2,False
The Pitt,show,"Drama, Emotional Drama, Action Adventure",2025.0,8.9,155k,JioHotstar,International,United States,,,https://www.justwatch.com/in/tv-show/the-pitt,"['Drama', 'Emotional Drama', 'Action Adventure']",English (assumed),True,2,False
The Sopranos,show,"Crime, Drama, Organized Crime",1999.0,9.2,583k,JioHotstar,International,United States,55.0,A,https://www.justwatch.com/in/tv-show/the-sopranos,"['Crime', 'Drama', 'Organized Crime']",English (assumed),False,2,False
Oz,show,"Crime, Drama, Mystery & Thriller, Dark Crime",1997.0,8.7,108k,JioHotstar,International,United States,,,https://www.justwatch.com/in/tv-show/oz,"['Crime', 'Drama', 'Mystery & Thriller', 'Dark Crime']",English (assumed),False,2,False
How I Met Your Mother,show,"Comedy, Drama, Romance, Sitcoms",2005.0,8.3,783k,JioHotstar,International,United States,24.0,U,https://www.justwatch.com/in/tv-show/how-i-met-your-mother,"['Comedy', 'Drama', 'Romance', 'Sitcoms']",English (assumed),False,2,False
Loki,show,"Drama, Fantasy, Science-Fiction, Superhero, Action Adventure",2021.0,8.2,475k,JioHotstar,International,United States,49.0,UA13+,https://www.justwatch.com/in/tv-show/loki,"['Drama', 'Fantasy', 'Science-Fiction', 'Superhero', 'Action Adventure']",English (assumed),False,2,False
Shōgun,show,"Action & Adventure, Drama, History, War & Military, Period Drama",2024.0,8.6,247k,JioHotstar,International,United States,59.0,A,https://www.justwatch.com/in/tv-show/shogun-2024,"['Action & Adventure', 'Drama', 'History', 'War & Military', 'Period Drama']",English (assumed),True,2,False
Hostages,show,"Crime, Drama, Mystery Thriller",2019.0,6.8,6k,JioHotstar,Indian,India,36.0,UA13+,https://www.justwatch.com/in/tv-show/hostages-2019,"['Crime', 'Drama', 'Mystery Thriller']",Regional Indian (unspecified),False,2,False
SPY x FAMILY,show,"Action & Adventure, Animation, Comedy, Mystery & Thriller, Classic Japanese Anime",2022.0,8.2,62k,JioHotstar,International,Japan,25.0,UA16+,https://www.justwatch.com/in/tv-show/spy-x-family,"['Action & Adventure', 'Animation', 'Comedy', 'Mystery & Thriller', 'Classic Japanese Anime']",English (assumed),False,4,False
Banshee,show,"Action & Adventure, Crime, Drama, Mystery & Thriller, Dark Crime",2013.0,8.4,148k,JioHotstar,International,United States,51.0,A,https://www.justwatch.com/in/tv-show/banshee,"['Action & Adventure', 'Crime', 'Drama', 'Mystery & Thriller', 'Dark Crime']",English (assumed),False,2,False
Light Shop,show,"Drama, Horror, Mystery Thriller",2024.0,7.8,7k,JioHotstar,International,South Korea,,,https://www.justwatch.com/in/tv-show/light-shop,"['Drama', 'Horror', 'Mystery Thriller']",English (assumed),True,2,False
Haikyu!!,show,"Animation, Comedy, Drama, Sport, Classic Japanese Anime",2014.0,8.7,54k,JioHotstar,International,Japan,24.0,UA13+,https://www.justwatch.com/in/tv-show/haikyu,"['Animation', 'Comedy', 'Drama', 'Sport', 'Classic Japanese Anime']",English (assumed),False,4,False
Paradise,show,"Crime, Drama, Mystery & Thriller, Science-Fiction, Emotional Drama, Action Adventure",2025.0,7.9,83k,JioHotstar,International,United States,,,https://www.justwatch.com/in/tv-show/paradise-2025,"['Crime', 'Drama', 'Mystery & Thriller', 'Science-Fiction', 'Emotional Drama', 'Action Adventure']",English (assumed),True,2,False
Landman,show,"Crime, Drama, Western, Emotional Drama",2024.0,8.2,109k,JioHotstar,International,United States,,,https://www.justwatch.com/in/tv-show/landman,"['Crime', 'Drama', 'Western', 'Emotional Drama']",English (assumed),True,2,False
The Last of Us,show,"Action & Adventure, Drama, Horror, Mystery & Thriller, Science-Fiction, Video Game",2023.0,8.4,740k,JioHotstar,International,United States,57.0,A,https://www.justwatch.com/in/tv-show/the-last-of-us,"['Action & Adventure', 'Drama', 'Horror', 'Mystery & Thriller', 'Science-Fiction', 'Video Game']",English (assumed),False,2,False
The Office,show,"Comedy, Sitcoms",2005.0,9.0,837k,JioHotstar,International,United States,24.0,U,https://www.justwatch.com/in/tv-show/the-office,"['Comedy', 'Sitcoms']",English (assumed),False,3,False
Sex and the City,show,"Comedy, Drama, Romance, RomCom, Female Comedy, Chick Flicks",1998.0,7.4,160k,JioHotstar,International,United States,29.0,U,https://www.justwatch.com/in/tv-show/sex-and-the-city,"['Comedy', 'Drama', 'Romance', 'RomCom', 'Female Comedy', 'Chick Flicks']",English (assumed),False,2,False
The Big Bang Theory,show,"Comedy, Romance, Sitcoms",2007.0,8.1,939k,JioHotstar,International,United States,20.0,U,https://www.justwatch.com/in/tv-show/the-big-bang-theory,"['Comedy', 'Romance', 'Sitcoms']",English (assumed),False,2,False
Malcolm in the Middle,show,"Comedy, Drama, Kids & Family, Sitcoms",2000.0,8.2,161k,JioHotstar,International,United States,23.0,U,https://www.justwatch.com/in/tv-show/malcolm-in-the-middle,"['Comedy', 'Drama', 'Kids & Family', 'Sitcoms']",English (assumed),False,2,False
Special Ops,show,"Action & Adventure, Crime, Drama, Mystery & Thriller, Action Thriller",2020.0,8.5,43k,JioHotstar,Indian,India,49.0,UA13+,https://www.justwatch.com/in/tv-show/special-ops,"['Action & Adventure', 'Crime', 'Drama', 'Mystery & Thriller', 'Action Thriller']",Regional Indian (unspecified),False,2,False
Save the Tigers,show,"Comedy, Drama, Mystery & Thriller, Dramedy",2023.0,8.0,4k,JioHotstar,Indian,India,26.0,UA16+,https://www.justwatch.com/in/tv-show/save-the-tigers,"['Comedy', 'Drama', 'Mystery & Thriller', 'Dramedy']",Regional Indian (unspecified),False,2,False
The Worst of Evil,show,"Action & Adventure, Crime, Drama, Mystery & Thriller, Action Thriller",2023.0,8.3,8k,JioHotstar,International,South Korea,,,https://www.justwatch.com/in/tv-show/the-worst-of-evil,"['Action & Adventure', 'Crime', 'Drama', 'Mystery & Thriller', 'Action Thriller']",English (assumed),False,2,False
Numb3rs,show,"Crime, Documentary, Drama, Mystery & Thriller, Detective Crime",2005.0,7.0,48k,JioHotstar,International,United States,,,https://www.justwatch.com/in/tv-show/numb3rs,"['Crime', 'Documentary', 'Drama', 'Mystery & Thriller', 'Detective Crime']",English (assumed),False,2,False
Mr. Robot,show,"Crime, Drama, Mystery & Thriller, Psychological Drama",2015.0,8.5,469k,JioHotstar,International,United States,49.0,U,https://www.justwatch.com/in/tv-show/mr-robot,"['Crime', 'Drama', 'Mystery & Thriller', 'Psychological Drama']",English (assumed),False,2,False
Mansion 24,show,"Action & Adventure, Horror, Mystery Thriller",2023.0,,,JioHotstar,Indian,India,29.0,A,https://www.justwatch.com/in/tv-show/mansion-24,"['Action & Adventure', 'Horror', 'Mystery Thriller']",Regional Indian (unspecified),False,2,False
Swaragini,show,"Kids & Family, Drama, Bollywood",2015.0,,,JioHotstar,Indian,India,,,https://www.justwatch.com/in/tv-show/swaragini,"['Kids & Family', 'Drama', 'Bollywood']",Hindi,False,2,False
The Flash,show,"Action & Adventure, Drama, Science-Fiction, Superhero",2014.0,7.5,386k,JioHotstar,International,United States,42.0,U,https://www.justwatch.com/in/tv-show/the-flash,"['Action & Adventure', 'Drama', 'Science-Fiction', 'Superhero']",English (assumed),False,3,False
Mubing,show,"Drama, Fantasy, Mystery & Thriller, Science-Fiction, Modern Fantasy, Action Adventure",2023.0,8.4,16k,JioHotstar,International,South Korea,,,https://www.justwatch.com/in/tv-show/moving,"['Drama', 'Fantasy', 'Mystery & Thriller', 'Science-Fiction', 'Modern Fantasy', 'Action Adventure']",English (assumed),False,2,False
Marvel's The Punisher,show,"Action & Adventure, Crime, Drama, Mystery & Thriller, Superhero",2017.0,8.4,306k,JioHotstar,International,United States,53.0,A,https://www.justwatch.com/in/tv-show/marvels-the-punisher,"['Action & Adventure', 'Crime', 'Drama', 'Mystery & Thriller', 'Superhero']",English (assumed),False,2,False
IT: Welcome to Derry,show,"Drama, Fantasy, Horror, Horror Thriller",2025.0,7.9,111k,JioHotstar,International,United States,60.0,A,https://www.justwatch.com/in/tv-show/welcome-to-derry,"['Drama', 'Fantasy', 'Horror', 'Horror Thriller']",English (assumed),True,2,False
Cooku with Comali,show,"Comedy, Reality TV, Reality Competition",2019.0,9.1,1k,JioHotstar,Indian,India,63.0,UA16+,https://www.justwatch.com/in/tv-show/cooku-with-comali,"['Comedy', 'Reality TV', 'Reality Competition']",Regional Indian (unspecified),False,2,False
Muthu Alias Kaattaan,show,"Action & Adventure, Crime, Drama",2026.0,,,JioHotstar,Indian,India,32.0,A,https://www.justwatch.com/in/tv-show/muthu-alias-kaattaan,"['Action & Adventure', 'Crime', 'Drama']",Regional Indian (unspecified),True,2,False
Mayor of Kingstown,show,"Crime, Drama, Mystery & Thriller, Detective Crime",2021.0,8.2,73k,JioHotstar,International,United States,,,https://www.justwatch.com/in/tv-show/mayor-of-kingstown,"['Crime', 'Drama', 'Mystery & Thriller', 'Detective Crime']",English (assumed),False,2,False
High Potential,show,"Comedy, Crime, Drama, Dark Crime, Mystery Thriller",2024.0,7.6,51k,JioHotstar,International,United States,,,https://www.justwatch.com/in/tv-show/high-potential,"['Comedy', 'Crime', 'Drama', 'Dark Crime', 'Mystery Thriller']",English (assumed),True,2,False
Hacks,show,"Comedy, Drama, Dramedy",2021.0,8.2,66k,JioHotstar,International,United States,33.0,A,https://www.justwatch.com/in/tv-show/hacks,"['Comedy', 'Drama', 'Dramedy']",English (assumed),False,2,False
1923,show,"Drama, Western, Epic Western",2022.0,8.3,103k,JioHotstar,International,United States,,,https://www.justwatch.com/in/tv-show/1923,"['Drama', 'Western', 'Epic Western']",English (assumed),False,2,False
The White Lotus,show,"Comedy, Drama, Dramedy",2021.0,8.0,327k,JioHotstar,International,United States,62.0,A,https://www.justwatch.com/in/tv-show/the-white-lotus,"['Comedy', 'Drama', 'Dramedy']",English (assumed),False,2,False
Brooklyn Nine-Nine,show,"Comedy, Crime, Sitcoms",2013.0,8.4,418k,JioHotstar,International,United States,22.0,UA13+,https://www.justwatch.com/in/tv-show/brooklyn-nine-nine,"['Comedy', 'Crime', 'Sitcoms']",English (assumed),False,2,False
The Americans,show,"Crime, Drama, Mystery & Thriller, Spies",2013.0,8.4,124k,JioHotstar,International,United States,48.0,U,https://www.justwatch.com/in/tv-show/the-americans,"['Crime', 'Drama', 'Mystery & Thriller', 'Spies']",English (assumed),False,2,False
The Manipulated,show,"Action & Adventure, Crime, Drama, Mystery & Thriller",2025.0,7.7,5k,JioHotstar,International,South Korea,,,https://www.justwatch.com/in/tv-show/the-manipulated,"['Action & Adventure', 'Crime', 'Drama', 'Mystery & Thriller']",English (assumed),True,2,False
Family Guy,show,"Animation, Comedy",1999.0,8.1,389k,JioHotstar,International,United States,23.0,UA,https://www.justwatch.com/in/tv-show/family-guy,"['Animation', 'Comedy']",English (assumed),False,2,False
Billions,show,"Drama, Courtroom",2016.0,8.3,118k,JioHotstar,International,United States,57.0,U,https://www.justwatch.com/in/tv-show/billions,"['Drama', 'Courtroom']",English (assumed),False,2,False
Bepannah,show,"Drama, Romance, Romantic Drama, Mystery Thriller, 23, 8, Lists, Seen all, Sign in, to sync Watchlist",2018.0,7.5,1k,JioHotstar,Indian,India,23.0,UA13+,https://www.justwatch.com/in/tv-show/bepannaah,"['Drama', 'Romance', 'Romantic Drama', 'Mystery Thriller', '23', '8', 'Lists', 'Seen all', 'Sign in', 'to sync Watchlist']",Regional Indian (unspecified),False,2,False
Band of Brothers,show,"Action & Adventure, Drama, History, War & Military, War Drama",2001.0,9.4,597k,JioHotstar,International,United States,59.0,U,https://www.justwatch.com/in/tv-show/band-of-brothers,"['Action & Adventure', 'Drama', 'History', 'War & Military', 'War Drama']",English (assumed),False,2,False
Industry,show,Drama,2020.0,7.5,28k,JioHotstar,International,"United Kingdom, United States",57.0,A,https://www.justwatch.com/in/tv-show/industry,['Drama'],English (assumed),False,2,False
La Brea,show,"Action & Adventure, Drama, Science-Fiction, Mystery Thriller",2021.0,5.8,17k,JioHotstar,International,United States,,,https://www.justwatch.com/in/tv-show/la-brea,"['Action & Adventure', 'Drama', 'Science-Fiction', 'Mystery Thriller']",English (assumed),False,2,False
Tulsa King,show,"Action & Adventure, Crime, Drama, Organized Crime",2022.0,7.9,118k,JioHotstar,International,United States,40.0,A,https://www.justwatch.com/in/tv-show/tulsa-king,"['Action & Adventure', 'Crime', 'Drama', 'Organized Crime']",English (assumed),False,2,False
"Life, Larry and the Pursuit of Unhappiness: An Almost History of America",show,,2026.0,6.8,1k,JioHotstar,International,United States,,,https://www.justwatch.com/in/tv-show/life-larry-and-the-pursuit-of-unhappiness-an-almost-history-of-america,[],English (assumed),True,2,False
It's Always Sunny in Philadelphia,show,"Comedy, Sitcoms",2005.0,8.8,282k,JioHotstar,International,United States,23.0,UA16+,https://www.justwatch.com/in/tv-show/its-always-sunny-in-philadelphia,"['Comedy', 'Sitcoms']",English (assumed),False,2,False
Brothers and Sisters,show,"Comedy, Drama, Kids & Family",2026.0,,,JioHotstar,Indian,India,,,https://www.justwatch.com/in/tv-show/brothers-and-sisters-2026,"['Comedy', 'Drama', 'Kids & Family']",Regional Indian (unspecified),True,2,False
House,show,"Drama, Emotional Drama, Mystery Thriller",2004.0,8.7,594k,JioHotstar,International,United States,44.0,U,https://www.justwatch.com/in/tv-show/house,"['Drama', 'Emotional Drama', 'Mystery Thriller']",English (assumed),False,2,False
Wonder Man,show,"Comedy, Drama, Fantasy, Science-Fiction, Action Adventure, Action Comedy",2026.0,7.4,35k,JioHotstar,International,United States,,,https://www.justwatch.com/in/tv-show/wonder-man-0,"['Comedy', 'Drama', 'Fantasy', 'Science-Fiction', 'Action Adventure', 'Action Comedy']",English (assumed),True,2,False
Dune: Prophecy,show,"Drama, Science-Fiction, Action Adventure",2024.0,7.3,68k,JioHotstar,International,United States,,,https://www.justwatch.com/in/tv-show/dune-the-sisterhood,"['Drama', 'Science-Fiction', 'Action Adventure']",English (assumed),True,2,False
RadhaKrishn,show,"Action & Adventure, Comedy, Drama, Kids & Family, Romance, Bollywood",2018.0,8.2,3k,JioHotstar,Indian,India,23.0,U,https://www.justwatch.com/in/tv-show/radhakrishn,"['Action & Adventure', 'Comedy', 'Drama', 'Kids & Family', 'Romance', 'Bollywood']",Hindi,False,2,False
Your Honor,show,"Crime, Drama, Mystery & Thriller, Courtroom",2020.0,7.6,79k,JioHotstar,International,United States,56.0,A,https://www.justwatch.com/in/tv-show/your-honor-2020,"['Crime', 'Drama', 'Mystery & Thriller', 'Courtroom']",English (assumed),False,2,False
Arrow,show,"Action & Adventure, Crime, Drama, Science-Fiction, Superhero",2012.0,7.5,461k,JioHotstar,International,United States,42.0,U,https://www.justwatch.com/in/tv-show/arrow,"['Action & Adventure', 'Crime', 'Drama', 'Science-Fiction', 'Superhero']",English (assumed),False,3,False
Cousins and Kalyanams,show,"Comedy, Drama, Kids & Family, Romance, Dramedy",2026.0,,,JioHotstar,Indian,India,23.0,UA13+,https://www.justwatch.com/in/tv-show/cousins-and-kalyanams,"['Comedy', 'Drama', 'Kids & Family', 'Romance', 'Dramedy']",Regional Indian (unspecified),True,2,False
The Legend of Korra,show,"Action & Adventure, Animation, Drama, Fantasy, Kids & Family, Science-Fiction, Classic Japanese Anime",2012.0,8.3,151k,JioHotstar,International,United States,23.0,U,https://www.justwatch.com/in/tv-show/the-legend-of-korra,"['Action & Adventure', 'Animation', 'Drama', 'Fantasy', 'Kids & Family', 'Science-Fiction', 'Classic Japanese Anime']",English (assumed),False,2,False
Station Eleven,show,"Drama, Fantasy, Mystery & Thriller, Science-Fiction, Post Apocalyptic World",2021.0,7.5,43k,JioHotstar,International,United States,,,https://www.justwatch.com/in/tv-show/station-eleven,"['Drama', 'Fantasy', 'Mystery & Thriller', 'Science-Fiction', 'Post Apocalyptic World']",English (assumed),False,2,False
Andor,show,"Drama, Fantasy, Mystery & Thriller, Science-Fiction, Action Adventure",2022.0,8.6,279k,JioHotstar,International,United States,48.0,UA13+,https://www.justwatch.com/in/tv-show/andor,"['Drama', 'Fantasy', 'Mystery & Thriller', 'Science-Fiction', 'Action Adventure']",English (assumed),False,2,False
DTF St. Louis,show,"Comedy, Drama, Mystery & Thriller, Dark Crime",2026.0,7.3,19k,JioHotstar,International,United States,,,https://www.justwatch.com/in/tv-show/dtf-st-louis,"['Comedy', 'Drama', 'Mystery & Thriller', 'Dark Crime']",English (assumed),True,2,False
Marvel's Agents of S.H.I.E.L.D.,show,"Action & Adventure, Drama, Mystery & Thriller, Science-Fiction, Superhero",2013.0,7.5,235k,JioHotstar,International,United States,43.0,U,https://www.justwatch.com/in/tv-show/marvels-agents-of-s-h-i-e-l-d,"['Action & Adventure', 'Drama', 'Mystery & Thriller', 'Science-Fiction', 'Superhero']",English (assumed),False,2,False
Marvel's Iron Fist,show,"Action & Adventure, Crime, Drama, Fantasy, Science-Fiction, Martial Art",2017.0,6.4,149k,JioHotstar,International,United States,54.0,UA16+,https://www.justwatch.com/in/tv-show/marvels-iron-fist,"['Action & Adventure', 'Crime', 'Drama', 'Fantasy', 'Science-Fiction', 'Martial Art']",English (assumed),False,2,False
The Outsider,show,"Crime, Drama, Horror, Detective Crime, Mystery Thriller",2020.0,7.6,116k,JioHotstar,International,United States,57.0,UA13+,https://www.justwatch.com/in/tv-show/the-outsider,"['Crime', 'Drama', 'Horror', 'Detective Crime', 'Mystery Thriller']",English (assumed),False,2,False
Yellowjackets,show,"Drama, Horror, Action Adventure, Mystery Thriller",2021.0,7.7,115k,JioHotstar,International,United States,57.0,UA16+,https://www.justwatch.com/in/tv-show/yellowjackets,"['Drama', 'Horror', 'Action Adventure', 'Mystery Thriller']",English (assumed),False,2,False
Pyaar Kii Ye Ek Kahaani,show,"Drama, Fantasy, Romance, Mystery & Thriller, Modern Fantasy",2010.0,7.3,1k,JioHotstar,Indian,"India, United States",21.0,PG,https://www.justwatch.com/in/tv-show/pyaar-kii-ye-ek-kahaani,"['Drama', 'Fantasy', 'Romance', 'Mystery & Thriller', 'Modern Fantasy']",Regional Indian (unspecified),False,2,False
The Leftovers,show,"Drama, Fantasy, Mystery & Thriller, Science-Fiction, Sci-Fi Drama",2014.0,8.3,131k,JioHotstar,International,United States,58.0,A,https://www.justwatch.com/in/tv-show/the-leftovers,"['Drama', 'Fantasy', 'Mystery & Thriller', 'Science-Fiction', 'Sci-Fi Drama']",English (assumed),False,2,False
Warrior,show,"Action & Adventure, Crime, Drama, History, Western, Martial Art",2019.0,8.4,53k,JioHotstar,International,United States,53.0,A,https://www.justwatch.com/in/tv-show/warrior-2019,"['Action & Adventure', 'Crime', 'Drama', 'History', 'Western', 'Martial Art']",English (assumed),False,2,False
Meri Aashiqui Tum Se Hi,show,"Drama, Bollywood, Like, Dislike, Lists, Seen all, Sign in, to sync Watchlist",2014.0,,,JioHotstar,Indian,India,21.0,UA13+,https://www.justwatch.com/in/tv-show/meri-aashiqui-tum-se-hi,"['Drama', 'Bollywood', 'Like', 'Dislike', 'Lists', 'Seen all', 'Sign in', 'to sync Watchlist']",Hindi,False,2,False
Salakaar,show,"Action & Adventure, Mystery & Thriller, Action Thriller",2025.0,5.8,1k,JioHotstar,Indian,India,32.0,UA16+,https://www.justwatch.com/in/tv-show/salakaar,"['Action & Adventure', 'Mystery & Thriller', 'Action Thriller']",Regional Indian (unspecified),True,2,False
Key & Peele,show,"Comedy, Stand Up Comedy",2012.0,8.3,29k,JioHotstar,International,United States,22.0,U,https://www.justwatch.com/in/tv-show/key-and-peele,"['Comedy', 'Stand Up Comedy']",English (assumed),False,2,False
Grey's Anatomy,show,"Drama, Romance, Romantic Drama",2005.0,7.6,375k,JioHotstar,International,United States,47.0,UA13+,https://www.justwatch.com/in/tv-show/greys-anatomy,"['Drama', 'Romance', 'Romantic Drama']",English (assumed),False,2,False
Gundeninda Gudigantalu,show,"Drama, Kids & Family, Romance, Romantic Drama",2023.0,,,JioHotstar,Indian,India,,,https://www.justwatch.com/in/tv-show/gundeninda-gudigantalu,"['Drama', 'Kids & Family', 'Romance', 'Romantic Drama']",Regional Indian (unspecified),False,2,False
Percy Jackson and the Olympians,show,"Drama, Fantasy, Kids & Family, Science-Fiction, Action Adventure",2023.0,7.0,52k,JioHotstar,International,United States,,,https://www.justwatch.com/in/tv-show/percy-jackson-and-the-olympians,"['Drama', 'Fantasy', 'Kids & Family', 'Science-Fiction', 'Action Adventure']",English (assumed),False,2,False
Grimm,show,"Action & Adventure, Crime, Drama, Fantasy, Horror, Mystery & Thriller, Science-Fiction, Detective Crime",2011.0,7.9,141k,JioHotstar,International,United States,47.0,U,https://www.justwatch.com/in/tv-show/grimm,"['Action & Adventure', 'Crime', 'Drama', 'Fantasy', 'Horror', 'Mystery & Thriller', 'Science-Fiction', 'Detective Crime']",English (assumed),False,2,False
Homeland,show,"Crime, Drama, Mystery & Thriller, War & Military, Spies",2011.0,8.3,385k,JioHotstar,International,United States,52.0,A,https://www.justwatch.com/in/tv-show/homeland,"['Crime', 'Drama', 'Mystery & Thriller', 'War & Military', 'Spies']",English (assumed),False,2,False
Deep Revenge,show,"Drama, Mystery & Thriller",2026.0,,,JioHotstar,International,Japan,,,https://www.justwatch.com/in/tv-show/deep-revenge,"['Drama', 'Mystery & Thriller']",English (assumed),True,2,False
Yeh Rishtey Hain Pyaar Ke,show,"Drama, Kids & Family, Bollywood",2019.0,7.1,2k,JioHotstar,Indian,India,21.0,PG,https://www.justwatch.com/in/tv-show/yeh-rishtey-hain-pyaar-ke,"['Drama', 'Kids & Family', 'Bollywood']",Hindi,False,2,False
Resident Alien,show,"Comedy, Drama, Science-Fiction, Sci-Fi Comedy, Dramedy, Mystery Thriller",2021.0,8.0,88k,JioHotstar,International,United States,44.0,UA16+,https://www.justwatch.com/in/tv-show/resident-alien,"['Comedy', 'Drama', 'Science-Fiction', 'Sci-Fi Comedy', 'Dramedy', 'Mystery Thriller']",English (assumed),False,2,False
Broken But Beautiful,show,"Drama, Romance, Romantic Drama",2018.0,8.5,17k,JioHotstar,Indian,India,25.0,A,https://www.justwatch.com/in/tv-show/broken-but-beautiful,"['Drama', 'Romance', 'Romantic Drama']",Regional Indian (unspecified),False,2,False
Fuh se Fantasy,show,"Drama, Romance, Romantic Drama",2019.0,6.8,6k,JioHotstar,Indian,India,29.0,UA16+,https://www.justwatch.com/in/tv-show/fuh-se-fantasy,"['Drama', 'Romance', 'Romantic Drama']",Regional Indian (unspecified),False,2,False
Aashiqana,show,"Crime, Mystery & Thriller, Romance, Romantic Thriller",2022.0,5.6,1k,JioHotstar,Indian,India,22.0,UA16+,https://www.justwatch.com/in/tv-show/aashiqana,"['Crime', 'Mystery & Thriller', 'Romance', 'Romantic Thriller']",Regional Indian (unspecified),False,2,False
Rooster,show,"Comedy, Drama, Dramedy",2026.0,7.6,18k,JioHotstar,International,United States,,,https://www.justwatch.com/in/tv-show/rooster,"['Comedy', 'Drama', 'Dramedy']",English (assumed),True,2,False
The Legend of Hanuman,show,"Action & Adventure, Animation, Fantasy, Kids & Family, Science-Fiction, Western Animation",2021.0,9.1,13k,JioHotstar,Indian,India,21.0,PG,https://www.justwatch.com/in/tv-show/the-legend-of-hanuman,"['Action & Adventure', 'Animation', 'Fantasy', 'Kids & Family', 'Science-Fiction', 'Western Animation']",Regional Indian (unspecified),False,2,False
Two and a Half Men,show,"Comedy, Romance, Sitcoms",2003.0,7.1,298k,JioHotstar,International,United States,22.0,U,https://www.justwatch.com/in/tv-show/two-and-a-half-men,"['Comedy', 'Romance', 'Sitcoms']",English (assumed),False,2,False
Silicon Valley,show,"Comedy, Sitcoms",2014.0,8.5,182k,JioHotstar,International,United States,29.0,UA13+,https://www.justwatch.com/in/tv-show/silicon-valley,"['Comedy', 'Sitcoms']",English (assumed),False,2,False
The 4400,show,"Drama, Mystery & Thriller, Science-Fiction, Sci-Fi Drama",2004.0,7.3,48k,JioHotstar,International,United States,,,https://www.justwatch.com/in/tv-show/the-4400,"['Drama', 'Mystery & Thriller', 'Science-Fiction', 'Sci-Fi Drama']",English (assumed),False,2,False
9-1-1,show,"Action & Adventure, Crime, Drama, Mystery & Thriller, Emotional Drama",2018.0,7.9,64k,JioHotstar,International,United States,43.0,UA16+,https://www.justwatch.com/in/tv-show/9-1-1,"['Action & Adventure', 'Crime', 'Drama', 'Mystery & Thriller', 'Emotional Drama']",English (assumed),False,2,False
Moon Knight,show,"Fantasy, Mystery & Thriller, Science-Fiction, Superhero, Action Adventure",2022.0,7.3,278k,JioHotstar,International,United States,48.0,UA16+,https://www.justwatch.com/in/tv-show/moon-knight,"['Fantasy', 'Mystery & Thriller', 'Science-Fiction', 'Superhero', 'Action Adventure']",English (assumed),False,2,False
The Sex Lives of College Girls,show,"Comedy, Drama, Female Comedy",2021.0,7.7,35k,JioHotstar,International,United States,29.0,A,https://www.justwatch.com/in/tv-show/the-sex-lives-of-college-girls,"['Comedy', 'Drama', 'Female Comedy']",English (assumed),False,2,False
Tell Me Lies,show,"Drama, Mystery & Thriller, Romantic Drama",2022.0,7.2,20k,JioHotstar,International,United States,53.0,A,https://www.justwatch.com/in/tv-show/tell-me-lies,"['Drama', 'Mystery & Thriller', 'Romantic Drama']",English (assumed),False,2,False
Evil,show,"Crime, Drama, Horror, Mystery & Thriller, Paranormal",2019.0,7.7,52k,JioHotstar,International,United States,49.0,UA13+,https://www.justwatch.com/in/tv-show/evil,"['Crime', 'Drama', 'Horror', 'Mystery & Thriller', 'Paranormal']",English (assumed),False,2,False
Taaza Khabar,show,"Action & Adventure, Comedy, Drama, Fantasy, Mystery & Thriller, Science-Fiction, Bollywood, Dramedy, Action Comedy",2023.0,8.0,57k,JioHotstar,Indian,India,32.0,UA16+,https://www.justwatch.com/in/tv-show/taaza-khabar,"['Action & Adventure', 'Comedy', 'Drama', 'Fantasy', 'Mystery & Thriller', 'Science-Fiction', 'Bollywood', 'Dramedy', 'Action Comedy']",Hindi,False,2,False
The Penguin,show,"Crime, Drama, Fantasy, Superhero, Organized Crime",2024.0,8.6,241k,JioHotstar,International,United States,58.0,A,https://www.justwatch.com/in/tv-show/the-penguin,"['Crime', 'Drama', 'Fantasy', 'Superhero', 'Organized Crime']",English (assumed),True,2,False
Rome,show,"Action & Adventure, Drama, Romance, War & Military, Made in Europe, Period Drama, Epic",2005.0,8.7,204k,JioHotstar,International,United States,54.0,A,https://www.justwatch.com/in/tv-show/rome,"['Action & Adventure', 'Drama', 'Romance', 'War & Military', 'Made in Europe', 'Period Drama', 'Epic']",English (assumed),False,2,False
The Capture,show,"Crime, Drama, Mystery Thriller",2019.0,8.0,34k,JioHotstar,International,United Kingdom,,,https://www.justwatch.com/in/tv-show/the-capture,"['Crime', 'Drama', 'Mystery Thriller']",English (assumed),False,2,False
Deli Boys,show,"Comedy, Crime, Drama, Dramedy",2025.0,7.2,4k,JioHotstar,International,United States,,,https://www.justwatch.com/in/tv-show/deli-boys,"['Comedy', 'Crime', 'Drama', 'Dramedy']",English (assumed),True,2,False
The Night Of,show,"Crime, Drama, Mystery Thriller",2016.0,8.4,176k,JioHotstar,International,United States,65.0,A,https://www.justwatch.com/in/tv-show/the-night-of,"['Crime', 'Drama', 'Mystery Thriller']",English (assumed),False,2,False
Vikram On Duty,show,"Crime, Mystery & Thriller, Action Thriller",2026.0,,,JioHotstar,Indian,India,22.0,A,https://www.justwatch.com/in/tv-show/vikram-on-duty,"['Crime', 'Mystery & Thriller', 'Action Thriller']",Regional Indian (unspecified),True,2,False
Parks and Recreation,show,"Comedy, Sitcoms",2009.0,8.6,316k,JioHotstar,International,United States,22.0,UA13+,https://www.justwatch.com/in/tv-show/parks-and-recreation,"['Comedy', 'Sitcoms']",English (assumed),False,2,False
The Seven Deadly Sins,show,"Action & Adventure, Animation, Comedy, Fantasy, Science-Fiction, Classic Japanese Anime",2014.0,7.6,46k,JioHotstar,International,Japan,25.0,UA16+,https://www.justwatch.com/in/tv-show/the-seven-deadly-sins,"['Action & Adventure', 'Animation', 'Comedy', 'Fantasy', 'Science-Fiction', 'Classic Japanese Anime']",English (assumed),False,2,False
All Her Fault,show,"Crime, Drama, Mystery & Thriller, Emotional Drama",2025.0,7.5,46k,JioHotstar,International,"Australia, United Kingdom, United States",,,https://www.justwatch.com/in/tv-show/all-her-fault,"['Crime', 'Drama', 'Mystery & Thriller', 'Emotional Drama']",English (assumed),True,2,False
The Five Star Weekend,show,"Drama, Emotional Drama",2026.0,,,JioHotstar,International,United States,,,https://www.justwatch.com/in/tv-show/the-five-star-weekend,"['Drama', 'Emotional Drama']",English (assumed),True,2,False
Ishq Aur Desire,show,"Drama, Mystery & Thriller, Bollywood",2019.0,6.0,5k,JioHotstar,Indian,India,27.0,A,https://www.justwatch.com/in/tv-show/bekaaboo,"['Drama', 'Mystery & Thriller', 'Bollywood']",Hindi,False,2,False
Reign,show,"Drama, History, Romance, Young Adult Drama, Period Drama",2013.0,7.4,58k,JioHotstar,International,United States,42.0,UA16+,https://www.justwatch.com/in/tv-show/reign,"['Drama', 'History', 'Romance', 'Young Adult Drama', 'Period Drama']",English (assumed),False,2,False
Iss Pyaar Ko Kya Naam Doon,show,"Drama, Romance, Romantic Drama, Like, Dislike, Lists, Seen all, Sign in, to sync Watchlist",2011.0,7.6,4k,JioHotstar,Indian,India,22.0,PG,https://www.justwatch.com/in/tv-show/what-name-should-i-give-this-love,"['Drama', 'Romance', 'Romantic Drama', 'Like', 'Dislike', 'Lists', 'Seen all', 'Sign in', 'to sync Watchlist']",Regional Indian (unspecified),False,2,False
Mare of Easttown,show,"Crime, Drama, Mystery & Thriller, Detective Crime",2021.0,8.4,223k,JioHotstar,International,United States,60.0,A,https://www.justwatch.com/in/tv-show/mare-of-easttown,"['Crime', 'Drama', 'Mystery & Thriller', 'Detective Crime']",English (assumed),False,2,False
Curb Your Enthusiasm,show,"Comedy, Raunchy Comedy",2000.0,8.8,167k,JioHotstar,International,United States,33.0,U,https://www.justwatch.com/in/tv-show/curb-your-enthusiasm,"['Comedy', 'Raunchy Comedy']",English (assumed),False,2,False
Twin Peaks,show,"Crime, Drama, Horror, Dark Crime, Mystery Thriller",2017.0,8.5,90k,JioHotstar,International,United States,56.0,A,https://www.justwatch.com/in/tv-show/twin-peaks-2017,"['Crime', 'Drama', 'Horror', 'Dark Crime', 'Mystery Thriller']",English (assumed),False,2,False
Heart Beat,show,"Drama, Emotional Drama, Bollywood",2024.0,,,JioHotstar,Indian,India,,,https://www.justwatch.com/in/tv-show/heart-beat,"['Drama', 'Emotional Drama', 'Bollywood']",Hindi,True,2,False
Dil Ko Tumse Pyaar Hua,show,"Drama, Kids & Family, Romance, Romantic Drama",2024.0,,,JioHotstar,International,United States,,,https://www.justwatch.com/in/tv-show/dil-ko-tumse-pyaar-hua,"['Drama', 'Kids & Family', 'Romance', 'Romantic Drama']",English (assumed),True,2,False
Alien: Earth,show,"Drama, Horror, Mystery & Thriller, Science-Fiction, Sci-Fi Drama",2025.0,7.1,106k,JioHotstar,International,United States,55.0,A,https://www.justwatch.com/in/tv-show/alien,"['Drama', 'Horror', 'Mystery & Thriller', 'Science-Fiction', 'Sci-Fi Drama']",English (assumed),True,2,False
Scorpion,show,"Action & Adventure, Crime, Drama, Mystery & Thriller, Spies, Based On A True Story",2014.0,7.1,64k,JioHotstar,International,United States,42.0,U,https://www.justwatch.com/in/tv-show/scorpion,"['Action & Adventure', 'Crime', 'Drama', 'Mystery & Thriller', 'Spies', 'Based On A True Story']",English (assumed),False,2,False
The King of Queens,show,"Comedy, Sitcoms",1998.0,7.4,95k,JioHotstar,International,United States,24.0,UA13+,https://www.justwatch.com/in/tv-show/the-king-of-queens,"['Comedy', 'Sitcoms']",English (assumed),False,2,False
Big Little Lies,show,"Crime, Drama, Dark Crime, Mystery Thriller",2017.0,8.4,245k,JioHotstar,International,United States,50.0,UA16+,https://www.justwatch.com/in/tv-show/big-little-lies,"['Crime', 'Drama', 'Dark Crime', 'Mystery Thriller']",English (assumed),False,2,False
Devon Ke Dev...Mahadev,show,"Action & Adventure, Drama, Fantasy, Romance, Bollywood",2011.0,9.2,5k,JioHotstar,Indian,India,22.0,U,https://www.justwatch.com/in/tv-show/devon-ke-dev-mhaadev,"['Action & Adventure', 'Drama', 'Fantasy', 'Romance', 'Bollywood']",Hindi,False,2,False
Below Deck,show,Reality TV,2013.0,7.5,6k,JioHotstar,International,United States,43.0,UA16+,https://www.justwatch.com/in/tv-show/below-deck,['Reality TV'],English (assumed),False,2,False
Nazar,show,"Fantasy, Horror, Mystery & Thriller, Science-Fiction, Bollywood",2018.0,,,JioHotstar,Indian,India,20.0,UA13+,https://www.justwatch.com/in/tv-show/nazar,"['Fantasy', 'Horror', 'Mystery & Thriller', 'Science-Fiction', 'Bollywood']",Hindi,False,2,False
The Newsroom,show,"Drama, Emotional Drama",2012.0,8.6,135k,JioHotstar,International,United States,57.0,UA13+,https://www.justwatch.com/in/tv-show/the-newsroom,"['Drama', 'Emotional Drama']",English (assumed),False,2,False
Aarya,show,"Action & Adventure, Crime, Drama, Mystery & Thriller, Bollywood",2020.0,7.7,16k,JioHotstar,Indian,India,45.0,UA16+,https://www.justwatch.com/in/tv-show/aarya,"['Action & Adventure', 'Crime', 'Drama', 'Mystery & Thriller', 'Bollywood']",Hindi,False,2,False
Doree,show,"Action & Adventure, Crime, Drama, Kids & Family, Mystery & Thriller, Romance, Bollywood, Like, Dislike, Lists, Seen all, Sign in, to sync Watchlist",2023.0,,,JioHotstar,Indian,India,,,https://www.justwatch.com/in/tv-show/doree,"['Action & Adventure', 'Crime', 'Drama', 'Kids & Family', 'Mystery & Thriller', 'Romance', 'Bollywood', 'Like', 'Dislike', 'Lists', 'Seen all', 'Sign in', 'to sync Watchlist']",Hindi,False,2,False
Below Deck Mediterranean,show,Reality TV,2016.0,7.6,4k,JioHotstar,International,United States,45.0,A,https://www.justwatch.com/in/tv-show/below-deck-mediterranean,['Reality TV'],English (assumed),False,2,False
PAW Patrol,show,"Animation, Comedy, Kids & Family, Family Animation",2013.0,6.1,7k,JioHotstar,International,"Canada, United States",18.0,U,https://www.justwatch.com/in/tv-show/paw-patrol,"['Animation', 'Comedy', 'Kids & Family', 'Family Animation']",English (assumed),False,2,False
Only Murders in the Building,show,"Comedy, Crime, Drama, Dramedy, Mystery Thriller",2021.0,8.0,204k,JioHotstar,International,United States,35.0,UA16+,https://www.justwatch.com/in/tv-show/only-murders-in-the-building,"['Comedy', 'Crime', 'Drama', 'Dramedy', 'Mystery Thriller']",English (assumed),False,2,False
Akgwi,show,"Drama, Fantasy, Horror, Mystery Thriller",2023.0,7.9,4k,JioHotstar,International,South Korea,,,https://www.justwatch.com/in/tv-show/revenant,"['Drama', 'Fantasy', 'Horror', 'Mystery Thriller']",English (assumed),False,2,False
The Madison,show,"Drama, Emotional Drama",2026.0,7.8,20k,JioHotstar,International,United States,,,https://www.justwatch.com/in/tv-show/the-madison,"['Drama', 'Emotional Drama']",English (assumed),True,2,False
The Great,show,"Comedy, Drama, History, Dramedy, Period Drama",2020.0,8.1,65k,JioHotstar,International,United States,,,https://www.justwatch.com/in/tv-show/the-great,"['Comedy', 'Drama', 'History', 'Dramedy', 'Period Drama']",English (assumed),False,2,False
This Is Us,show,"Comedy, Drama, Romance, Dramedy, Romantic Drama",2016.0,8.7,174k,JioHotstar,International,United States,43.0,U,https://www.justwatch.com/in/tv-show/this-is-us,"['Comedy', 'Drama', 'Romance', 'Dramedy', 'Romantic Drama']",English (assumed),False,2,False
Prisoner,show,"Action & Adventure, Crime, Mystery & Thriller, Action Thriller",2026.0,6.6,1k,JioHotstar,International,United Kingdom,,,https://www.justwatch.com/in/tv-show/prisoner,"['Action & Adventure', 'Crime', 'Mystery & Thriller', 'Action Thriller']",English (assumed),True,2,False
Bleach: Sennen Kessen-hen,show,"Action & Adventure, Animation, Fantasy, Mystery & Thriller, War & Military, Classic Japanese Anime",2022.0,9.0,77k,JioHotstar,International,Japan,25.0,UA16+,https://www.justwatch.com/in/tv-show/bleach-thousand-year-blood-war,"['Action & Adventure', 'Animation', 'Fantasy', 'Mystery & Thriller', 'War & Military', 'Classic Japanese Anime']",English (assumed),False,3,False
His Dark Materials,show,"Action & Adventure, Drama, Fantasy, Science-Fiction, Epic Fantasy, Sci-Fi Drama, Dark Fantasy",2019.0,7.7,94k,JioHotstar,International,United Kingdom,54.0,UA13+,https://www.justwatch.com/in/tv-show/his-dark-materials,"['Action & Adventure', 'Drama', 'Fantasy', 'Science-Fiction', 'Epic Fantasy', 'Sci-Fi Drama', 'Dark Fantasy']",English (assumed),False,2,False
Mairimashita! Iruma-kun,show,"Animation, Comedy, Drama, Fantasy, Science-Fiction, Classic Japanese Anime",2019.0,7.6,3k,JioHotstar,International,Japan,24.0,UA13+,https://www.justwatch.com/in/tv-show/welcome-to-demon-school-iruma-kun,"['Animation', 'Comedy', 'Drama', 'Fantasy', 'Science-Fiction', 'Classic Japanese Anime']",English (assumed),False,3,False
Kasam - Tere Pyaar Ki,show,"Kids & Family, Drama, Bollywood, Romantic Drama",2016.0,,,JioHotstar,Indian,India,,,https://www.justwatch.com/in/tv-show/kasam,"['Kids & Family', 'Drama', 'Bollywood', 'Romantic Drama']",Hindi,False,2,False
White Collar,show,"Comedy, Crime, Drama, Mystery & Thriller, Detective Crime",2009.0,8.2,153k,JioHotstar,International,United States,44.0,U,https://www.justwatch.com/in/tv-show/white-collar,"['Comedy', 'Crime', 'Drama', 'Mystery & Thriller', 'Detective Crime']",English (assumed),False,2,False
Hawaii Five-0,show,"Action & Adventure, Comedy, Crime, Drama, Mystery & Thriller, Romance, Detective Crime, Action Thriller",2010.0,7.4,83k,JioHotstar,International,United States,43.0,U,https://www.justwatch.com/in/tv-show/hawaii-five-0,"['Action & Adventure', 'Comedy', 'Crime', 'Drama', 'Mystery & Thriller', 'Romance', 'Detective Crime', 'Action Thriller']",English (assumed),False,2,False
Tucci in Italy,show,Documentary,2025.0,8.0,1k,JioHotstar,International,United States,,,https://www.justwatch.com/in/tv-show/tucci-in-italy,['Documentary'],English (assumed),True,2,False
Law & Order,show,"Crime, Drama, Mystery & Thriller, Courtroom, Detective Crime",1990.0,7.8,51k,JioHotstar,International,United States,,,https://www.justwatch.com/in/tv-show/law-and-order,"['Crime', 'Drama', 'Mystery & Thriller', 'Courtroom', 'Detective Crime']",English (assumed),False,2,False
Nurse Jackie,show,"Comedy, Drama, Dramedy",2009.0,7.9,33k,JioHotstar,International,United States,27.0,UA16+,https://www.justwatch.com/in/tv-show/nurse-jackie,"['Comedy', 'Drama', 'Dramedy']",English (assumed),False,2,False
Gossip Girl,show,"Drama, Romance, Emotional Drama, Young Adult Drama",2007.0,7.5,198k,JioHotstar,International,United States,42.0,U,https://www.justwatch.com/in/tv-show/gossip-girl,"['Drama', 'Romance', 'Emotional Drama', 'Young Adult Drama']",English (assumed),False,3,False
Vice Principals,show,Comedy,2016.0,8.0,38k,JioHotstar,International,United States,,,https://www.justwatch.com/in/tv-show/vice-principals,['Comedy'],English (assumed),False,2,False
Tuu Juliet Jatt Di,show,"Drama, Romance",2025.0,,,JioHotstar,Indian,India,24.0,UA13+,https://www.justwatch.com/in/tv-show/tu-juliet-jatt-di,"['Drama', 'Romance']",Regional Indian (unspecified),True,2,False
American Horror Story,show,"Drama, Horror, Mystery & Thriller, Science-Fiction, Slasher, Horror Thriller",2011.0,7.9,362k,JioHotstar,International,United States,44.0,A,https://www.justwatch.com/in/tv-show/american-horror-story,"['Drama', 'Horror', 'Mystery & Thriller', 'Science-Fiction', 'Slasher', 'Horror Thriller']",English (assumed),False,2,False
Shubh Ratri,show,"Comedy, Drama, Bollywood",2019.0,,,JioHotstar,Indian,India,26.0,UA7+,https://www.justwatch.com/in/tv-show/shubh-ratri,"['Comedy', 'Drama', 'Bollywood']",Hindi,False,2,False
Molkki,show,"Drama, Emotional Drama, Bollywood",2020.0,,,JioHotstar,Indian,India,20.0,UA13+,https://www.justwatch.com/in/tv-show/molkki,"['Drama', 'Emotional Drama', 'Bollywood']",Hindi,False,2,False
Tracker,show,"Action & Adventure, Crime, Drama, Detective Crime",2024.0,7.1,30k,JioHotstar,International,United States,,,https://www.justwatch.com/in/tv-show/tracker-2024,"['Action & Adventure', 'Crime', 'Drama', 'Detective Crime']",English (assumed),True,2,False
Bahu Begum,show,"Drama, Kids & Family, Romance, Bollywood, Like, Dislike, Lists, Seen all, Sign in, to sync Watchlist",2019.0,,,JioHotstar,Indian,India,20.0,UA13+,https://www.justwatch.com/in/tv-show/bahu-begum,"['Drama', 'Kids & Family', 'Romance', 'Bollywood', 'Like', 'Dislike', 'Lists', 'Seen all', 'Sign in', 'to sync Watchlist']",Hindi,False,2,False
Love Conquers All,show,"Drama, Romance, Bollywood",2001.0,3.8,1k,JioHotstar,Indian,India,28.0,UA13+,https://www.justwatch.com/in/tv-show/kasautii-zindagii-kay,"['Drama', 'Romance', 'Bollywood']",Hindi,False,2,False
Nishir Daak,show,"Horror, Mystery & Thriller, Bollywood, Horror Thriller",2018.0,,,JioHotstar,Indian,India,,,https://www.justwatch.com/in/tv-show/nishir-daak,"['Horror', 'Mystery & Thriller', 'Bollywood', 'Horror Thriller']",Hindi,False,2,False
Halo,show,"Mystery & Thriller, Science-Fiction, War & Military, Sci-Fi Military, Action Adventure",2022.0,7.3,110k,JioHotstar,International,United States,52.0,UA13+,https://www.justwatch.com/in/tv-show/halo,"['Mystery & Thriller', 'Science-Fiction', 'War & Military', 'Sci-Fi Military', 'Action Adventure']",English (assumed),False,2,False
Gold Land,show,"Crime, Drama, Mystery & Thriller, Romance",2026.0,,,JioHotstar,International,South Korea,,,https://www.justwatch.com/in/tv-show/gold-land,"['Crime', 'Drama', 'Mystery & Thriller', 'Romance']",English (assumed),True,2,False
MasterChef Australia,show,"Reality TV, Reality Competition",2009.0,8.2,4k,JioHotstar,International,Australia,55.0,U,https://www.justwatch.com/in/tv-show/masterchef-australia,"['Reality TV', 'Reality Competition']",English (assumed),False,2,False
PONIES,show,"Comedy, Crime, Drama, Mystery Thriller",2026.0,7.1,11k,JioHotstar,International,United States,,,https://www.justwatch.com/in/tv-show/ponies,"['Comedy', 'Crime', 'Drama', 'Mystery Thriller']",English (assumed),True,2,False
Welcome to Wrexham,show,"Documentary, Sport, Reality TV",2022.0,8.3,25k,JioHotstar,International,United States,34.0,UA16+,https://www.justwatch.com/in/tv-show/welcome-to-wrexham,"['Documentary', 'Sport', 'Reality TV']",English (assumed),False,2,False
Dr. Aarambhi,show,Drama,2026.0,,,JioHotstar,Indian,India,21.0,UA13+,https://www.justwatch.com/in/tv-show/dr-aarambhi,['Drama'],Regional Indian (unspecified),True,2,False
Neighbors,show,"Documentary, Reality TV",2026.0,6.8,1k,JioHotstar,International,United States,,,https://www.justwatch.com/in/tv-show/neighbors,"['Documentary', 'Reality TV']",English (assumed),True,2,False
Anupamaa,show,"Drama, Emotional Drama, Bollywood",2020.0,3.5,3k,JioHotstar,Indian,India,24.0,UA13+,https://www.justwatch.com/in/tv-show/anupamaa,"['Drama', 'Emotional Drama', 'Bollywood']",Hindi,False,2,False
Vigilante,show,"Action & Adventure, Crime, Drama, Mystery & Thriller, Action Thriller",2023.0,7.7,4k,JioHotstar,International,South Korea,,,https://www.justwatch.com/in/tv-show/vigilante,"['Action & Adventure', 'Crime', 'Drama', 'Mystery & Thriller', 'Action Thriller']",English (assumed),False,2,False
Boston Legal,show,"Comedy, Crime, Drama, Courtroom",2004.0,8.5,53k,JioHotstar,International,United States,44.0,UA13+,https://www.justwatch.com/in/tv-show/boston-legal,"['Comedy', 'Crime', 'Drama', 'Courtroom']",English (assumed),False,2,False
She-Hulk: Attorney at Law,show,"Comedy, Science-Fiction, Action Adventure",2022.0,5.2,209k,JioHotstar,International,United States,32.0,UA16+,https://www.justwatch.com/in/tv-show/she-hulk,"['Comedy', 'Science-Fiction', 'Action Adventure']",English (assumed),False,2,False
Criminal Justice: Adhura Sach,show,"Crime, Drama, Mystery Thriller",2022.0,7.6,8k,JioHotstar,Indian,India,47.0,UA16+,https://www.justwatch.com/in/tv-show/criminal-justice-adhura-sach,"['Crime', 'Drama', 'Mystery Thriller']",Regional Indian (unspecified),False,2,False
1883,show,"Drama, Western, Epic Western",2021.0,8.6,167k,JioHotstar,International,United States,,,https://www.justwatch.com/in/tv-show/1883,"['Drama', 'Western', 'Epic Western']",English (assumed),False,2,False
New Girl,show,"Comedy, Romance, Sitcoms",2011.0,7.8,263k,JioHotstar,International,United States,21.0,U,https://www.justwatch.com/in/tv-show/new-girl,"['Comedy', 'Romance', 'Sitcoms']",English (assumed),False,2,False
Barrister Babu,show,"Drama, History, Kids & Family, Romance, Bollywood",2020.0,7.1,1k,JioHotstar,Indian,India,21.0,UA13+,https://www.justwatch.com/in/tv-show/barrister-babu,"['Drama', 'History', 'Kids & Family', 'Romance', 'Bollywood']",Hindi,False,2,False
Poker Face,show,"Comedy, Crime, Drama, Mystery Thriller",2023.0,7.7,68k,JioHotstar,International,United States,,,https://www.justwatch.com/in/tv-show/poker-face,"['Comedy', 'Crime', 'Drama', 'Mystery Thriller']",English (assumed),False,2,False
Sirf Tum,show,"Drama, Romantic Drama",2021.0,,,JioHotstar,Indian,India,22.0,UA13+,https://www.justwatch.com/in/tv-show/sirf-tum,"['Drama', 'Romantic Drama']",Regional Indian (unspecified),False,2,False
Sword Art Online,show,"Action & Adventure, Animation, Drama, Fantasy, Mystery & Thriller, Romance, Science-Fiction, Classic Japanese Anime",2012.0,7.5,54k,JioHotstar,International,Japan,23.0,A,https://www.justwatch.com/in/tv-show/sword-art-online-ii,"['Action & Adventure', 'Animation', 'Drama', 'Fantasy', 'Mystery & Thriller', 'Romance', 'Science-Fiction', 'Classic Japanese Anime']",English (assumed),False,4,False
Barry,show,"Action & Adventure, Comedy, Crime, Drama, Dark Crime, Action Comedy, Sitcoms",2018.0,8.3,143k,JioHotstar,International,United States,32.0,UA13+,https://www.justwatch.com/in/tv-show/barry,"['Action & Adventure', 'Comedy', 'Crime', 'Drama', 'Dark Crime', 'Action Comedy', 'Sitcoms']",English (assumed),False,2,False
Marvel's Jessica Jones,show,"Action & Adventure, Crime, Drama, Mystery & Thriller, Science-Fiction, Superhero",2015.0,7.8,240k,JioHotstar,International,United States,51.0,A,https://www.justwatch.com/in/tv-show/marvels-jessica-jones,"['Action & Adventure', 'Crime', 'Drama', 'Mystery & Thriller', 'Science-Fiction', 'Superhero']",English (assumed),False,2,False
Star Wars: Maul - Shadow Lord,show,"Action & Adventure, Animation, Crime, Kids & Family, Science-Fiction",2026.0,8.6,26k,JioHotstar,International,United States,24.0,UA13+,https://www.justwatch.com/in/tv-show/star-wars-maul-shadow-lord,"['Action & Adventure', 'Animation', 'Crime', 'Kids & Family', 'Science-Fiction']",English (assumed),True,2,False
St. Denis Medical,show,"Comedy, Sitcoms",2024.0,7.2,8k,JioHotstar,International,United States,,,https://www.justwatch.com/in/tv-show/st-denis-medical,"['Comedy', 'Sitcoms']",English (assumed),True,2,False
Marvel's The Defenders,show,"Action & Adventure, Crime, Fantasy, Science-Fiction, Superhero",2017.0,7.2,127k,JioHotstar,International,United States,50.0,UA16+,https://www.justwatch.com/in/tv-show/marvels-the-defenders,"['Action & Adventure', 'Crime', 'Fantasy', 'Science-Fiction', 'Superhero']",English (assumed),False,2,False
Dhurandhar: The Revenge,movie,"Action & Adventure, Crime, Mystery & Thriller",2026.0,8.3,62k,JioCinema,Indian,India,235.0,A,https://www.justwatch.com/in/movie/dhurandhar-the-revenge,"['Action & Adventure', 'Crime', 'Mystery & Thriller']",Regional Indian (unspecified),True,2,False
Trikala: Script of God,movie,Mystery & Thriller,2026.0,,,JioCinema,Indian,India,127.0,A,https://www.justwatch.com/in/movie/trikala-script-of-god,['Mystery & Thriller'],Regional Indian (unspecified),True,3,False
Dhurandhar,movie,"Action & Adventure, Crime, Drama, Mystery & Thriller, Action Thriller",2025.0,8.3,143k,JioCinema,Indian,India,214.0,A,https://www.justwatch.com/in/movie/dhurandhar-2025,"['Action & Adventure', 'Crime', 'Drama', 'Mystery & Thriller', 'Action Thriller']",Regional Indian (unspecified),True,2,False
Dridam,movie,"Crime, Drama, Mystery & Thriller, Bollywood",2026.0,7.0,3k,JioCinema,Indian,India,127.0,UA16+,https://www.justwatch.com/in/movie/dridam,"['Crime', 'Drama', 'Mystery & Thriller', 'Bollywood']",Hindi,True,2,False
Mollywood Times,movie,"Comedy, Drama",2026.0,7.5,2k,JioCinema,Indian,India,150.0,UA16+,https://www.justwatch.com/in/movie/mollywood-times,"['Comedy', 'Drama']",Regional Indian (unspecified),True,2,False
Evil Dead Rise,movie,"Horror, Mystery & Thriller, Horror Thriller, Dark Fantasy",2023.0,6.5,169k,JioCinema,International,"Ireland, New Zealand, United States",96.0,A,https://www.justwatch.com/in/movie/evil-dead-rise,"['Horror', 'Mystery & Thriller', 'Horror Thriller', 'Dark Fantasy']",English (assumed),False,2,False
Spider-Man: No Way Home,movie,"Action & Adventure, Fantasy, Science-Fiction, Superhero",2021.0,,,JioCinema,International,United States,148.0,UA,https://www.justwatch.com/in/movie/spider-man-no-way-home,"['Action & Adventure', 'Fantasy', 'Science-Fiction', 'Superhero']",English (assumed),False,3,False
Avatar: Fire and Ash,movie,"Drama, Fantasy, Science-Fiction, Action Adventure",2025.0,7.2,176k,JioCinema,International,United States,198.0,UA16+,https://www.justwatch.com/in/movie/avatar-3,"['Drama', 'Fantasy', 'Science-Fiction', 'Action Adventure']",English (assumed),True,2,False
Send Help,movie,"Comedy, Horror, Mystery & Thriller, Horror Thriller",2026.0,6.7,126k,JioCinema,International,United States,113.0,A,https://www.justwatch.com/in/movie/send-help,"['Comedy', 'Horror', 'Mystery & Thriller', 'Horror Thriller']",English (assumed),True,2,False
Fifty Shades of Grey,movie,"Drama, Mystery & Thriller, Romance, Romantic Thriller, Chick Flicks, Romantic Drama",2015.0,4.2,357k,JioCinema,International,United States,,,https://www.justwatch.com/in/movie/fifty-shades-of-grey,"['Drama', 'Mystery & Thriller', 'Romance', 'Romantic Thriller', 'Chick Flicks', 'Romantic Drama']",English (assumed),False,2,False
How to Have Sex,movie,"Drama, Emotional Drama",2023.0,6.4,23k,JioCinema,International,"Belgium, France, United Kingdom, Greece",,,https://www.justwatch.com/in/movie/how-to-have-sex,"['Drama', 'Emotional Drama']",English (assumed),False,3,False
Tell Me What You Want,movie,"Documentary, Drama, Mystery & Thriller, Romance, Romantic Thriller, Romantic Drama",2024.0,4.1,2k,JioCinema,International,Spain,114.0,A,https://www.justwatch.com/in/movie/pideme-lo-que-quieras,"['Documentary', 'Drama', 'Mystery & Thriller', 'Romance', 'Romantic Thriller', 'Romantic Drama']",English (assumed),True,2,False
Together,movie,"Horror, Romance, Science-Fiction, RomCom",2025.0,6.7,82k,JioCinema,International,"Australia, United States",102.0,A,https://www.justwatch.com/in/movie/together-2025,"['Horror', 'Romance', 'Science-Fiction', 'RomCom']",English (assumed),True,3,False
Ugly story,movie,"Drama, Mystery & Thriller, Romance",2026.0,,,JioCinema,Indian,India,123.0,A,https://www.justwatch.com/in/movie/ugly-story,"['Drama', 'Mystery & Thriller', 'Romance']",Regional Indian (unspecified),True,3,False
Sambhavam Adhyayam Onnu,movie,"Drama, Fantasy, Mystery & Thriller, Psychological Thriller",2026.0,7.4,6k,JioCinema,Indian,India,127.0,UA13+,https://www.justwatch.com/in/movie/sambhavam-adhyayam-onnu,"['Drama', 'Fantasy', 'Mystery & Thriller', 'Psychological Thriller']",Regional Indian (unspecified),True,2,False
Shiddat,movie,"Drama, Romance, Bollywood",2021.0,7.6,27k,JioCinema,Indian,"United Kingdom, India",146.0,UA,https://www.justwatch.com/in/movie/shiddat-2021,"['Drama', 'Romance', 'Bollywood']",Hindi,False,2,False
Hoppers,movie,"Action & Adventure, Animation, Comedy, Kids & Family, Science-Fiction, Family Animation",2026.0,7.3,65k,JioCinema,International,United States,104.0,UA7+,https://www.justwatch.com/in/movie/hoppers,"['Action & Adventure', 'Animation', 'Comedy', 'Kids & Family', 'Science-Fiction', 'Family Animation']",English (assumed),True,2,False
The Wolf of Wall Street,movie,"Comedy, Crime, Drama, Biopics, Based On A True Story",2013.0,,,JioCinema,International,United States,180.0,A,https://www.justwatch.com/in/movie/the-wolf-of-wall-street,"['Comedy', 'Crime', 'Drama', 'Biopics', 'Based On A True Story']",English (assumed),False,2,False
Interstellar,movie,"Action & Adventure, Drama, Science-Fiction, Sci-Fi Drama",2014.0,,,JioCinema,International,"Canada, United Kingdom, United States",169.0,UA,https://www.justwatch.com/in/movie/interstellar,"['Action & Adventure', 'Drama', 'Science-Fiction', 'Sci-Fi Drama']",English (assumed),False,3,False
Companion,movie,"Horror, Science-Fiction, Mystery Thriller",2025.0,6.9,180k,JioCinema,International,United States,97.0,A,https://www.justwatch.com/in/movie/companion-2025,"['Horror', 'Science-Fiction', 'Mystery Thriller']",English (assumed),True,2,False
Dangal,movie,"Action & Adventure, Comedy, Drama, Kids & Family, Sport, Bollywood",2016.0,8.3,244k,JioCinema,Indian,India,161.0,U,https://www.justwatch.com/in/movie/dangal,"['Action & Adventure', 'Comedy', 'Drama', 'Kids & Family', 'Sport', 'Bollywood']",Hindi,False,2,False
Harry Potter and the Philosopher's Stone,movie,"Action & Adventure, Fantasy, Kids & Family, Epic Fantasy",2001.0,7.7,954k,JioCinema,International,"United Kingdom, United States",152.0,U,https://www.justwatch.com/in/movie/harry-potter-and-the-philosophers-stone,"['Action & Adventure', 'Fantasy', 'Kids & Family', 'Epic Fantasy']",English (assumed),False,2,False
Love Sonia,movie,"Drama, Bollywood",2018.0,7.4,2k,JioCinema,Indian,India,126.0,A,https://www.justwatch.com/in/movie/love-sonia,"['Drama', 'Bollywood']",Hindi,False,2,False
Titanic,movie,"Drama, Romance, Romantic Epic",1997.0,,,JioCinema,International,United States,194.0,UA,https://www.justwatch.com/in/movie/titanic,"['Drama', 'Romance', 'Romantic Epic']",English (assumed),False,2,False
Hridayam,movie,"Drama, Romance, Romantic Drama",2022.0,8.0,21k,JioCinema,Indian,India,172.0,U,https://www.justwatch.com/in/movie/hridayam,"['Drama', 'Romance', 'Romantic Drama']",Regional Indian (unspecified),False,2,False
300,movie,"Action & Adventure, Drama, War & Military, Epic Fantasy, Epic",2007.0,7.6,914k,JioCinema,International,"Bulgaria, Canada, United States",117.0,A,https://www.justwatch.com/in/movie/300,"['Action & Adventure', 'Drama', 'War & Military', 'Epic Fantasy', 'Epic']",English (assumed),False,3,False
Geetha Govindam,movie,"Comedy, Drama, Romance, Bollywood",2018.0,7.7,17k,JioCinema,Indian,India,148.0,UA,https://www.justwatch.com/in/movie/geetha-govindam,"['Comedy', 'Drama', 'Romance', 'Bollywood']",Hindi,False,2,False
Rangasthalam,movie,"Action & Adventure, Drama, Bollywood",2018.0,8.2,31k,JioCinema,Indian,India,179.0,UA,https://www.justwatch.com/in/movie/rangasthalam,"['Action & Adventure', 'Drama', 'Bollywood']",Hindi,False,3,False
Inception,movie,"Action & Adventure, Mystery & Thriller, Science-Fiction, Cerebral, Action Thriller",2010.0,,,JioCinema,International,"United Kingdom, United States",148.0,UA,https://www.justwatch.com/in/movie/inception,"['Action & Adventure', 'Mystery & Thriller', 'Science-Fiction', 'Cerebral', 'Action Thriller']",English (assumed),False,3,False
Iron Man,movie,"Action & Adventure, Science-Fiction, Superhero",2008.0,,,JioCinema,International,United States,126.0,UA,https://www.justwatch.com/in/movie/iron-man,"['Action & Adventure', 'Science-Fiction', 'Superhero']",English (assumed),False,2,False
The Lunchbox,movie,"Drama, Romance, Bollywood",2013.0,7.8,68k,JioCinema,Indian,"Germany, France, India, United States",104.0,U,https://www.justwatch.com/in/movie/the-lunchbox,"['Drama', 'Romance', 'Bollywood']",Hindi,False,2,False
Strange Days,movie,"Crime, Drama, Mystery & Thriller, Science-Fiction, Cyberpunk, Action Thriller",1995.0,7.2,85k,JioCinema,International,United States,145.0,U,https://www.justwatch.com/in/movie/strange-days,"['Crime', 'Drama', 'Mystery & Thriller', 'Science-Fiction', 'Cyberpunk', 'Action Thriller']",English (assumed),False,2,False
The Amazing Spider-Man,movie,"Action & Adventure, Science-Fiction, Superhero",2012.0,6.9,768k,JioCinema,International,United States,137.0,UA,https://www.justwatch.com/in/movie/the-amazing-spider-man,"['Action & Adventure', 'Science-Fiction', 'Superhero']",English (assumed),False,4,False
Pirates of the Caribbean: The Curse of the Black Pearl,movie,"Fantasy, Epic Fantasy, Action Adventure",2003.0,,,JioCinema,International,United States,143.0,UA,https://www.justwatch.com/in/movie/pirates-of-the-caribbean-the-curse-of-the-black-pearl,"['Fantasy', 'Epic Fantasy', 'Action Adventure']",English (assumed),False,2,False
The Lord of the Rings: The Fellowship of the Ring,movie,"Action & Adventure, Drama, Fantasy, Epic Fantasy",2001.0,,,JioCinema,International,"New Zealand, United States",228.0,U,https://www.justwatch.com/in/movie/the-lord-of-the-rings-the-fellowship-of-the-ring,"['Action & Adventure', 'Drama', 'Fantasy', 'Epic Fantasy']",English (assumed),False,2,False
Chhichhore,movie,"Comedy, Drama, Romance, Bollywood",2019.0,8.3,73k,JioCinema,Indian,India,146.0,U,https://www.justwatch.com/in/movie/chhichhore,"['Comedy', 'Drama', 'Romance', 'Bollywood']",Hindi,False,2,False
Avengers: Infinity War,movie,"Action & Adventure, Science-Fiction, Superhero",2018.0,,,JioCinema,International,United States,149.0,UA,https://www.justwatch.com/in/movie/avengers-infinity-war,"['Action & Adventure', 'Science-Fiction', 'Superhero']",English (assumed),False,2,False
Weapons,movie,"Horror, Mystery & Thriller, Horror Thriller",2025.0,7.4,372k,JioCinema,International,United States,129.0,A,https://www.justwatch.com/in/movie/weapons-2025,"['Horror', 'Mystery & Thriller', 'Horror Thriller']",English (assumed),True,2,False
Bugonia,movie,"Comedy, Crime, Mystery & Thriller, Science-Fiction, Sci-Fi Comedy",2025.0,7.4,202k,JioCinema,International,"Canada, Ireland, South Korea, United States",119.0,A,https://www.justwatch.com/in/movie/bugonia,"['Comedy', 'Crime', 'Mystery & Thriller', 'Science-Fiction', 'Sci-Fi Comedy']",English (assumed),True,2,False
Bāhubali: The Beginning,movie,"Action & Adventure, Drama, Bollywood",2015.0,8.0,154k,JioCinema,Indian,India,159.0,UA,https://www.justwatch.com/in/movie/baahubali-the-beginning,"['Action & Adventure', 'Drama', 'Bollywood']",Hindi,False,3,False
The Devil's Bride,movie,"Horror, Mystery & Thriller, Horror Thriller",2025.0,,,JioCinema,International,Indonesia,91.0,A,https://www.justwatch.com/in/movie/the-devils-bride,"['Horror', 'Mystery & Thriller', 'Horror Thriller']",English (assumed),True,2,False
K.G.F: Chapter 1,movie,"Action & Adventure, Crime, Drama, Mystery & Thriller, Bollywood",2018.0,8.1,111k,JioCinema,Indian,India,156.0,UA,https://www.justwatch.com/in/movie/k-g-f-chapter-1,"['Action & Adventure', 'Crime', 'Drama', 'Mystery & Thriller', 'Bollywood']",Hindi,False,3,False
Sisu,movie,"Action & Adventure, Mystery & Thriller, War & Military, War Epics",2023.0,6.9,123k,JioCinema,International,"Finland, United Kingdom, United States",91.0,A,https://www.justwatch.com/in/movie/sisu-2023,"['Action & Adventure', 'Mystery & Thriller', 'War & Military', 'War Epics']",English (assumed),False,3,False
The Brutalist,movie,"Drama, Psychological Drama",2024.0,7.2,154k,JioCinema,International,"United Kingdom, United States",215.0,A,https://www.justwatch.com/in/movie/the-brutalist,"['Drama', 'Psychological Drama']",English (assumed),True,2,False
Spider-Man: Far From Home,movie,"Action & Adventure, Comedy, Fantasy, Science-Fiction, Superhero",2019.0,7.3,643k,JioCinema,International,United States,130.0,UA,https://www.justwatch.com/in/movie/spider-man-far-from-home,"['Action & Adventure', 'Comedy', 'Fantasy', 'Science-Fiction', 'Superhero']",English (assumed),False,4,False
Sing 2,movie,"Animation, Comedy, Kids & Family, Music & Musical, Animated Musical",2021.0,7.3,101k,JioCinema,International,United States,110.0,U,https://www.justwatch.com/in/movie/sing-2,"['Animation', 'Comedy', 'Kids & Family', 'Music & Musical', 'Animated Musical']",English (assumed),False,2,False
Toy Story,movie,"Action & Adventure, Animation, Comedy, Fantasy, Kids & Family, Pixar, Family Animation",1995.0,,,JioCinema,International,United States,81.0,U,https://www.justwatch.com/in/movie/toy-story,"['Action & Adventure', 'Animation', 'Comedy', 'Fantasy', 'Kids & Family', 'Pixar', 'Family Animation']",English (assumed),False,2,False
First Man,movie,"Drama, History, Biopics",2018.0,7.3,217k,JioCinema,International,United States,138.0,UA,https://www.justwatch.com/in/movie/first-man,"['Drama', 'History', 'Biopics']",English (assumed),False,3,False
Atonement,movie,"Drama, Romance, War & Military, Romantic Epic",2007.0,7.8,330k,JioCinema,International,"France, United Kingdom, United States",123.0,UA,https://www.justwatch.com/in/movie/atonement,"['Drama', 'Romance', 'War & Military', 'Romantic Epic']",English (assumed),False,2,False
Superman,movie,"Action & Adventure, Science-Fiction, Superhero",2025.0,7.0,421k,JioCinema,International,United States,130.0,UA13+,https://www.justwatch.com/in/movie/superman-2025,"['Action & Adventure', 'Science-Fiction', 'Superhero']",English (assumed),True,2,False
Hello!,movie,"Action & Adventure, Drama, Horror, Mystery & Thriller, Romance, Bollywood",2017.0,7.4,3k,JioCinema,Indian,India,131.0,U,https://www.justwatch.com/in/movie/hello-2017,"['Action & Adventure', 'Drama', 'Horror', 'Mystery & Thriller', 'Romance', 'Bollywood']",Hindi,False,2,False
Ved,movie,"Drama, Romance, Romantic Drama",2022.0,7.2,5k,JioCinema,Indian,India,148.0,UA,https://www.justwatch.com/in/movie/ved,"['Drama', 'Romance', 'Romantic Drama']",Regional Indian (unspecified),False,2,False
Man of Steel,movie,"Action & Adventure, Science-Fiction, Superhero",2013.0,7.1,869k,JioCinema,International,"United Kingdom, United States",143.0,UA,https://www.justwatch.com/in/movie/man-of-steel,"['Action & Adventure', 'Science-Fiction', 'Superhero']",English (assumed),False,3,False
The Godfather,movie,"Crime, Drama, Organized Crime",1972.0,,,JioCinema,International,United States,175.0,UA,https://www.justwatch.com/in/movie/the-godfather,"['Crime', 'Drama', 'Organized Crime']",English (assumed),False,2,False
12th Fail,movie,"Drama, Bollywood, Based On A True Story",2023.0,8.7,173k,JioCinema,Indian,India,146.0,U,https://www.justwatch.com/in/movie/12th-fail,"['Drama', 'Bollywood', 'Based On A True Story']",Hindi,False,2,False
Inglourious Basterds,movie,"Drama, Mystery & Thriller, War & Military, War Drama, War Epics",2009.0,,,JioCinema,International,"Germany, United States",153.0,A,https://www.justwatch.com/in/movie/inglourious-basterds,"['Drama', 'Mystery & Thriller', 'War & Military', 'War Drama', 'War Epics']",English (assumed),False,3,False
Wardriver,movie,"Crime, Mystery & Thriller",2026.0,5.5,1k,JioCinema,International,United States,93.0,UA16+,https://www.justwatch.com/in/movie/wardriver,"['Crime', 'Mystery & Thriller']",English (assumed),True,3,False
Oppenheimer,movie,"Drama, History, War Drama, Biopics",2023.0,,,JioCinema,International,"United Kingdom, United States",181.0,UA,https://www.justwatch.com/in/movie/oppenheimer,"['Drama', 'History', 'War Drama', 'Biopics']",English (assumed),False,2,False
Total Dhamaal,movie,"Action & Adventure, Comedy, Action Comedy",2019.0,4.3,9k,JioCinema,Indian,India,127.0,U,https://www.justwatch.com/in/movie/total-dhamaal,"['Action & Adventure', 'Comedy', 'Action Comedy']",Regional Indian (unspecified),False,2,False
Jumanji: Welcome to the Jungle,movie,"Comedy, Fantasy, Action Adventure",2017.0,6.9,505k,JioCinema,International,United States,119.0,UA,https://www.justwatch.com/in/movie/jumanji-welcome-to-the-jungle,"['Comedy', 'Fantasy', 'Action Adventure']",English (assumed),False,4,False
The Devil Wears Prada,movie,"Comedy, Drama, Chick Flicks, Dramedy",2006.0,7.0,557k,JioCinema,International,United States,109.0,UA,https://www.justwatch.com/in/movie/the-devil-wears-prada,"['Comedy', 'Drama', 'Chick Flicks', 'Dramedy']",English (assumed),False,2,False
The Dark Knight,movie,"Action & Adventure, Crime, Mystery & Thriller, Superhero, Action Thriller",2008.0,,,JioCinema,International,"United Kingdom, United States",152.0,UA,https://www.justwatch.com/in/movie/the-dark-knight,"['Action & Adventure', 'Crime', 'Mystery & Thriller', 'Superhero', 'Action Thriller']",English (assumed),False,3,False
Sinners,movie,"Action & Adventure, Horror, Mystery & Thriller, Horror Thriller",2025.0,7.5,494k,JioCinema,International,"Australia, Canada, United States",137.0,A,https://www.justwatch.com/in/movie/sinners-2025,"['Action & Adventure', 'Horror', 'Mystery & Thriller', 'Horror Thriller']",English (assumed),True,2,False
The RajaSaab,movie,"Action & Adventure, Comedy, Fantasy, Horror, RomCom, Horror Comedy",2026.0,3.1,11k,JioCinema,Indian,India,190.0,UA16+,https://www.justwatch.com/in/movie/the-raja-saab,"['Action & Adventure', 'Comedy', 'Fantasy', 'Horror', 'RomCom', 'Horror Comedy']",Regional Indian (unspecified),True,2,False
The Matrix,movie,"Action & Adventure, Science-Fiction, Cerebral, Cyberpunk, Tech Noir",1999.0,,,JioCinema,International,United States,136.0,A,https://www.justwatch.com/in/movie/the-matrix,"['Action & Adventure', 'Science-Fiction', 'Cerebral', 'Cyberpunk', 'Tech Noir']",English (assumed),False,3,False
Shutter Island,movie,"Drama, Horror Thriller, Mystery Thriller, Psychological Thriller",2010.0,,,JioCinema,International,United States,138.0,A,https://www.justwatch.com/in/movie/shutter-island,"['Drama', 'Horror Thriller', 'Mystery Thriller', 'Psychological Thriller']",English (assumed),False,2,False
Ford v Ferrari,movie,"Action & Adventure, Drama, History, Sport, Biopics, Based On A True Story",2019.0,8.1,495k,JioCinema,International,United States,153.0,UA,https://www.justwatch.com/in/movie/ford-v-ferrari,"['Action & Adventure', 'Drama', 'History', 'Sport', 'Biopics', 'Based On A True Story']",English (assumed),False,2,False
The Avengers,movie,"Action & Adventure, Science-Fiction, Superhero",2012.0,,,JioCinema,International,United States,143.0,UA,https://www.justwatch.com/in/movie/the-avengers,"['Action & Adventure', 'Science-Fiction', 'Superhero']",English (assumed),False,2,False
Marco,movie,"Action & Adventure, Crime, Mystery & Thriller, Bollywood",2024.0,6.5,25k,JioCinema,Indian,India,145.0,A,https://www.justwatch.com/in/movie/marco-2024,"['Action & Adventure', 'Crime', 'Mystery & Thriller', 'Bollywood']",Hindi,True,4,False
Dead Poets Society,movie,"Comedy, Drama, Dramedy",1989.0,8.1,657k,JioCinema,International,United States,129.0,U,https://www.justwatch.com/in/movie/dead-poets-society,"['Comedy', 'Drama', 'Dramedy']",English (assumed),False,2,False
Blade Runner 2049,movie,"Action & Adventure, Drama, Mystery & Thriller, Science-Fiction, Post Apocalyptic World, Cyberpunk",2017.0,8.0,757k,JioCinema,International,"Canada, United Kingdom, United States",164.0,A,https://www.justwatch.com/in/movie/blade-runner-2049,"['Action & Adventure', 'Drama', 'Mystery & Thriller', 'Science-Fiction', 'Post Apocalyptic World', 'Cyberpunk']",English (assumed),False,4,False
About Time,movie,"Comedy, Drama, Fantasy, Romance, Science-Fiction, Made in Europe, RomCom, Modern Fantasy, Dramedy, Romantic Drama",2013.0,7.8,436k,JioCinema,International,"United Kingdom, United States",123.0,UA16+,https://www.justwatch.com/in/movie/about-time,"['Comedy', 'Drama', 'Fantasy', 'Romance', 'Science-Fiction', 'Made in Europe', 'RomCom', 'Modern Fantasy', 'Dramedy', 'Romantic Drama']",English (assumed),False,2,False
Avatar,movie,"Action & Adventure, Fantasy, Science-Fiction, Sci-Fi Military, Epic Fantasy",2009.0,,,JioCinema,International,"United Kingdom, United States",162.0,UA,https://www.justwatch.com/in/movie/avatar,"['Action & Adventure', 'Fantasy', 'Science-Fiction', 'Sci-Fi Military', 'Epic Fantasy']",English (assumed),False,2,False
Sarkar,movie,"Action & Adventure, Drama, Bollywood",2018.0,6.7,22k,JioCinema,Indian,India,164.0,UA,https://www.justwatch.com/in/movie/sarkar-2018,"['Action & Adventure', 'Drama', 'Bollywood']",Hindi,False,2,False
Catch Me If You Can,movie,"Crime, Drama, Based On A True Story",2002.0,,,JioCinema,International,United States,141.0,A,https://www.justwatch.com/in/movie/catch-me-if-you-can,"['Crime', 'Drama', 'Based On A True Story']",English (assumed),False,2,False
Drishyam,movie,"Crime, Drama, Mystery & Thriller, Bollywood",2015.0,8.2,109k,JioCinema,Indian,India,169.0,UA13+,https://www.justwatch.com/in/movie/drishyam,"['Crime', 'Drama', 'Mystery & Thriller', 'Bollywood']",Hindi,False,3,False
Train to Busan,movie,"Action & Adventure, Horror, Mystery & Thriller",2016.0,7.6,309k,JioCinema,International,South Korea,118.0,A,https://www.justwatch.com/in/movie/train-to-busan,"['Action & Adventure', 'Horror', 'Mystery & Thriller']",English (assumed),False,3,False
Vivah,movie,"Drama, Kids & Family, Mystery & Thriller, Romance, Bollywood",2006.0,6.7,12k,JioCinema,Indian,India,166.0,U,https://www.justwatch.com/in/movie/vivah,"['Drama', 'Kids & Family', 'Mystery & Thriller', 'Romance', 'Bollywood']",Hindi,False,3,False
Top Gun: Maverick,movie,"Drama, Action Adventure",2022.0,8.2,731k,JioCinema,International,United States,131.0,UA,https://www.justwatch.com/in/movie/top-gun-maverick,"['Drama', 'Action Adventure']",English (assumed),False,3,False
Touch,movie,"Drama, Romance, Romantic Drama",2024.0,7.4,7k,JioCinema,International,"United Kingdom, Iceland",121.0,UA16+,https://www.justwatch.com/in/movie/touch-0,"['Drama', 'Romance', 'Romantic Drama']",English (assumed),True,2,False
Kabir Singh,movie,"Drama, Romance, Bollywood",2019.0,7.0,45k,JioCinema,Indian,India,172.0,A,https://www.justwatch.com/in/movie/kabir-singh,"['Drama', 'Romance', 'Bollywood']",Hindi,False,3,False
Mermaid,movie,"Action & Adventure, Comedy, Horror, Mystery & Thriller, Horror Comedy",2026.0,,,JioCinema,International,United States,105.0,A,https://www.justwatch.com/in/movie/mermaid,"['Action & Adventure', 'Comedy', 'Horror', 'Mystery & Thriller', 'Horror Comedy']",English (assumed),True,3,False
Kill,movie,"Action & Adventure, Crime, Drama, Mystery & Thriller, Action Thriller",2024.0,7.4,46k,JioCinema,Indian,India,105.0,A,https://www.justwatch.com/in/movie/kill-2024,"['Action & Adventure', 'Crime', 'Drama', 'Mystery & Thriller', 'Action Thriller']",Regional Indian (unspecified),True,2,False
Dev.D,movie,"Comedy, Drama, Romance, Bollywood",2009.0,7.9,34k,JioCinema,Indian,India,144.0,A,https://www.justwatch.com/in/movie/dev-d,"['Comedy', 'Drama', 'Romance', 'Bollywood']",Hindi,False,2,False
Get Out,movie,"Horror, Mystery & Thriller, Black Culture, Psychological Thriller",2017.0,7.8,823k,JioCinema,International,United States,104.0,UA16+,https://www.justwatch.com/in/movie/get-out,"['Horror', 'Mystery & Thriller', 'Black Culture', 'Psychological Thriller']",English (assumed),False,2,False
Speak No Evil,movie,"Drama, Horror, Mystery & Thriller, Horror Thriller",2024.0,6.8,139k,JioCinema,International,United States,110.0,A,https://www.justwatch.com/in/movie/speak-no-evil-2024,"['Drama', 'Horror', 'Mystery & Thriller', 'Horror Thriller']",English (assumed),True,2,False
The Conjuring: Last Rites,movie,"Horror, Mystery & Thriller, Horror Thriller",2025.0,6.2,103k,JioCinema,International,United States,136.0,A,https://www.justwatch.com/in/movie/the-conjuring-last-rites,"['Horror', 'Mystery & Thriller', 'Horror Thriller']",English (assumed),True,2,False
The Monkey,movie,"Comedy, Horror, Horror Comedy",2025.0,5.9,94k,JioCinema,International,"Canada, United States",97.0,A,https://www.justwatch.com/in/movie/the-monkey,"['Comedy', 'Horror', 'Horror Comedy']",English (assumed),True,3,False
Inside Man,movie,"Crime, Drama, Mystery & Thriller, Heist",2006.0,7.6,425k,JioCinema,International,United States,129.0,UA,https://www.justwatch.com/in/movie/inside-man,"['Crime', 'Drama', 'Mystery & Thriller', 'Heist']",English (assumed),False,3,False
Captain America: Civil War,movie,"Action & Adventure, Science-Fiction, Superhero",2016.0,7.8,931k,JioCinema,International,United States,147.0,UA,https://www.justwatch.com/in/movie/captain-america-civil-war,"['Action & Adventure', 'Science-Fiction', 'Superhero']",English (assumed),False,2,False
Zootopia 2,movie,"Action & Adventure, Animation, Comedy, Crime, Kids & Family, Family Animation",2025.0,7.3,141k,JioCinema,International,United States,108.0,UA7+,https://www.justwatch.com/in/movie/zootopia-2,"['Action & Adventure', 'Animation', 'Comedy', 'Crime', 'Kids & Family', 'Family Animation']",English (assumed),True,2,False
The Martian,movie,"Action & Adventure, Drama, Science-Fiction, Sci-Fi Drama",2015.0,,,JioCinema,International,United States,141.0,UA,https://www.justwatch.com/in/movie/the-martian,"['Action & Adventure', 'Drama', 'Science-Fiction', 'Sci-Fi Drama']",English (assumed),False,2,False
The Conjuring,movie,"Horror, Mystery & Thriller, Paranormal",2013.0,7.5,625k,JioCinema,International,United States,112.0,A,https://www.justwatch.com/in/movie/the-conjuring,"['Horror', 'Mystery & Thriller', 'Paranormal']",English (assumed),False,3,False
Bang My Box: The Robin Byrd Story,movie,Documentary,2026.0,,,JioCinema,International,United States,,,https://www.justwatch.com/in/movie/bang-my-box-the-robin-byrd-story,['Documentary'],English (assumed),True,2,False
The Amazing Spider-Man 2,movie,"Action & Adventure, Comedy, History, Science-Fiction, War & Military, Superhero",2014.0,6.6,593k,JioCinema,International,United States,142.0,UA,https://www.justwatch.com/in/movie/the-amazing-spider-man-2,"['Action & Adventure', 'Comedy', 'History', 'Science-Fiction', 'War & Military', 'Superhero']",English (assumed),False,4,False
Tamasha,movie,"Comedy, Drama, Romance, Bollywood",2015.0,7.4,36k,JioCinema,Indian,India,139.0,UA,https://www.justwatch.com/in/movie/tamasha,"['Comedy', 'Drama', 'Romance', 'Bollywood']",Hindi,False,3,False
Avatar: The Way of Water,movie,"Fantasy, Science-Fiction, Action Adventure",2022.0,7.5,631k,JioCinema,International,United States,192.0,UA,https://www.justwatch.com/in/movie/avatar-2,"['Fantasy', 'Science-Fiction', 'Action Adventure']",English (assumed),False,2,False
Sathi Leelavathi,movie,Drama,2026.0,,,JioCinema,Indian,India,131.0,UA13+,https://www.justwatch.com/in/movie/sathi-leelavathi-2025,['Drama'],Regional Indian (unspecified),True,3,False
Nosferatu,movie,"Fantasy, Horror, Dark Fantasy",2024.0,7.1,268k,JioCinema,International,United States,133.0,A,https://www.justwatch.com/in/movie/nosferatu-2023,"['Fantasy', 'Horror', 'Dark Fantasy']",English (assumed),True,2,False
Bāhubali 2: The Conclusion,movie,,,,,JioCinema,Unknown,,,,https://www.justwatch.com/in/movie/baahubali-2-the-conclusion,[],Unknown,False,3,False
Raid,movie,"Crime, Drama, Mystery & Thriller, Bollywood",2018.0,7.4,23k,JioCinema,Indian,India,120.0,UA,https://www.justwatch.com/in/movie/raid,"['Crime', 'Drama', 'Mystery & Thriller', 'Bollywood']",Hindi,False,2,False
10 Things I Hate About You,movie,"Comedy, Drama, Romance, Chick Flicks",1999.0,7.4,453k,JioCinema,International,United States,97.0,U,https://www.justwatch.com/in/movie/10-things-i-hate-about-you,"['Comedy', 'Drama', 'Romance', 'Chick Flicks']",English (assumed),False,2,False
Mario,movie,Comedy,2025.0,8.4,1k,JioCinema,Indian,India,137.0,A,https://www.justwatch.com/in/movie/mario-2025,['Comedy'],Regional Indian (unspecified),True,3,False
Ratsasan,movie,"Action & Adventure, Crime, Drama, Mystery & Thriller, Action Thriller",2018.0,8.3,51k,JioCinema,Indian,India,170.0,UA,https://www.justwatch.com/in/movie/ratsasan,"['Action & Adventure', 'Crime', 'Drama', 'Mystery & Thriller', 'Action Thriller']",Regional Indian (unspecified),False,2,False
A Quiet Place,movie,"Drama, Horror, Science-Fiction, Post Apocalyptic World, Monster",2018.0,7.5,661k,JioCinema,International,United States,91.0,A,https://www.justwatch.com/in/movie/a-quiet-place,"['Drama', 'Horror', 'Science-Fiction', 'Post Apocalyptic World', 'Monster']",English (assumed),False,3,False
Liger,movie,"Action & Adventure, Drama, Romance, Sport, Bollywood",2022.0,2.6,49k,JioCinema,Indian,India,138.0,UA,https://www.justwatch.com/in/movie/liger,"['Action & Adventure', 'Drama', 'Romance', 'Sport', 'Bollywood']",Hindi,False,2,False
Hum Saath Saath Hain,movie,"Drama, Kids & Family, Romance, Bollywood",1999.0,6.4,10k,JioCinema,Indian,India,177.0,U,https://www.justwatch.com/in/movie/hum-saath-saath-hain,"['Drama', 'Kids & Family', 'Romance', 'Bollywood']",Hindi,False,3,False
Zack Snyder's Justice League,movie,"Action & Adventure, Documentary, Fantasy, Science-Fiction, Superhero",2021.0,7.9,474k,JioCinema,International,United States,242.0,UA,https://www.justwatch.com/in/movie/zack-snyders-justice-league,"['Action & Adventure', 'Documentary', 'Fantasy', 'Science-Fiction', 'Superhero']",English (assumed),False,2,False
(500) Days of Summer,movie,"Comedy, Drama, Romance, RomCom",2009.0,7.6,621k,JioCinema,International,United States,95.0,UA16+,https://www.justwatch.com/in/movie/500-days-of-summer,"['Comedy', 'Drama', 'Romance', 'RomCom']",English (assumed),False,2,False
Vaazha,movie,"Comedy, Drama, Bollywood",2024.0,7.3,7k,JioCinema,Indian,India,125.0,UA,https://www.justwatch.com/in/movie/vaazha,"['Comedy', 'Drama', 'Bollywood']",Hindi,True,2,False
Lokah Chapter 1: Chandra,movie,"Action & Adventure, Fantasy, Epic Fantasy",2025.0,7.6,20k,JioCinema,Indian,India,151.0,UA16+,https://www.justwatch.com/in/movie/lokah-chapter-one-chandra,"['Action & Adventure', 'Fantasy', 'Epic Fantasy']",Regional Indian (unspecified),True,2,False
Mangalavaaram,movie,"Action & Adventure, Drama, Horror, Mystery & Thriller, Action Thriller",2023.0,6.8,4k,JioCinema,Indian,India,149.0,A,https://www.justwatch.com/in/movie/mangalavaram,"['Action & Adventure', 'Drama', 'Horror', 'Mystery & Thriller', 'Action Thriller']",Regional Indian (unspecified),False,3,False
Avengers: Endgame,movie,"Action & Adventure, Drama, Science-Fiction, Superhero",2019.0,,,JioCinema,International,United States,181.0,UA,https://www.justwatch.com/in/movie/avengers-endgame,"['Action & Adventure', 'Drama', 'Science-Fiction', 'Superhero']",English (assumed),False,2,False
Maleficent,movie,"Action & Adventure, Drama, Kids & Family, Romance, Epic Fantasy, Live Action, Dark Fantasy, Fairytale Fantasy",2014.0,6.9,425k,JioCinema,International,United States,97.0,U,https://www.justwatch.com/in/movie/maleficent,"['Action & Adventure', 'Drama', 'Kids & Family', 'Romance', 'Epic Fantasy', 'Live Action', 'Dark Fantasy', 'Fairytale Fantasy']",English (assumed),False,2,False
Ransomed,movie,"Action & Adventure, Comedy, Drama, Mystery & Thriller, Action Thriller",2023.0,6.6,1k,JioCinema,International,South Korea,,,https://www.justwatch.com/in/movie/ransomed,"['Action & Adventure', 'Comedy', 'Drama', 'Mystery & Thriller', 'Action Thriller']",English (assumed),False,3,False
Predator: Badlands,movie,"Action & Adventure, Mystery & Thriller, Science-Fiction, Invasion",2025.0,7.2,156k,JioCinema,International,United States,107.0,UA16+,https://www.justwatch.com/in/movie/predator-badlands,"['Action & Adventure', 'Mystery & Thriller', 'Science-Fiction', 'Invasion']",English (assumed),True,2,False
Toy Story 4,movie,"Animation, Comedy, Fantasy, Kids & Family, Pixar, Family Animation",2019.0,7.7,287k,JioCinema,International,United States,100.0,U,https://www.justwatch.com/in/movie/toy-story-4,"['Animation', 'Comedy', 'Fantasy', 'Kids & Family', 'Pixar', 'Family Animation']",English (assumed),False,2,False
Schindler's List,movie,"Drama, History, War & Military, Biopics, Based On A True Story",1993.0,,,JioCinema,International,United States,195.0,UA,https://www.justwatch.com/in/movie/schindlers-list,"['Drama', 'History', 'War & Military', 'Biopics', 'Based On A True Story']",English (assumed),False,2,False
Sister Midnight,movie,"Comedy, Drama, Horror, Dramedy",2025.0,5.7,3k,JioCinema,Indian,"United Kingdom, India, Sweden",107.0,A,https://www.justwatch.com/in/movie/sister-midnight,"['Comedy', 'Drama', 'Horror', 'Dramedy']",Regional Indian (unspecified),True,3,False
Latency,movie,"Action & Adventure, Horror, Mystery & Thriller, Science-Fiction, Action Thriller",2024.0,4.2,3k,JioCinema,International,"Thailand, United States",94.0,UA16+,https://www.justwatch.com/in/movie/latency,"['Action & Adventure', 'Horror', 'Mystery & Thriller', 'Science-Fiction', 'Action Thriller']",English (assumed),True,3,False
Batman v Superman: Dawn of Justice,movie,"Action & Adventure, Fantasy, Science-Fiction, Superhero",2016.0,6.5,759k,JioCinema,International,United States,152.0,UA,https://www.justwatch.com/in/movie/batman-v-superman-dawn-of-justice,"['Action & Adventure', 'Fantasy', 'Science-Fiction', 'Superhero']",English (assumed),False,2,False
Deadpool,movie,"Action & Adventure, Comedy, Science-Fiction, Superhero, Action Comedy",2016.0,,,JioCinema,International,United States,108.0,A,https://www.justwatch.com/in/movie/deadpool,"['Action & Adventure', 'Comedy', 'Science-Fiction', 'Superhero', 'Action Comedy']",English (assumed),False,2,False
21 Grams,movie,"Crime, Drama, Mystery & Thriller, Emotional Drama",2003.0,7.6,252k,JioCinema,International,United States,124.0,UA,https://www.justwatch.com/in/movie/21-grams,"['Crime', 'Drama', 'Mystery & Thriller', 'Emotional Drama']",English (assumed),False,2,False
R.L. Stine's Pumpkinhead,movie,"Comedy, Fantasy, Horror, Horror Thriller, Monster",2025.0,5.8,1k,JioCinema,International,Canada,91.0,UA16+,https://www.justwatch.com/in/movie/r-l-stines-pumpkinhead,"['Comedy', 'Fantasy', 'Horror', 'Horror Thriller', 'Monster']",English (assumed),True,3,False
A Woman Called Mother,movie,"Drama, Horror, Paranormal",2025.0,,,JioCinema,International,Indonesia,,,https://www.justwatch.com/in/movie/a-woman-called-mother,"['Drama', 'Horror', 'Paranormal']",English (assumed),True,2,False
Batman Begins,movie,"Action & Adventure, Crime, Drama, Superhero",2005.0,,,JioCinema,International,"United Kingdom, United States",140.0,UA,https://www.justwatch.com/in/movie/batman-begins,"['Action & Adventure', 'Crime', 'Drama', 'Superhero']",English (assumed),False,3,False
Bruce Almighty,movie,"Comedy, Fantasy, Modern Fantasy",2003.0,6.8,471k,JioCinema,International,United States,101.0,UA,https://www.justwatch.com/in/movie/bruce-almighty,"['Comedy', 'Fantasy', 'Modern Fantasy']",English (assumed),False,2,False
The Hangover,movie,"Comedy, Raunchy Comedy",2009.0,7.7,934k,JioCinema,International,United States,100.0,A,https://www.justwatch.com/in/movie/the-hangover,"['Comedy', 'Raunchy Comedy']",English (assumed),False,3,False
Welcome,movie,"Comedy, Crime, Drama, Romance, RomCom",2007.0,7.2,29k,JioCinema,Indian,India,150.0,UA,https://www.justwatch.com/in/movie/welcome,"['Comedy', 'Crime', 'Drama', 'Romance', 'RomCom']",Regional Indian (unspecified),False,3,False
The Incredible Hulk,movie,"Action & Adventure, Science-Fiction, Superhero",2008.0,6.6,566k,JioCinema,International,United States,112.0,UA,https://www.justwatch.com/in/movie/the-incredible-hulk,"['Action & Adventure', 'Science-Fiction', 'Superhero']",English (assumed),False,2,False
Gatta Kusthi,movie,"Comedy, Drama, Romance, Sport, Dramedy",2022.0,6.5,3k,JioCinema,Indian,India,146.0,UA,https://www.justwatch.com/in/movie/gatta-kusthi,"['Comedy', 'Drama', 'Romance', 'Sport', 'Dramedy']",Regional Indian (unspecified),False,2,False
World War Z,movie,"Action & Adventure, Horror, Science-Fiction, Zombie",2013.0,7.0,786k,JioCinema,International,United States,116.0,UA,https://www.justwatch.com/in/movie/world-war-z,"['Action & Adventure', 'Horror', 'Science-Fiction', 'Zombie']",English (assumed),False,3,False
Hollow Man,movie,"Action & Adventure, Horror, Mystery & Thriller, Science-Fiction, SciFi Horror",2000.0,5.9,147k,JioCinema,International,"Germany, United States",113.0,A,https://www.justwatch.com/in/movie/hollow-man,"['Action & Adventure', 'Horror', 'Mystery & Thriller', 'Science-Fiction', 'SciFi Horror']",English (assumed),False,2,False
Vivarium,movie,"Horror, Science-Fiction, Mystery Thriller",2019.0,5.9,92k,JioCinema,International,"Belgium, Denmark, Ireland, United States",99.0,U,https://www.justwatch.com/in/movie/vivarium,"['Horror', 'Science-Fiction', 'Mystery Thriller']",English (assumed),False,3,False
Fifty Shades Freed,movie,"Drama, Mystery & Thriller, Romance, Romantic Drama",2018.0,4.6,83k,JioCinema,International,United States,105.0,S,https://www.justwatch.com/in/movie/fifty-shades-freed,"['Drama', 'Mystery & Thriller', 'Romance', 'Romantic Drama']",English (assumed),False,2,False
The Medium,movie,"Drama, Horror, Mystery & Thriller, Horror Thriller",2021.0,6.5,18k,JioCinema,International,"South Korea, Thailand",131.0,A,https://www.justwatch.com/in/movie/the-medium-2021,"['Drama', 'Horror', 'Mystery & Thriller', 'Horror Thriller']",English (assumed),False,3,False
Jumanji: The Next Level,movie,"Comedy, Fantasy, Action Adventure",2019.0,6.6,320k,JioCinema,International,United States,123.0,UA,https://www.justwatch.com/in/movie/jumanji-the-next-level,"['Comedy', 'Fantasy', 'Action Adventure']",English (assumed),False,3,False
Ne Zha 2,movie,"Action & Adventure, Animation, Comedy, Drama, Fantasy, Western Animation",2025.0,7.9,24k,JioCinema,International,China,144.0,UA7+,https://www.justwatch.com/in/movie/ne-zha-2,"['Action & Adventure', 'Animation', 'Comedy', 'Drama', 'Fantasy', 'Western Animation']",English (assumed),True,2,False
Hidden Figures,movie,"Drama, History, Biopics, Based On A True Story",2016.0,7.8,290k,JioCinema,International,United States,127.0,UA,https://www.justwatch.com/in/movie/hidden-figures,"['Drama', 'History', 'Biopics', 'Based On A True Story']",English (assumed),False,2,False
Mad Max: Fury Road,movie,"Science-Fiction, Post Apocalyptic World, Action Adventure",2015.0,,,JioCinema,International,"Australia, United States",121.0,A,https://www.justwatch.com/in/movie/mad-max-fury-road,"['Science-Fiction', 'Post Apocalyptic World', 'Action Adventure']",English (assumed),False,3,False
Ready or Not,movie,"Comedy, Horror, Horror Comedy",2019.0,6.9,253k,JioCinema,International,United States,96.0,A,https://www.justwatch.com/in/movie/ready-or-not-2019,"['Comedy', 'Horror', 'Horror Comedy']",English (assumed),False,2,False
The Boy Next Door,movie,"Mystery & Thriller, Romantic Thriller",2015.0,4.7,48k,JioCinema,International,United States,91.0,A,https://www.justwatch.com/in/movie/the-boy-next-door,"['Mystery & Thriller', 'Romantic Thriller']",English (assumed),False,2,False
777 Charlie,movie,"Comedy, Drama, Dramedy",2022.0,8.7,47k,JioCinema,Indian,India,166.0,UA,https://www.justwatch.com/in/movie/777-charlie,"['Comedy', 'Drama', 'Dramedy']",Regional Indian (unspecified),False,3,False
Dolittle,movie,"Action & Adventure, Comedy, Fantasy, Kids & Family, Epic Fantasy",2020.0,5.6,72k,JioCinema,International,"China, United States",101.0,UA,https://www.justwatch.com/in/movie/the-voyage-of-doctor-dolittle,"['Action & Adventure', 'Comedy', 'Fantasy', 'Kids & Family', 'Epic Fantasy']",English (assumed),False,2,False
Pearl,movie,"Drama, Horror, Mystery & Thriller, Slasher, Horror Thriller",2022.0,7.0,160k,JioCinema,International,United States,102.0,A,https://www.justwatch.com/in/movie/pearl-2022,"['Drama', 'Horror', 'Mystery & Thriller', 'Slasher', 'Horror Thriller']",English (assumed),False,2,False
Arjun Reddy,movie,"Drama, Romance, Bollywood",2017.0,7.9,30k,JioCinema,Indian,India,187.0,A,https://www.justwatch.com/in/movie/arjun-reddy,"['Drama', 'Romance', 'Bollywood']",Hindi,False,3,False
Aladdin,movie,"Comedy, Drama, Fantasy, Kids & Family, Romance, Live Action, Fairytale Fantasy",2019.0,6.9,315k,JioCinema,International,United States,128.0,U,https://www.justwatch.com/in/movie/aladdin-2019,"['Comedy', 'Drama', 'Fantasy', 'Kids & Family', 'Romance', 'Live Action', 'Fairytale Fantasy']",English (assumed),False,2,False
Jurassic Park,movie,"Action & Adventure, Science-Fiction, Invasion",1993.0,,,JioCinema,International,United States,127.0,UA,https://www.justwatch.com/in/movie/jurassic-park,"['Action & Adventure', 'Science-Fiction', 'Invasion']",English (assumed),False,3,False
Jab We Met,movie,"Comedy, Drama, Romance, Bollywood",2007.0,7.9,65k,JioCinema,Indian,India,138.0,U,https://www.justwatch.com/in/movie/jab-we-met,"['Comedy', 'Drama', 'Romance', 'Bollywood']",Hindi,False,2,False
Manam,movie,"Comedy, Drama, Fantasy, Kids & Family, Dramedy",2014.0,8.0,13k,JioCinema,Indian,India,163.0,U,https://www.justwatch.com/in/movie/manam,"['Comedy', 'Drama', 'Fantasy', 'Kids & Family', 'Dramedy']",Regional Indian (unspecified),False,2,False
Scarface,movie,"Action & Adventure, Crime, Drama, Organized Crime",1983.0,,,JioCinema,International,United States,170.0,A,https://www.justwatch.com/in/movie/scarface,"['Action & Adventure', 'Crime', 'Drama', 'Organized Crime']",English (assumed),False,2,False
Prem Ratan Dhan Payo,movie,"Action & Adventure, Drama, Romance, Bollywood",2015.0,4.4,23k,JioCinema,Indian,India,163.0,U,https://www.justwatch.com/in/movie/prem-ratan-dhan-payo,"['Action & Adventure', 'Drama', 'Romance', 'Bollywood']",Hindi,False,3,False
In the Blink of an Eye,movie,"Drama, Science-Fiction, Sci-Fi Drama",2026.0,6.1,6k,JioCinema,International,United States,,,https://www.justwatch.com/in/movie/in-the-blink-of-an-eye,"['Drama', 'Science-Fiction', 'Sci-Fi Drama']",English (assumed),True,2,False
Independence Day,movie,"Action & Adventure, Science-Fiction, Invasion, End of the World",1996.0,7.0,648k,JioCinema,International,United States,145.0,UA,https://www.justwatch.com/in/movie/independence-day,"['Action & Adventure', 'Science-Fiction', 'Invasion', 'End of the World']",English (assumed),False,2,False
The Exorcism of Emily Rose,movie,"Crime, Drama, Horror, Mystery & Thriller, Horror Thriller",2005.0,6.7,149k,JioCinema,International,United States,122.0,A,https://www.justwatch.com/in/movie/the-exorcism-of-emily-rose,"['Crime', 'Drama', 'Horror', 'Mystery & Thriller', 'Horror Thriller']",English (assumed),False,2,False
The Dark Knight Rises,movie,"Action & Adventure, Crime, Drama, Mystery & Thriller, Superhero",2012.0,,,JioCinema,International,"United Kingdom, United States",165.0,UA,https://www.justwatch.com/in/movie/the-dark-knight-rises,"['Action & Adventure', 'Crime', 'Drama', 'Mystery & Thriller', 'Superhero']",English (assumed),False,3,False
Don Jon,movie,"Comedy, Drama, Romance, RomCom",2013.0,6.5,255k,JioCinema,International,United States,90.0,UA,https://www.justwatch.com/in/movie/don-jon,"['Comedy', 'Drama', 'Romance', 'RomCom']",English (assumed),False,2,False
The Batman,movie,"Action & Adventure, Crime, Drama, Mystery & Thriller, Superhero",2022.0,7.8,933k,JioCinema,International,United States,177.0,UA,https://www.justwatch.com/in/movie/the-batman,"['Action & Adventure', 'Crime', 'Drama', 'Mystery & Thriller', 'Superhero']",English (assumed),False,2,False
Iron Man 3,movie,"Action & Adventure, Science-Fiction, Superhero",2013.0,7.1,969k,JioCinema,International,United States,130.0,UA,https://www.justwatch.com/in/movie/iron-man-3,"['Action & Adventure', 'Science-Fiction', 'Superhero']",English (assumed),False,2,False
Nocturnal Animals,movie,"Drama, Psychological Drama, Mystery Thriller",2016.0,7.5,317k,JioCinema,International,"China, United Kingdom, United States",116.0,UA13+,https://www.justwatch.com/in/movie/nocturnal-animals,"['Drama', 'Psychological Drama', 'Mystery Thriller']",English (assumed),False,2,False
Limitless,movie,"Mystery & Thriller, Science-Fiction, Cerebral, Cyberpunk, Action Thriller",2011.0,7.4,650k,JioCinema,International,United States,106.0,A,https://www.justwatch.com/in/movie/limitless,"['Mystery & Thriller', 'Science-Fiction', 'Cerebral', 'Cyberpunk', 'Action Thriller']",English (assumed),False,2,False
Back to the Future,movie,"Action & Adventure, Comedy, Science-Fiction, Sci-Fi Comedy",1985.0,,,JioCinema,International,United States,116.0,U,https://www.justwatch.com/in/movie/back-to-the-future,"['Action & Adventure', 'Comedy', 'Science-Fiction', 'Sci-Fi Comedy']",English (assumed),False,2,False
Ek Vivaah... Aisa Bhi,movie,"Drama, Romance, Bollywood",2008.0,,,JioCinema,Indian,India,126.0,U,https://www.justwatch.com/in/movie/ek-vivaah-aisa-bhi,"['Drama', 'Romance', 'Bollywood']",Hindi,False,2,False
Moana,movie,"Action & Adventure, Animation, Comedy, Fantasy, Kids & Family, Animated Musical",2016.0,7.6,443k,JioCinema,International,United States,107.0,U,https://www.justwatch.com/in/movie/moana,"['Action & Adventure', 'Animation', 'Comedy', 'Fantasy', 'Kids & Family', 'Animated Musical']",English (assumed),False,2,False
Sarvam Maya,movie,"Comedy, Fantasy, Horror, Kids & Family, Horror Comedy",2025.0,7.7,10k,JioCinema,Indian,India,146.0,U,https://www.justwatch.com/in/movie/sarvam-maya,"['Comedy', 'Fantasy', 'Horror', 'Kids & Family', 'Horror Comedy']",Regional Indian (unspecified),True,2,False
Nobody,movie,"Action & Adventure, Crime, Drama, Mystery & Thriller, Action Thriller",2021.0,7.4,396k,JioCinema,International,United States,91.0,A,https://www.justwatch.com/in/movie/nobody,"['Action & Adventure', 'Crime', 'Drama', 'Mystery & Thriller', 'Action Thriller']",English (assumed),False,2,False
Arjun S/O Vyjayanthi,movie,"Action & Adventure, Crime, Drama, Mystery & Thriller, Action Thriller",2025.0,,,JioCinema,Indian,India,142.0,UA,https://www.justwatch.com/in/movie/nkr21,"['Action & Adventure', 'Crime', 'Drama', 'Mystery & Thriller', 'Action Thriller']",Regional Indian (unspecified),True,2,False
The Legend of Ochi,movie,"Fantasy, Kids & Family, Action Adventure",2025.0,5.8,9k,JioCinema,International,"Finland, United States",,,https://www.justwatch.com/in/movie/the-legend-of-ochi,"['Fantasy', 'Kids & Family', 'Action Adventure']",English (assumed),True,2,False
MaXXXine,movie,"Crime, Horror, Mystery & Thriller, Horror Thriller",2024.0,6.2,88k,JioCinema,International,United States,103.0,A,https://www.justwatch.com/in/movie/maxxxine,"['Crime', 'Horror', 'Mystery & Thriller', 'Horror Thriller']",English (assumed),True,2,False
Finding Nemo,movie,"Action & Adventure, Animation, Comedy, Kids & Family, Pixar, Family Animation",2003.0,,,JioCinema,International,United States,100.0,U,https://www.justwatch.com/in/movie/finding-nemo,"['Action & Adventure', 'Animation', 'Comedy', 'Kids & Family', 'Pixar', 'Family Animation']",English (assumed),False,2,False
Venom: Let There Be Carnage,movie,"Action & Adventure, Crime, Fantasy, Horror, Mystery & Thriller, Science-Fiction, No Superhero, Superhero",2021.0,5.9,305k,JioCinema,International,United States,97.0,UA,https://www.justwatch.com/in/movie/venom-let-there-be-carnage,"['Action & Adventure', 'Crime', 'Fantasy', 'Horror', 'Mystery & Thriller', 'Science-Fiction', 'No Superhero', 'Superhero']",English (assumed),False,3,False
"Crazy, Stupid, Love.",movie,"Comedy, Drama, Romance, RomCom, Chick Flicks",2011.0,7.4,622k,JioCinema,International,United States,118.0,A,https://www.justwatch.com/in/movie/crazy-stupid-love,"['Comedy', 'Drama', 'Romance', 'RomCom', 'Chick Flicks']",English (assumed),False,2,False
The Super Mario Bros. Movie,movie,"Action & Adventure, Animation, Comedy, Fantasy, Kids & Family, Family Animation",2023.0,7.0,248k,JioCinema,International,"Japan, United States",92.0,U,https://www.justwatch.com/in/movie/super-mario-bros-the-movie,"['Action & Adventure', 'Animation', 'Comedy', 'Fantasy', 'Kids & Family', 'Family Animation']",English (assumed),False,2,False
Gaami,movie,"Action & Adventure, Drama, Fantasy, Mystery & Thriller, Science-Fiction, Emotional Drama",2024.0,6.3,2k,JioCinema,Indian,India,147.0,A,https://www.justwatch.com/in/movie/gaami,"['Action & Adventure', 'Drama', 'Fantasy', 'Mystery & Thriller', 'Science-Fiction', 'Emotional Drama']",Regional Indian (unspecified),True,2,False
The Descent,movie,"Action & Adventure, Horror, Mystery & Thriller, Monster",2005.0,7.2,273k,JioCinema,International,United Kingdom,100.0,A,https://www.justwatch.com/in/movie/the-descent,"['Action & Adventure', 'Horror', 'Mystery & Thriller', 'Monster']",English (assumed),False,2,False
Yesterday,movie,"Comedy, Fantasy, Music & Musical, Romance, Chick Flicks",2019.0,6.8,185k,JioCinema,International,"United Kingdom, United States",116.0,UA,https://www.justwatch.com/in/movie/yesterday,"['Comedy', 'Fantasy', 'Music & Musical', 'Romance', 'Chick Flicks']",English (assumed),False,2,False
Immaculate,movie,"Horror, Mystery & Thriller, Horror Thriller",2024.0,5.8,61k,JioCinema,International,United States,89.0,A,https://www.justwatch.com/in/movie/immaculate-2024,"['Horror', 'Mystery & Thriller', 'Horror Thriller']",English (assumed),True,2,False
The Intern,movie,"Comedy, Drama, RomCom, Dramedy",2015.0,7.1,311k,JioCinema,International,United States,121.0,UA,https://www.justwatch.com/in/movie/the-intern,"['Comedy', 'Drama', 'RomCom', 'Dramedy']",English (assumed),False,2,False
Love Aaj Kal,movie,"Comedy, Drama, Romance, Bollywood",2009.0,6.8,18k,JioCinema,Indian,India,128.0,UA,https://www.justwatch.com/in/movie/love-aaj-kal-2020,"['Comedy', 'Drama', 'Romance', 'Bollywood']",Hindi,False,2,False
Manjummel Boys,movie,"Action & Adventure, Drama, Mystery & Thriller, Dramedy",2024.0,8.2,34k,JioCinema,Indian,India,135.0,UA,https://www.justwatch.com/in/movie/manjummel-boys,"['Action & Adventure', 'Drama', 'Mystery & Thriller', 'Dramedy']",Regional Indian (unspecified),True,2,False
Django Unchained,movie,"Comedy, Drama, Western, Revenge Western, Epic Western",2012.0,,,JioCinema,International,United States,165.0,A,https://www.justwatch.com/in/movie/django-unchained,"['Comedy', 'Drama', 'Western', 'Revenge Western', 'Epic Western']",English (assumed),False,2,False
Venom,movie,"Action & Adventure, Science-Fiction, No Superhero, Superhero",2018.0,6.6,608k,JioCinema,International,"China, United States",112.0,UA,https://www.justwatch.com/in/movie/venom-2018,"['Action & Adventure', 'Science-Fiction', 'No Superhero', 'Superhero']",English (assumed),False,3,False
Mersal,movie,"Action & Adventure, Crime, Fantasy, Mystery & Thriller, Bollywood",2017.0,7.5,42k,JioCinema,Indian,India,161.0,UA,https://www.justwatch.com/in/movie/mersal,"['Action & Adventure', 'Crime', 'Fantasy', 'Mystery & Thriller', 'Bollywood']",Hindi,False,2,False
Mark,movie,"Mystery & Thriller, Action Thriller",2025.0,,,JioCinema,Indian,India,144.0,UA16+,https://www.justwatch.com/in/movie/mark-2025,"['Mystery & Thriller', 'Action Thriller']",Regional Indian (unspecified),True,2,False
Vikram,movie,"Action & Adventure, Crime, Drama, Mystery & Thriller, Action Thriller",2022.0,8.3,89k,JioCinema,Indian,India,174.0,UA,https://www.justwatch.com/in/movie/vikram-2021,"['Action & Adventure', 'Crime', 'Drama', 'Mystery & Thriller', 'Action Thriller']",Regional Indian (unspecified),False,2,False
Heaven,movie,"Crime, Mystery & Thriller, Bollywood",2022.0,6.5,2k,JioCinema,Indian,India,130.0,U,https://www.justwatch.com/in/movie/heaven-2022,"['Crime', 'Mystery & Thriller', 'Bollywood']",Hindi,False,2,False
The Karate Kid,movie,"Action & Adventure, Drama, Kids & Family, Sport, Martial Art",2010.0,6.3,227k,JioCinema,International,"China, Hong Kong, United States",140.0,U,https://www.justwatch.com/in/movie/the-karate-kid,"['Action & Adventure', 'Drama', 'Kids & Family', 'Sport', 'Martial Art']",English (assumed),False,3,False
Eleven,movie,"Crime, Mystery Thriller",2025.0,7.4,12k,JioCinema,Indian,India,135.0,UA,https://www.justwatch.com/in/movie/eleven-2025,"['Crime', 'Mystery Thriller']",Regional Indian (unspecified),True,2,False
Zebra,movie,"Action & Adventure, Crime, Mystery & Thriller, Bollywood, Action Thriller",2024.0,7.1,3k,JioCinema,Indian,India,164.0,UA13+,https://www.justwatch.com/in/movie/zebra,"['Action & Adventure', 'Crime', 'Mystery & Thriller', 'Bollywood', 'Action Thriller']",Hindi,True,2,False
Pitch Perfect,movie,"Comedy, Music & Musical, Romance, Female Comedy, Chick Flicks",2012.0,7.1,351k,JioCinema,International,United States,112.0,U,https://www.justwatch.com/in/movie/pitch-perfect,"['Comedy', 'Music & Musical', 'Romance', 'Female Comedy', 'Chick Flicks']",English (assumed),False,2,False
Life of Pi,movie,"Drama, Fantasy, Action Adventure",2012.0,7.9,701k,JioCinema,International,United States,127.0,U,https://www.justwatch.com/in/movie/life-of-pi,"['Drama', 'Fantasy', 'Action Adventure']",English (assumed),False,2,False
Jurassic World Dominion,movie,"Mystery & Thriller, Science-Fiction, Invasion, Action Adventure",2022.0,5.6,247k,JioCinema,International,United States,147.0,UA,https://www.justwatch.com/in/movie/jurassic-world-dominion,"['Mystery & Thriller', 'Science-Fiction', 'Invasion', 'Action Adventure']",English (assumed),False,2,False
Play Dead,movie,"Horror, Mystery & Thriller, Horror Thriller",2022.0,5.2,5k,JioCinema,International,United States,106.0,A,https://www.justwatch.com/in/movie/play-dead-2022,"['Horror', 'Mystery & Thriller', 'Horror Thriller']",English (assumed),False,2,False
The Day of the Jackal,movie,"Action & Adventure, Crime, Drama, Mystery & Thriller, Organized Crime",1973.0,7.8,53k,JioCinema,International,"France, United Kingdom",143.0,A,https://www.justwatch.com/in/movie/the-day-of-the-jackal,"['Action & Adventure', 'Crime', 'Drama', 'Mystery & Thriller', 'Organized Crime']",English (assumed),False,2,False
The Conjuring 2,movie,"Horror, Mystery & Thriller, Paranormal",2016.0,7.3,344k,JioCinema,International,United States,134.0,A,https://www.justwatch.com/in/movie/the-conjuring-2,"['Horror', 'Mystery & Thriller', 'Paranormal']",English (assumed),False,2,False
Minions: The Rise of Gru,movie,"Animation, Comedy, Crime, Kids & Family, Science-Fiction, Family Animation",2022.0,6.5,92k,JioCinema,International,United States,87.0,U,https://www.justwatch.com/in/movie/minions-the-rise-of-gru,"['Animation', 'Comedy', 'Crime', 'Kids & Family', 'Science-Fiction', 'Family Animation']",English (assumed),False,2,False
Zwigato,movie,"Drama, Emotional Drama, Bollywood",2023.0,6.6,11k,JioCinema,Indian,India,106.0,U,https://www.justwatch.com/in/movie/zwigato,"['Drama', 'Emotional Drama', 'Bollywood']",Hindi,False,2,False
Lipstick Under My Burkha,movie,"Comedy, Drama, Bollywood",2017.0,6.8,7k,JioCinema,Indian,India,116.0,A,https://www.justwatch.com/in/movie/lipstick-under-my-burkha,"['Comedy', 'Drama', 'Bollywood']",Hindi,False,2,False
Su from So,movie,"Comedy, Horror, Horror Comedy",2025.0,7.6,7k,JioCinema,Indian,India,135.0,UA13+,https://www.justwatch.com/in/movie/su-from-so,"['Comedy', 'Horror', 'Horror Comedy']",Regional Indian (unspecified),True,2,False
"Silent Night, Deadly Night",movie,"Horror, Mystery & Thriller, Horror Thriller",2025.0,6.1,7k,JioCinema,International,"Canada, France, United States",96.0,A,https://www.justwatch.com/in/movie/silent-night-deadly-night-0,"['Horror', 'Mystery & Thriller', 'Horror Thriller']",English (assumed),True,2,False
Splitsville,movie,"Comedy, Raunchy Comedy",2025.0,6.4,16k,JioCinema,International,United States,105.0,UA16+,https://www.justwatch.com/in/movie/splitsville,"['Comedy', 'Raunchy Comedy']",English (assumed),True,2,False
The Fast and the Furious,movie,"Action & Adventure, Crime, Mystery & Thriller, Heist",2001.0,6.8,459k,JioCinema,International,"Germany, United States",106.0,A,https://www.justwatch.com/in/movie/the-fast-and-the-furious,"['Action & Adventure', 'Crime', 'Mystery & Thriller', 'Heist']",English (assumed),False,2,False
Uncharted,movie,"Mystery & Thriller, Video Game, Action Adventure",2022.0,6.3,301k,JioCinema,International,United States,116.0,UA,https://www.justwatch.com/in/movie/uncharted,"['Mystery & Thriller', 'Video Game', 'Action Adventure']",English (assumed),False,3,False
Bhoothakkannadi,movie,Drama,1997.0,,,JioCinema,Indian,India,110.0,U,https://www.justwatch.com/in/movie/bhoothakkannadi,['Drama'],Regional Indian (unspecified),False,2,False
Dog 51,movie,"Crime, Mystery & Thriller, Science-Fiction, Cyberpunk",2025.0,5.8,2k,JioCinema,International,"Belgium, France",,,https://www.justwatch.com/in/movie/chien-51-2025,"['Crime', 'Mystery & Thriller', 'Science-Fiction', 'Cyberpunk']",English (assumed),True,2,False
Avengers: Age of Ultron,movie,"Action & Adventure, Science-Fiction, Superhero",2015.0,,,JioCinema,International,United States,141.0,U,https://www.justwatch.com/in/movie/avengers-age-of-ultron,"['Action & Adventure', 'Science-Fiction', 'Superhero']",English (assumed),False,2,False
Forrest Gump,movie,"Comedy, Drama, Romance, Dramedy, Romantic Drama",1994.0,,,JioCinema,International,United States,142.0,UA,https://www.justwatch.com/in/movie/forrest-gump,"['Comedy', 'Drama', 'Romance', 'Dramedy', 'Romantic Drama']",English (assumed),False,2,False
Paan Singh Tomar,movie,"Action & Adventure, Crime, Drama, Mystery & Thriller, Sport, Bollywood",2012.0,8.2,40k,JioCinema,Indian,India,135.0,UA,https://www.justwatch.com/in/movie/paan-singh-tomar,"['Action & Adventure', 'Crime', 'Drama', 'Mystery & Thriller', 'Sport', 'Bollywood']",Hindi,False,2,False
The Big Lebowski,movie,"Comedy, Crime",1998.0,8.1,918k,JioCinema,International,"United Kingdom, United States",117.0,UA,https://www.justwatch.com/in/movie/the-big-lebowski,"['Comedy', 'Crime']",English (assumed),False,2,False
Fifty Shades Darker,movie,"Drama, Mystery & Thriller, Romance, Romantic Drama",2017.0,4.6,114k,JioCinema,International,United States,118.0,A,https://www.justwatch.com/in/movie/fifty-shades-darker,"['Drama', 'Mystery & Thriller', 'Romance', 'Romantic Drama']",English (assumed),False,2,False
Born on the Fourth of July,movie,"Drama, War & Military, War Drama",1989.0,7.2,124k,JioCinema,International,United States,145.0,A,https://www.justwatch.com/in/movie/born-on-the-fourth-of-july,"['Drama', 'War & Military', 'War Drama']",English (assumed),False,2,False
Happy Gilmore,movie,"Comedy, Sport, Sport Comedy",1996.0,7.0,308k,JioCinema,International,United States,92.0,U,https://www.justwatch.com/in/movie/happy-gilmore,"['Comedy', 'Sport', 'Sport Comedy']",English (assumed),False,2,False
xXx,movie,"Action & Adventure, Crime, Drama, Mystery & Thriller, Action Thriller",2002.0,5.9,194k,JioCinema,International,United States,124.0,UA,https://www.justwatch.com/in/movie/xxx,"['Action & Adventure', 'Crime', 'Drama', 'Mystery & Thriller', 'Action Thriller']",English (assumed),False,2,False
The Lord of the Rings: The Return of the King,movie,"Action & Adventure, Drama, Fantasy, Epic Fantasy",2003.0,,,JioCinema,International,"New Zealand, United States",201.0,UA,https://www.justwatch.com/in/movie/the-lord-of-the-rings-the-return-of-the-king,"['Action & Adventure', 'Drama', 'Fantasy', 'Epic Fantasy']",English (assumed),False,2,False
24,movie,"Action & Adventure, Drama, Mystery & Thriller, Science-Fiction, Bollywood",2016.0,7.9,26k,JioCinema,Indian,India,164.0,U,https://www.justwatch.com/in/movie/24,"['Action & Adventure', 'Drama', 'Mystery & Thriller', 'Science-Fiction', 'Bollywood']",Hindi,False,2,False
Eesha,movie,"Horror, Mystery & Thriller, Horror Thriller, Like, Dislike, Watchlist, Seen, Sign in, to sync Watchlist",2025.0,8.3,1k,JioCinema,Indian,India,135.0,A,https://www.justwatch.com/in/movie/eesha-2025,"['Horror', 'Mystery & Thriller', 'Horror Thriller', 'Like', 'Dislike', 'Watchlist', 'Seen', 'Sign in', 'to sync Watchlist']",Regional Indian (unspecified),True,2,False
Dracula: A Love Tale,movie,"Fantasy, Horror, Romance, Dark Fantasy",2025.0,6.2,39k,JioCinema,International,France,,,https://www.justwatch.com/in/movie/dracula-a-love-tale,"['Fantasy', 'Horror', 'Romance', 'Dark Fantasy']",English (assumed),True,2,False
Rental Family,movie,"Comedy, Drama, Dramedy",2025.0,7.6,59k,JioCinema,International,United States,,,https://www.justwatch.com/in/movie/rental-family,"['Comedy', 'Drama', 'Dramedy']",English (assumed),True,2,False
Color Out of Space,movie,"Horror, Mystery & Thriller, Science-Fiction, SciFi Horror",2020.0,6.1,65k,JioCinema,International,"Malaysia, Portugal, United States",111.0,UA,https://www.justwatch.com/in/movie/color-out-of-space,"['Horror', 'Mystery & Thriller', 'Science-Fiction', 'SciFi Horror']",English (assumed),False,2,False
Thudarum,movie,"Action & Adventure, Drama, Mystery & Thriller, Bollywood",2025.0,7.5,14k,JioCinema,Indian,India,163.0,UA16+,https://www.justwatch.com/in/movie/thudarum,"['Action & Adventure', 'Drama', 'Mystery & Thriller', 'Bollywood']",Hindi,True,2,False
Housefull 4,movie,"Action & Adventure, Comedy, Drama, Fantasy, Romance, Bollywood",2019.0,3.7,16k,JioCinema,Indian,India,145.0,UA,https://www.justwatch.com/in/movie/housefull-4,"['Action & Adventure', 'Comedy', 'Drama', 'Fantasy', 'Romance', 'Bollywood']",Hindi,False,2,False
Transformers,movie,"Action & Adventure, Science-Fiction, Invasion",2007.0,7.1,720k,JioCinema,International,United States,144.0,UA,https://www.justwatch.com/in/movie/transformers,"['Action & Adventure', 'Science-Fiction', 'Invasion']",English (assumed),False,2,False
Top Gun,movie,"Drama, Romance, Action Adventure",1986.0,7.0,555k,JioCinema,International,United States,110.0,U,https://www.justwatch.com/in/movie/vesper,"['Drama', 'Romance', 'Action Adventure']",English (assumed),False,2,False
The Bad Guys: Reign of Chaos,movie,"Action & Adventure, Crime, Mystery & Thriller, Action Thriller",2019.0,6.2,3k,JioCinema,International,South Korea,114.0,UA,https://www.justwatch.com/in/movie/the-bad-guys-reign-of-chaos,"['Action & Adventure', 'Crime', 'Mystery & Thriller', 'Action Thriller']",English (assumed),False,2,False
Pritam Pedro,show,"Comedy, Crime, Drama, Mystery & Thriller",2026.0,8.0,5k,JioCinema,Indian,India,,,https://www.justwatch.com/in/tv-show/pritam-pedro,"['Comedy', 'Crime', 'Drama', 'Mystery & Thriller']",Regional Indian (unspecified),True,2,False
House of the Dragon,show,"Action & Adventure, Drama, Fantasy, Romance, Science-Fiction",2022.0,8.3,535k,JioCinema,International,United States,61.0,A,https://www.justwatch.com/in/tv-show/house-of-the-dragon,"['Action & Adventure', 'Drama', 'Fantasy', 'Romance', 'Science-Fiction']",English (assumed),False,2,False
Game of Thrones,show,"Action & Adventure, Drama, Fantasy, Science-Fiction, Epic Fantasy, Epic",2011.0,,,JioCinema,International,United States,58.0,A,https://www.justwatch.com/in/tv-show/game-of-thrones,"['Action & Adventure', 'Drama', 'Fantasy', 'Science-Fiction', 'Epic Fantasy', 'Epic']",English (assumed),False,2,False
Bigg Boss,show,"Kids & Family, Reality TV",2006.0,3.6,4k,JioCinema,Indian,India,73.0,UA16+,https://www.justwatch.com/in/tv-show/bigg-boss,"['Kids & Family', 'Reality TV']",Regional Indian (unspecified),False,2,False
Resort,show,"Comedy, Drama",2026.0,,,JioCinema,Indian,India,22.0,UA16+,https://www.justwatch.com/in/tv-show/resort,"['Comedy', 'Drama']",Regional Indian (unspecified),True,2,False
Euphoria,show,"Drama, Young Adult Drama",2019.0,8.1,315k,JioCinema,International,United States,61.0,A,https://www.justwatch.com/in/tv-show/euphoria,"['Drama', 'Young Adult Drama']",English (assumed),False,2,False
Kaisi Yeh Yaariyan,show,"Comedy, Drama, Romance, Bollywood",2014.0,8.0,2k,JioCinema,Indian,India,22.0,UA13+,https://www.justwatch.com/in/tv-show/kaisi-yeh-yaariaan,"['Comedy', 'Drama', 'Romance', 'Bollywood']",Hindi,False,2,False
Avatar: The Last Airbender,show,"Action & Adventure, Animation, Fantasy, Kids & Family, Science-Fiction, Western Animation",2005.0,9.3,445k,JioCinema,International,United States,24.0,U,https://www.justwatch.com/in/tv-show/avatar-the-last-airbender-2005,"['Action & Adventure', 'Animation', 'Fantasy', 'Kids & Family', 'Science-Fiction', 'Western Animation']",English (assumed),False,2,False
Jujutsu Kaisen,show,"Action & Adventure, Animation, Fantasy, Mystery & Thriller, Science-Fiction, Classic Japanese Anime",2020.0,8.5,211k,JioCinema,International,"Japan, United States",24.0,UA16+,https://www.justwatch.com/in/tv-show/jujutsu-kaisen,"['Action & Adventure', 'Animation', 'Fantasy', 'Mystery & Thriller', 'Science-Fiction', 'Classic Japanese Anime']",English (assumed),False,4,False
Asur: Welcome to Your Dark Side,show,"Crime, Drama, Mystery & Thriller",2020.0,8.5,71k,JioCinema,Indian,India,47.0,A,https://www.justwatch.com/in/tv-show/asur,"['Crime', 'Drama', 'Mystery & Thriller']",Regional Indian (unspecified),False,2,False
Thukra Ke Mera Pyaar,show,"Drama, Romance, Bollywood, Romantic Drama",2024.0,6.5,3k,JioCinema,Indian,India,23.0,UA16+,https://www.justwatch.com/in/tv-show/thukra-ke-mera-pyaar,"['Drama', 'Romance', 'Bollywood', 'Romantic Drama']",Hindi,True,2,False
Classroom of the Elite,show,"Animation, Drama, Mystery & Thriller, Classic Japanese Anime",2017.0,7.7,25k,JioCinema,International,Japan,23.0,UA16+,https://www.justwatch.com/in/tv-show/classroom-of-the-elite,"['Animation', 'Drama', 'Mystery & Thriller', 'Classic Japanese Anime']",English (assumed),False,4,False
Friends,show,"Comedy, Romance, Sitcoms",1994.0,,,JioCinema,International,United States,23.0,UA13+,https://www.justwatch.com/in/tv-show/friends,"['Comedy', 'Romance', 'Sitcoms']",English (assumed),False,2,False
24,show,"Action & Adventure, Crime, Drama, Mystery & Thriller, Bollywood",2013.0,8.0,3k,JioCinema,Indian,India,44.0,UA,https://www.justwatch.com/in/tv-show/24-india,"['Action & Adventure', 'Crime', 'Drama', 'Mystery & Thriller', 'Bollywood']",Hindi,False,2,False
A Knight of the Seven Kingdoms,show,"Action & Adventure, Drama, Fantasy, Science-Fiction, Epic Fantasy",2026.0,8.6,256k,JioCinema,International,United States,,,https://www.justwatch.com/in/tv-show/a-knight-of-the-seven-kingdoms-the-hedge-knight,"['Action & Adventure', 'Drama', 'Fantasy', 'Science-Fiction', 'Epic Fantasy']",English (assumed),True,2,False
The Agency,show,"Drama, Mystery Thriller",2024.0,7.4,29k,JioCinema,International,"France, United States",,,https://www.justwatch.com/in/tv-show/the-agency,"['Drama', 'Mystery Thriller']",English (assumed),True,2,False
Kimetsu no Yaiba,show,"Action & Adventure, Animation, Fantasy, Mystery & Thriller, Science-Fiction, Classic Japanese Anime",2019.0,8.6,229k,JioCinema,International,Japan,26.0,A,https://www.justwatch.com/in/tv-show/demon-slayer-kimetsu-no-yaiba,"['Action & Adventure', 'Animation', 'Fantasy', 'Mystery & Thriller', 'Science-Fiction', 'Classic Japanese Anime']",English (assumed),False,4,False
MTV Splitsvilla,show,"Romance, Reality TV",2008.0,3.8,1k,JioCinema,Indian,India,52.0,U,https://www.justwatch.com/in/tv-show/mtv-splitsvilla,"['Romance', 'Reality TV']",Regional Indian (unspecified),False,2,False
The Bear,show,"Comedy, Drama, Psychological Drama, Dramedy",2022.0,8.5,311k,JioCinema,International,United States,35.0,A,https://www.justwatch.com/in/tv-show/the-bear,"['Comedy', 'Drama', 'Psychological Drama', 'Dramedy']",English (assumed),False,2,False
Prison Break,show,"Action & Adventure, Crime, Drama, Mystery & Thriller, Made in Europe, Dark Crime, Action Thriller",2005.0,8.3,594k,JioCinema,International,United States,49.0,U,https://www.justwatch.com/in/tv-show/prison-break,"['Action & Adventure', 'Crime', 'Drama', 'Mystery & Thriller', 'Made in Europe', 'Dark Crime', 'Action Thriller']",English (assumed),False,2,False
Mushoku Tensei: Jobless Reincarnation,show,"Action & Adventure, Animation, Drama, Fantasy, Science-Fiction, Classic Japanese Anime",2021.0,8.2,39k,JioCinema,International,Japan,24.0,UA16+,https://www.justwatch.com/in/tv-show/mushoku-tensei-jobless-reincarnation,"['Action & Adventure', 'Animation', 'Drama', 'Fantasy', 'Science-Fiction', 'Classic Japanese Anime']",English (assumed),False,4,False
Dutton Ranch,show,"Drama, Western, Epic Western",2026.0,8.4,10k,JioCinema,International,United States,,,https://www.justwatch.com/in/tv-show/dutton-ranch,"['Drama', 'Western', 'Epic Western']",English (assumed),True,2,False
A Shop for Killers,show,"Action & Adventure, Drama, Action Thriller, Mystery Thriller",2024.0,8.0,10k,JioCinema,International,South Korea,,,https://www.justwatch.com/in/tv-show/a-shop-for-killers,"['Action & Adventure', 'Drama', 'Action Thriller', 'Mystery Thriller']",English (assumed),True,2,False
Laughter Chefs Unlimited Entertainment,show,"Comedy, Kids & Family, Reality TV, Bollywood",2024.0,8.4,1k,JioCinema,Indian,India,,,https://www.justwatch.com/in/tv-show/laughter-chefs-unlimited-entertainment,"['Comedy', 'Kids & Family', 'Reality TV', 'Bollywood']",Hindi,True,2,False
The Vampire Diaries,show,"Drama, Fantasy, Horror, Mystery & Thriller, Romance, Science-Fiction, Young Adult Drama, Modern Fantasy",2009.0,7.7,384k,JioCinema,International,United States,42.0,U,https://www.justwatch.com/in/tv-show/the-vampire-diaries,"['Drama', 'Fantasy', 'Horror', 'Mystery & Thriller', 'Romance', 'Science-Fiction', 'Young Adult Drama', 'Modern Fantasy']",English (assumed),False,3,False
Shin Chan,show,"Action & Adventure, Animation, Comedy, Classic Japanese Anime",1992.0,,,JioCinema,International,Japan,19.0,U,https://www.justwatch.com/in/tv-show/crayon-shin-chan,"['Action & Adventure', 'Animation', 'Comedy', 'Classic Japanese Anime']",English (assumed),False,2,False
Suits,show,"Comedy, Drama, Courtroom, Dramedy",2011.0,8.4,542k,JioCinema,International,United States,44.0,UA13+,https://www.justwatch.com/in/tv-show/suits,"['Comedy', 'Drama', 'Courtroom', 'Dramedy']",English (assumed),False,3,False
The Day of the Jackal,show,"Crime, Drama, Mystery & Thriller, Action Adventure",2024.0,8.1,133k,JioCinema,International,"United Kingdom, United States",,,https://www.justwatch.com/in/tv-show/the-day-of-the-jackal,"['Crime', 'Drama', 'Mystery & Thriller', 'Action Adventure']",English (assumed),True,2,False
Chernobyl,show,"Drama, History, Mystery & Thriller, Based On A True Story",2019.0,,,JioCinema,International,United States,65.0,UA16+,https://www.justwatch.com/in/tv-show/chernobyl,"['Drama', 'History', 'Mystery & Thriller', 'Based On A True Story']",English (assumed),False,2,False
Perfect Crown,show,"Comedy, Drama, Romance",2026.0,7.9,4k,JioCinema,International,South Korea,71.0,UA16+,https://www.justwatch.com/in/tv-show/perfect-crown,"['Comedy', 'Drama', 'Romance']",English (assumed),True,2,False
True Detective,show,"Crime, Drama, Mystery & Thriller, Dark Crime, Detective Crime",2014.0,8.8,759k,JioCinema,International,United States,61.0,U,https://www.justwatch.com/in/tv-show/true-detective,"['Crime', 'Drama', 'Mystery & Thriller', 'Dark Crime', 'Detective Crime']",English (assumed),False,2,False
Naagin,show,"Action & Adventure, Drama, Fantasy, Romance, Science-Fiction, Bollywood",2015.0,3.8,4k,JioCinema,Indian,India,43.0,UA13+,https://www.justwatch.com/in/tv-show/naagin,"['Action & Adventure', 'Drama', 'Fantasy', 'Romance', 'Science-Fiction', 'Bollywood']",Hindi,False,2,False
Tensei Shitara Suraimu Datta Ken,show,"Action & Adventure, Animation, Comedy, Fantasy, Science-Fiction, Classic Japanese Anime",2018.0,8.0,25k,JioCinema,International,Japan,24.0,UA16+,https://www.justwatch.com/in/tv-show/that-time-i-got-reincarnated-as-a-slime,"['Action & Adventure', 'Animation', 'Comedy', 'Fantasy', 'Science-Fiction', 'Classic Japanese Anime']",English (assumed),False,4,False
Modern Family,show,"Comedy, Drama, Romance, Sitcoms",2009.0,8.5,541k,JioCinema,International,United States,21.0,UA13+,https://www.justwatch.com/in/tv-show/modern-family,"['Comedy', 'Drama', 'Romance', 'Sitcoms']",English (assumed),False,2,False
Law & Order: Special Victims Unit,show,"Crime, Drama, Mystery & Thriller, Detective Crime",1999.0,8.1,145k,JioCinema,International,United States,45.0,UA16+,https://www.justwatch.com/in/tv-show/law-and-order-special-victims-unit,"['Crime', 'Drama', 'Mystery & Thriller', 'Detective Crime']",English (assumed),False,2,False
Yellowstone,show,"Drama, Western, Period Drama",2018.0,8.6,314k,JioCinema,International,United States,51.0,A,https://www.justwatch.com/in/tv-show/yellowstone,"['Drama', 'Western', 'Period Drama']",English (assumed),False,2,False
Inspector Avinash,show,"Action & Adventure, Crime, Mystery & Thriller, Action Thriller",2023.0,7.6,17k,JioCinema,Indian,India,40.0,A,https://www.justwatch.com/in/tv-show/inspector-avinash,"['Action & Adventure', 'Crime', 'Mystery & Thriller', 'Action Thriller']",Regional Indian (unspecified),False,2,False
Seher Hone Ko Hai,show,"Drama, Emotional Drama",2025.0,,,JioCinema,Indian,India,26.0,UA13+,https://www.justwatch.com/in/tv-show/seher-hone-ko-hai,"['Drama', 'Emotional Drama']",Regional Indian (unspecified),True,2,False
Tôkyô Ribenjâzu,show,"Action & Adventure, Animation, Drama, Classic Japanese Anime",2021.0,7.7,33k,JioCinema,International,Japan,24.0,UA16+,https://www.justwatch.com/in/tv-show/tokyo-revengers,"['Action & Adventure', 'Animation', 'Drama', 'Classic Japanese Anime']",English (assumed),False,4,False
Under the Dome,show,"Drama, Mystery & Thriller, Science-Fiction, Sci-Fi Drama",2013.0,6.5,118k,JioCinema,International,United States,43.0,UA16+,https://www.justwatch.com/in/tv-show/under-the-dome,"['Drama', 'Mystery & Thriller', 'Science-Fiction', 'Sci-Fi Drama']",English (assumed),False,3,False
Succession,show,"Comedy, Drama",2018.0,8.8,359k,JioCinema,International,United States,64.0,U,https://www.justwatch.com/in/tv-show/succession,"['Comedy', 'Drama']",English (assumed),False,2,False
Mahabharatham,show,"Drama, History, Kids & Family, War & Military, Bollywood",2013.0,8.7,15k,JioCinema,Indian,India,23.0,U,https://www.justwatch.com/in/tv-show/mahabharatham,"['Drama', 'History', 'Kids & Family', 'War & Military', 'Bollywood']",Hindi,False,2,False
X-Men '97,show,"Action & Adventure, Animation, Drama, Science-Fiction, Western Animation",2024.0,8.7,53k,JioCinema,International,United States,,,https://www.justwatch.com/in/tv-show/x-men-97,"['Action & Adventure', 'Animation', 'Drama', 'Science-Fiction', 'Western Animation']",English (assumed),True,2,False
Dexter,show,"Crime, Drama, Mystery & Thriller, Dark Crime, Detective Crime",2006.0,8.6,940k,JioCinema,International,United States,53.0,A,https://www.justwatch.com/in/tv-show/dexter,"['Crime', 'Drama', 'Mystery & Thriller', 'Dark Crime', 'Detective Crime']",English (assumed),False,3,False
My Hero Academia,show,"Action & Adventure, Animation, Comedy, Fantasy, Science-Fiction, Classic Japanese Anime",2016.0,8.2,122k,JioCinema,International,Japan,24.0,U,https://www.justwatch.com/in/tv-show/my-hero-academia,"['Action & Adventure', 'Animation', 'Comedy', 'Fantasy', 'Science-Fiction', 'Classic Japanese Anime']",English (assumed),False,4,False
Heroes,show,"Crime, Drama, Fantasy, Mystery & Thriller, Science-Fiction, Superhero",2006.0,7.5,260k,JioCinema,International,United States,43.0,U,https://www.justwatch.com/in/tv-show/heroes,"['Crime', 'Drama', 'Fantasy', 'Mystery & Thriller', 'Science-Fiction', 'Superhero']",English (assumed),False,2,False
Georgie & Mandy's First Marriage,show,"Comedy, RomCom",2024.0,7.1,11k,JioCinema,International,United States,,,https://www.justwatch.com/in/tv-show/georgie-and-mandys-first-marriage,"['Comedy', 'RomCom']",English (assumed),True,2,False
Supernatural,show,"Drama, Fantasy, Horror, Mystery & Thriller, Science-Fiction, Modern Fantasy, Dark Fantasy",2005.0,8.4,541k,JioCinema,International,United States,45.0,UA16+,https://www.justwatch.com/in/tv-show/supernatural,"['Drama', 'Fantasy', 'Horror', 'Mystery & Thriller', 'Science-Fiction', 'Modern Fantasy', 'Dark Fantasy']",English (assumed),False,3,False
The Wire,show,"Crime, Drama, Mystery & Thriller, Organized Crime, Detective Crime",2002.0,9.3,433k,JioCinema,International,United States,59.0,UA13+,https://www.justwatch.com/in/tv-show/the-wire,"['Crime', 'Drama', 'Mystery & Thriller', 'Organized Crime', 'Detective Crime']",English (assumed),False,2,False
Chiraiya,show,"Drama, Emotional Drama",2026.0,5.9,1k,JioCinema,Indian,India,30.0,A,https://www.justwatch.com/in/tv-show/chiraiya,"['Drama', 'Emotional Drama']",Regional Indian (unspecified),True,2,False
Big Mouth,show,"Action & Adventure, Crime, Drama, Mystery Thriller",2022.0,7.8,9k,JioCinema,International,South Korea,71.0,UA16+,https://www.justwatch.com/in/tv-show/big-mouth-2022,"['Action & Adventure', 'Crime', 'Drama', 'Mystery Thriller']",English (assumed),False,2,False
Marvel's Daredevil,show,"Action & Adventure, Crime, Drama, Mystery & Thriller, Science-Fiction, Superhero",2015.0,8.6,534k,JioCinema,International,United States,53.0,UA16+,https://www.justwatch.com/in/tv-show/marvels-daredevil,"['Action & Adventure', 'Crime', 'Drama', 'Mystery & Thriller', 'Science-Fiction', 'Superhero']",English (assumed),False,2,False
Young Sheldon,show,"Comedy, Drama, Sitcoms",2017.0,7.7,149k,JioCinema,International,United States,19.0,U,https://www.justwatch.com/in/tv-show/young-sheldon,"['Comedy', 'Drama', 'Sitcoms']",English (assumed),False,3,False
Peacemaker,show,"Action & Adventure, Comedy, Crime, Drama, Fantasy, Science-Fiction, Superhero, Action Comedy",2022.0,8.3,139k,JioCinema,International,United States,42.0,UA16+,https://www.justwatch.com/in/tv-show/peacemaker,"['Action & Adventure', 'Comedy', 'Crime', 'Drama', 'Fantasy', 'Science-Fiction', 'Superhero', 'Action Comedy']",English (assumed),False,2,False
The Beauty,show,"Drama, Horror, Science-Fiction, Emotional Drama",2026.0,6.6,12k,JioCinema,International,United States,,,https://www.justwatch.com/in/tv-show/the-beauty,"['Drama', 'Horror', 'Science-Fiction', 'Emotional Drama']",English (assumed),True,2,False
The Pitt,show,"Drama, Emotional Drama, Action Adventure",2025.0,8.9,155k,JioCinema,International,United States,,,https://www.justwatch.com/in/tv-show/the-pitt,"['Drama', 'Emotional Drama', 'Action Adventure']",English (assumed),True,2,False
The Sopranos,show,"Crime, Drama, Organized Crime",1999.0,9.2,583k,JioCinema,International,United States,55.0,A,https://www.justwatch.com/in/tv-show/the-sopranos,"['Crime', 'Drama', 'Organized Crime']",English (assumed),False,2,False
Oz,show,"Crime, Drama, Mystery & Thriller, Dark Crime",1997.0,8.7,108k,JioCinema,International,United States,,,https://www.justwatch.com/in/tv-show/oz,"['Crime', 'Drama', 'Mystery & Thriller', 'Dark Crime']",English (assumed),False,2,False
How I Met Your Mother,show,"Comedy, Drama, Romance, Sitcoms",2005.0,8.3,783k,JioCinema,International,United States,24.0,U,https://www.justwatch.com/in/tv-show/how-i-met-your-mother,"['Comedy', 'Drama', 'Romance', 'Sitcoms']",English (assumed),False,2,False
Loki,show,"Drama, Fantasy, Science-Fiction, Superhero, Action Adventure",2021.0,8.2,475k,JioCinema,International,United States,49.0,UA13+,https://www.justwatch.com/in/tv-show/loki,"['Drama', 'Fantasy', 'Science-Fiction', 'Superhero', 'Action Adventure']",English (assumed),False,2,False
Shōgun,show,"Action & Adventure, Drama, History, War & Military, Period Drama",2024.0,8.6,247k,JioCinema,International,United States,59.0,A,https://www.justwatch.com/in/tv-show/shogun-2024,"['Action & Adventure', 'Drama', 'History', 'War & Military', 'Period Drama']",English (assumed),True,2,False
Hostages,show,"Crime, Drama, Mystery Thriller",2019.0,6.8,6k,JioCinema,Indian,India,36.0,UA13+,https://www.justwatch.com/in/tv-show/hostages-2019,"['Crime', 'Drama', 'Mystery Thriller']",Regional Indian (unspecified),False,2,False
SPY x FAMILY,show,"Action & Adventure, Animation, Comedy, Mystery & Thriller, Classic Japanese Anime",2022.0,8.2,62k,JioCinema,International,Japan,25.0,UA16+,https://www.justwatch.com/in/tv-show/spy-x-family,"['Action & Adventure', 'Animation', 'Comedy', 'Mystery & Thriller', 'Classic Japanese Anime']",English (assumed),False,4,False
Banshee,show,"Action & Adventure, Crime, Drama, Mystery & Thriller, Dark Crime",2013.0,8.4,148k,JioCinema,International,United States,51.0,A,https://www.justwatch.com/in/tv-show/banshee,"['Action & Adventure', 'Crime', 'Drama', 'Mystery & Thriller', 'Dark Crime']",English (assumed),False,2,False
Light Shop,show,"Drama, Horror, Mystery Thriller",2024.0,7.8,7k,JioCinema,International,South Korea,,,https://www.justwatch.com/in/tv-show/light-shop,"['Drama', 'Horror', 'Mystery Thriller']",English (assumed),True,2,False
Haikyu!!,show,"Animation, Comedy, Drama, Sport, Classic Japanese Anime",2014.0,8.7,54k,JioCinema,International,Japan,24.0,UA13+,https://www.justwatch.com/in/tv-show/haikyu,"['Animation', 'Comedy', 'Drama', 'Sport', 'Classic Japanese Anime']",English (assumed),False,4,False
Paradise,show,"Crime, Drama, Mystery & Thriller, Science-Fiction, Emotional Drama, Action Adventure",2025.0,7.9,83k,JioCinema,International,United States,,,https://www.justwatch.com/in/tv-show/paradise-2025,"['Crime', 'Drama', 'Mystery & Thriller', 'Science-Fiction', 'Emotional Drama', 'Action Adventure']",English (assumed),True,2,False
Landman,show,"Crime, Drama, Western, Emotional Drama",2024.0,8.2,109k,JioCinema,International,United States,,,https://www.justwatch.com/in/tv-show/landman,"['Crime', 'Drama', 'Western', 'Emotional Drama']",English (assumed),True,2,False
The Last of Us,show,"Action & Adventure, Drama, Horror, Mystery & Thriller, Science-Fiction, Video Game",2023.0,8.4,740k,JioCinema,International,United States,57.0,A,https://www.justwatch.com/in/tv-show/the-last-of-us,"['Action & Adventure', 'Drama', 'Horror', 'Mystery & Thriller', 'Science-Fiction', 'Video Game']",English (assumed),False,2,False
The Office,show,"Comedy, Sitcoms",2005.0,9.0,837k,JioCinema,International,United States,24.0,U,https://www.justwatch.com/in/tv-show/the-office,"['Comedy', 'Sitcoms']",English (assumed),False,3,False
Sex and the City,show,"Comedy, Drama, Romance, RomCom, Female Comedy, Chick Flicks",1998.0,7.4,160k,JioCinema,International,United States,29.0,U,https://www.justwatch.com/in/tv-show/sex-and-the-city,"['Comedy', 'Drama', 'Romance', 'RomCom', 'Female Comedy', 'Chick Flicks']",English (assumed),False,2,False
The Big Bang Theory,show,"Comedy, Romance, Sitcoms",2007.0,8.1,939k,JioCinema,International,United States,20.0,U,https://www.justwatch.com/in/tv-show/the-big-bang-theory,"['Comedy', 'Romance', 'Sitcoms']",English (assumed),False,2,False
Malcolm in the Middle,show,"Comedy, Drama, Kids & Family, Sitcoms",2000.0,8.2,161k,JioCinema,International,United States,23.0,U,https://www.justwatch.com/in/tv-show/malcolm-in-the-middle,"['Comedy', 'Drama', 'Kids & Family', 'Sitcoms']",English (assumed),False,2,False
Special Ops,show,"Action & Adventure, Crime, Drama, Mystery & Thriller, Action Thriller",2020.0,8.5,43k,JioCinema,Indian,India,49.0,UA13+,https://www.justwatch.com/in/tv-show/special-ops,"['Action & Adventure', 'Crime', 'Drama', 'Mystery & Thriller', 'Action Thriller']",Regional Indian (unspecified),False,2,False
Save the Tigers,show,"Comedy, Drama, Mystery & Thriller, Dramedy",2023.0,8.0,4k,JioCinema,Indian,India,26.0,UA16+,https://www.justwatch.com/in/tv-show/save-the-tigers,"['Comedy', 'Drama', 'Mystery & Thriller', 'Dramedy']",Regional Indian (unspecified),False,2,False
The Worst of Evil,show,"Action & Adventure, Crime, Drama, Mystery & Thriller, Action Thriller",2023.0,8.3,8k,JioCinema,International,South Korea,,,https://www.justwatch.com/in/tv-show/the-worst-of-evil,"['Action & Adventure', 'Crime', 'Drama', 'Mystery & Thriller', 'Action Thriller']",English (assumed),False,2,False
Numb3rs,show,"Crime, Documentary, Drama, Mystery & Thriller, Detective Crime",2005.0,7.0,48k,JioCinema,International,United States,,,https://www.justwatch.com/in/tv-show/numb3rs,"['Crime', 'Documentary', 'Drama', 'Mystery & Thriller', 'Detective Crime']",English (assumed),False,2,False
Mr. Robot,show,"Crime, Drama, Mystery & Thriller, Psychological Drama",2015.0,8.5,469k,JioCinema,International,United States,49.0,U,https://www.justwatch.com/in/tv-show/mr-robot,"['Crime', 'Drama', 'Mystery & Thriller', 'Psychological Drama']",English (assumed),False,2,False
Mansion 24,show,"Action & Adventure, Horror, Mystery Thriller",2023.0,,,JioCinema,Indian,India,29.0,A,https://www.justwatch.com/in/tv-show/mansion-24,"['Action & Adventure', 'Horror', 'Mystery Thriller']",Regional Indian (unspecified),False,2,False
Swaragini,show,"Kids & Family, Drama, Bollywood",2015.0,,,JioCinema,Indian,India,,,https://www.justwatch.com/in/tv-show/swaragini,"['Kids & Family', 'Drama', 'Bollywood']",Hindi,False,2,False
The Flash,show,"Action & Adventure, Drama, Science-Fiction, Superhero",2014.0,7.5,386k,JioCinema,International,United States,42.0,U,https://www.justwatch.com/in/tv-show/the-flash,"['Action & Adventure', 'Drama', 'Science-Fiction', 'Superhero']",English (assumed),False,3,False
Mubing,show,"Drama, Fantasy, Mystery & Thriller, Science-Fiction, Modern Fantasy, Action Adventure",2023.0,8.4,16k,JioCinema,International,South Korea,,,https://www.justwatch.com/in/tv-show/moving,"['Drama', 'Fantasy', 'Mystery & Thriller', 'Science-Fiction', 'Modern Fantasy', 'Action Adventure']",English (assumed),False,2,False
Marvel's The Punisher,show,"Action & Adventure, Crime, Drama, Mystery & Thriller, Superhero",2017.0,8.4,306k,JioCinema,International,United States,53.0,A,https://www.justwatch.com/in/tv-show/marvels-the-punisher,"['Action & Adventure', 'Crime', 'Drama', 'Mystery & Thriller', 'Superhero']",English (assumed),False,2,False
IT: Welcome to Derry,show,"Drama, Fantasy, Horror, Horror Thriller",2025.0,7.9,111k,JioCinema,International,United States,60.0,A,https://www.justwatch.com/in/tv-show/welcome-to-derry,"['Drama', 'Fantasy', 'Horror', 'Horror Thriller']",English (assumed),True,2,False
Cooku with Comali,show,"Comedy, Reality TV, Reality Competition",2019.0,9.1,1k,JioCinema,Indian,India,63.0,UA16+,https://www.justwatch.com/in/tv-show/cooku-with-comali,"['Comedy', 'Reality TV', 'Reality Competition']",Regional Indian (unspecified),False,2,False
Muthu Alias Kaattaan,show,"Action & Adventure, Crime, Drama",2026.0,,,JioCinema,Indian,India,32.0,A,https://www.justwatch.com/in/tv-show/muthu-alias-kaattaan,"['Action & Adventure', 'Crime', 'Drama']",Regional Indian (unspecified),True,2,False
Mayor of Kingstown,show,"Crime, Drama, Mystery & Thriller, Detective Crime",2021.0,8.2,73k,JioCinema,International,United States,,,https://www.justwatch.com/in/tv-show/mayor-of-kingstown,"['Crime', 'Drama', 'Mystery & Thriller', 'Detective Crime']",English (assumed),False,2,False
High Potential,show,"Comedy, Crime, Drama, Dark Crime, Mystery Thriller",2024.0,7.6,51k,JioCinema,International,United States,,,https://www.justwatch.com/in/tv-show/high-potential,"['Comedy', 'Crime', 'Drama', 'Dark Crime', 'Mystery Thriller']",English (assumed),True,2,False
Hacks,show,"Comedy, Drama, Dramedy",2021.0,8.2,66k,JioCinema,International,United States,33.0,A,https://www.justwatch.com/in/tv-show/hacks,"['Comedy', 'Drama', 'Dramedy']",English (assumed),False,2,False
1923,show,"Drama, Western, Epic Western",2022.0,8.3,103k,JioCinema,International,United States,,,https://www.justwatch.com/in/tv-show/1923,"['Drama', 'Western', 'Epic Western']",English (assumed),False,2,False
The White Lotus,show,"Comedy, Drama, Dramedy",2021.0,8.0,327k,JioCinema,International,United States,62.0,A,https://www.justwatch.com/in/tv-show/the-white-lotus,"['Comedy', 'Drama', 'Dramedy']",English (assumed),False,2,False
Brooklyn Nine-Nine,show,"Comedy, Crime, Sitcoms",2013.0,8.4,418k,JioCinema,International,United States,22.0,UA13+,https://www.justwatch.com/in/tv-show/brooklyn-nine-nine,"['Comedy', 'Crime', 'Sitcoms']",English (assumed),False,2,False
The Americans,show,"Crime, Drama, Mystery & Thriller, Spies",2013.0,8.4,124k,JioCinema,International,United States,48.0,U,https://www.justwatch.com/in/tv-show/the-americans,"['Crime', 'Drama', 'Mystery & Thriller', 'Spies']",English (assumed),False,2,False
The Manipulated,show,"Action & Adventure, Crime, Drama, Mystery & Thriller",2025.0,7.7,5k,JioCinema,International,South Korea,,,https://www.justwatch.com/in/tv-show/the-manipulated,"['Action & Adventure', 'Crime', 'Drama', 'Mystery & Thriller']",English (assumed),True,2,False
Family Guy,show,"Animation, Comedy",1999.0,8.1,389k,JioCinema,International,United States,23.0,UA,https://www.justwatch.com/in/tv-show/family-guy,"['Animation', 'Comedy']",English (assumed),False,2,False
Billions,show,"Drama, Courtroom",2016.0,8.3,118k,JioCinema,International,United States,57.0,U,https://www.justwatch.com/in/tv-show/billions,"['Drama', 'Courtroom']",English (assumed),False,2,False
Bepannah,show,"Drama, Romance, Romantic Drama, Mystery Thriller, 23, 8, Lists, Seen all, Sign in, to sync Watchlist",2018.0,7.5,1k,JioCinema,Indian,India,23.0,UA13+,https://www.justwatch.com/in/tv-show/bepannaah,"['Drama', 'Romance', 'Romantic Drama', 'Mystery Thriller', '23', '8', 'Lists', 'Seen all', 'Sign in', 'to sync Watchlist']",Regional Indian (unspecified),False,2,False
Band of Brothers,show,"Action & Adventure, Drama, History, War & Military, War Drama",2001.0,9.4,597k,JioCinema,International,United States,59.0,U,https://www.justwatch.com/in/tv-show/band-of-brothers,"['Action & Adventure', 'Drama', 'History', 'War & Military', 'War Drama']",English (assumed),False,2,False
Industry,show,Drama,2020.0,7.5,28k,JioCinema,International,"United Kingdom, United States",57.0,A,https://www.justwatch.com/in/tv-show/industry,['Drama'],English (assumed),False,2,False
La Brea,show,"Action & Adventure, Drama, Science-Fiction, Mystery Thriller",2021.0,5.8,17k,JioCinema,International,United States,,,https://www.justwatch.com/in/tv-show/la-brea,"['Action & Adventure', 'Drama', 'Science-Fiction', 'Mystery Thriller']",English (assumed),False,2,False
Tulsa King,show,"Action & Adventure, Crime, Drama, Organized Crime",2022.0,7.9,118k,JioCinema,International,United States,40.0,A,https://www.justwatch.com/in/tv-show/tulsa-king,"['Action & Adventure', 'Crime', 'Drama', 'Organized Crime']",English (assumed),False,2,False
"Life, Larry and the Pursuit of Unhappiness: An Almost History of America",show,,2026.0,6.8,1k,JioCinema,International,United States,,,https://www.justwatch.com/in/tv-show/life-larry-and-the-pursuit-of-unhappiness-an-almost-history-of-america,[],English (assumed),True,2,False
It's Always Sunny in Philadelphia,show,"Comedy, Sitcoms",2005.0,8.8,282k,JioCinema,International,United States,23.0,UA16+,https://www.justwatch.com/in/tv-show/its-always-sunny-in-philadelphia,"['Comedy', 'Sitcoms']",English (assumed),False,2,False
Brothers and Sisters,show,"Comedy, Drama, Kids & Family",2026.0,,,JioCinema,Indian,India,,,https://www.justwatch.com/in/tv-show/brothers-and-sisters-2026,"['Comedy', 'Drama', 'Kids & Family']",Regional Indian (unspecified),True,2,False
House,show,"Drama, Emotional Drama, Mystery Thriller",2004.0,8.7,594k,JioCinema,International,United States,44.0,U,https://www.justwatch.com/in/tv-show/house,"['Drama', 'Emotional Drama', 'Mystery Thriller']",English (assumed),False,2,False
Wonder Man,show,"Comedy, Drama, Fantasy, Science-Fiction, Action Adventure, Action Comedy",2026.0,7.4,35k,JioCinema,International,United States,,,https://www.justwatch.com/in/tv-show/wonder-man-0,"['Comedy', 'Drama', 'Fantasy', 'Science-Fiction', 'Action Adventure', 'Action Comedy']",English (assumed),True,2,False
Dune: Prophecy,show,"Drama, Science-Fiction, Action Adventure",2024.0,7.3,68k,JioCinema,International,United States,,,https://www.justwatch.com/in/tv-show/dune-the-sisterhood,"['Drama', 'Science-Fiction', 'Action Adventure']",English (assumed),True,2,False
RadhaKrishn,show,"Action & Adventure, Comedy, Drama, Kids & Family, Romance, Bollywood",2018.0,8.2,3k,JioCinema,Indian,India,23.0,U,https://www.justwatch.com/in/tv-show/radhakrishn,"['Action & Adventure', 'Comedy', 'Drama', 'Kids & Family', 'Romance', 'Bollywood']",Hindi,False,2,False
Your Honor,show,"Crime, Drama, Mystery & Thriller, Courtroom",2020.0,7.6,79k,JioCinema,International,United States,56.0,A,https://www.justwatch.com/in/tv-show/your-honor-2020,"['Crime', 'Drama', 'Mystery & Thriller', 'Courtroom']",English (assumed),False,2,False
Arrow,show,"Action & Adventure, Crime, Drama, Science-Fiction, Superhero",2012.0,7.5,461k,JioCinema,International,United States,42.0,U,https://www.justwatch.com/in/tv-show/arrow,"['Action & Adventure', 'Crime', 'Drama', 'Science-Fiction', 'Superhero']",English (assumed),False,3,False
Cousins and Kalyanams,show,"Comedy, Drama, Kids & Family, Romance, Dramedy",2026.0,,,JioCinema,Indian,India,23.0,UA13+,https://www.justwatch.com/in/tv-show/cousins-and-kalyanams,"['Comedy', 'Drama', 'Kids & Family', 'Romance', 'Dramedy']",Regional Indian (unspecified),True,2,False
The Legend of Korra,show,"Action & Adventure, Animation, Drama, Fantasy, Kids & Family, Science-Fiction, Classic Japanese Anime",2012.0,8.3,151k,JioCinema,International,United States,23.0,U,https://www.justwatch.com/in/tv-show/the-legend-of-korra,"['Action & Adventure', 'Animation', 'Drama', 'Fantasy', 'Kids & Family', 'Science-Fiction', 'Classic Japanese Anime']",English (assumed),False,2,False
Station Eleven,show,"Drama, Fantasy, Mystery & Thriller, Science-Fiction, Post Apocalyptic World",2021.0,7.5,43k,JioCinema,International,United States,,,https://www.justwatch.com/in/tv-show/station-eleven,"['Drama', 'Fantasy', 'Mystery & Thriller', 'Science-Fiction', 'Post Apocalyptic World']",English (assumed),False,2,False
Andor,show,"Drama, Fantasy, Mystery & Thriller, Science-Fiction, Action Adventure",2022.0,8.6,279k,JioCinema,International,United States,48.0,UA13+,https://www.justwatch.com/in/tv-show/andor,"['Drama', 'Fantasy', 'Mystery & Thriller', 'Science-Fiction', 'Action Adventure']",English (assumed),False,2,False
DTF St. Louis,show,"Comedy, Drama, Mystery & Thriller, Dark Crime",2026.0,7.3,19k,JioCinema,International,United States,,,https://www.justwatch.com/in/tv-show/dtf-st-louis,"['Comedy', 'Drama', 'Mystery & Thriller', 'Dark Crime']",English (assumed),True,2,False
Marvel's Agents of S.H.I.E.L.D.,show,"Action & Adventure, Drama, Mystery & Thriller, Science-Fiction, Superhero",2013.0,7.5,235k,JioCinema,International,United States,43.0,U,https://www.justwatch.com/in/tv-show/marvels-agents-of-s-h-i-e-l-d,"['Action & Adventure', 'Drama', 'Mystery & Thriller', 'Science-Fiction', 'Superhero']",English (assumed),False,2,False
Marvel's Iron Fist,show,"Action & Adventure, Crime, Drama, Fantasy, Science-Fiction, Martial Art",2017.0,6.4,149k,JioCinema,International,United States,54.0,UA16+,https://www.justwatch.com/in/tv-show/marvels-iron-fist,"['Action & Adventure', 'Crime', 'Drama', 'Fantasy', 'Science-Fiction', 'Martial Art']",English (assumed),False,2,False
The Outsider,show,"Crime, Drama, Horror, Detective Crime, Mystery Thriller",2020.0,7.6,116k,JioCinema,International,United States,57.0,UA13+,https://www.justwatch.com/in/tv-show/the-outsider,"['Crime', 'Drama', 'Horror', 'Detective Crime', 'Mystery Thriller']",English (assumed),False,2,False
Yellowjackets,show,"Drama, Horror, Action Adventure, Mystery Thriller",2021.0,7.7,115k,JioCinema,International,United States,57.0,UA16+,https://www.justwatch.com/in/tv-show/yellowjackets,"['Drama', 'Horror', 'Action Adventure', 'Mystery Thriller']",English (assumed),False,2,False
Pyaar Kii Ye Ek Kahaani,show,"Drama, Fantasy, Romance, Mystery & Thriller, Modern Fantasy",2010.0,7.3,1k,JioCinema,Indian,"India, United States",21.0,PG,https://www.justwatch.com/in/tv-show/pyaar-kii-ye-ek-kahaani,"['Drama', 'Fantasy', 'Romance', 'Mystery & Thriller', 'Modern Fantasy']",Regional Indian (unspecified),False,2,False
The Leftovers,show,"Drama, Fantasy, Mystery & Thriller, Science-Fiction, Sci-Fi Drama",2014.0,8.3,131k,JioCinema,International,United States,58.0,A,https://www.justwatch.com/in/tv-show/the-leftovers,"['Drama', 'Fantasy', 'Mystery & Thriller', 'Science-Fiction', 'Sci-Fi Drama']",English (assumed),False,2,False
Warrior,show,"Action & Adventure, Crime, Drama, History, Western, Martial Art",2019.0,8.4,53k,JioCinema,International,United States,53.0,A,https://www.justwatch.com/in/tv-show/warrior-2019,"['Action & Adventure', 'Crime', 'Drama', 'History', 'Western', 'Martial Art']",English (assumed),False,2,False
Meri Aashiqui Tum Se Hi,show,"Drama, Bollywood, Like, Dislike, Lists, Seen all, Sign in, to sync Watchlist",2014.0,,,JioCinema,Indian,India,21.0,UA13+,https://www.justwatch.com/in/tv-show/meri-aashiqui-tum-se-hi,"['Drama', 'Bollywood', 'Like', 'Dislike', 'Lists', 'Seen all', 'Sign in', 'to sync Watchlist']",Hindi,False,2,False
Salakaar,show,"Action & Adventure, Mystery & Thriller, Action Thriller",2025.0,5.8,1k,JioCinema,Indian,India,32.0,UA16+,https://www.justwatch.com/in/tv-show/salakaar,"['Action & Adventure', 'Mystery & Thriller', 'Action Thriller']",Regional Indian (unspecified),True,2,False
Key & Peele,show,"Comedy, Stand Up Comedy",2012.0,8.3,29k,JioCinema,International,United States,22.0,U,https://www.justwatch.com/in/tv-show/key-and-peele,"['Comedy', 'Stand Up Comedy']",English (assumed),False,2,False
Grey's Anatomy,show,"Drama, Romance, Romantic Drama",2005.0,7.6,375k,JioCinema,International,United States,47.0,UA13+,https://www.justwatch.com/in/tv-show/greys-anatomy,"['Drama', 'Romance', 'Romantic Drama']",English (assumed),False,2,False
Gundeninda Gudigantalu,show,"Drama, Kids & Family, Romance, Romantic Drama",2023.0,,,JioCinema,Indian,India,,,https://www.justwatch.com/in/tv-show/gundeninda-gudigantalu,"['Drama', 'Kids & Family', 'Romance', 'Romantic Drama']",Regional Indian (unspecified),False,2,False
Percy Jackson and the Olympians,show,"Drama, Fantasy, Kids & Family, Science-Fiction, Action Adventure",2023.0,7.0,52k,JioCinema,International,United States,,,https://www.justwatch.com/in/tv-show/percy-jackson-and-the-olympians,"['Drama', 'Fantasy', 'Kids & Family', 'Science-Fiction', 'Action Adventure']",English (assumed),False,2,False
Grimm,show,"Action & Adventure, Crime, Drama, Fantasy, Horror, Mystery & Thriller, Science-Fiction, Detective Crime",2011.0,7.9,141k,JioCinema,International,United States,47.0,U,https://www.justwatch.com/in/tv-show/grimm,"['Action & Adventure', 'Crime', 'Drama', 'Fantasy', 'Horror', 'Mystery & Thriller', 'Science-Fiction', 'Detective Crime']",English (assumed),False,2,False
Homeland,show,"Crime, Drama, Mystery & Thriller, War & Military, Spies",2011.0,8.3,385k,JioCinema,International,United States,52.0,A,https://www.justwatch.com/in/tv-show/homeland,"['Crime', 'Drama', 'Mystery & Thriller', 'War & Military', 'Spies']",English (assumed),False,2,False
Deep Revenge,show,"Drama, Mystery & Thriller",2026.0,,,JioCinema,International,Japan,,,https://www.justwatch.com/in/tv-show/deep-revenge,"['Drama', 'Mystery & Thriller']",English (assumed),True,2,False
Yeh Rishtey Hain Pyaar Ke,show,"Drama, Kids & Family, Bollywood",2019.0,7.1,2k,JioCinema,Indian,India,21.0,PG,https://www.justwatch.com/in/tv-show/yeh-rishtey-hain-pyaar-ke,"['Drama', 'Kids & Family', 'Bollywood']",Hindi,False,2,False
Resident Alien,show,"Comedy, Drama, Science-Fiction, Sci-Fi Comedy, Dramedy, Mystery Thriller",2021.0,8.0,88k,JioCinema,International,United States,44.0,UA16+,https://www.justwatch.com/in/tv-show/resident-alien,"['Comedy', 'Drama', 'Science-Fiction', 'Sci-Fi Comedy', 'Dramedy', 'Mystery Thriller']",English (assumed),False,2,False
Broken But Beautiful,show,"Drama, Romance, Romantic Drama",2018.0,8.5,17k,JioCinema,Indian,India,25.0,A,https://www.justwatch.com/in/tv-show/broken-but-beautiful,"['Drama', 'Romance', 'Romantic Drama']",Regional Indian (unspecified),False,2,False
Fuh se Fantasy,show,"Drama, Romance, Romantic Drama",2019.0,6.8,6k,JioCinema,Indian,India,29.0,UA16+,https://www.justwatch.com/in/tv-show/fuh-se-fantasy,"['Drama', 'Romance', 'Romantic Drama']",Regional Indian (unspecified),False,2,False
Aashiqana,show,"Crime, Mystery & Thriller, Romance, Romantic Thriller",2022.0,5.6,1k,JioCinema,Indian,India,22.0,UA16+,https://www.justwatch.com/in/tv-show/aashiqana,"['Crime', 'Mystery & Thriller', 'Romance', 'Romantic Thriller']",Regional Indian (unspecified),False,2,False
Rooster,show,"Comedy, Drama, Dramedy",2026.0,7.6,18k,JioCinema,International,United States,,,https://www.justwatch.com/in/tv-show/rooster,"['Comedy', 'Drama', 'Dramedy']",English (assumed),True,2,False
The Legend of Hanuman,show,"Action & Adventure, Animation, Fantasy, Kids & Family, Science-Fiction, Western Animation",2021.0,9.1,13k,JioCinema,Indian,India,21.0,PG,https://www.justwatch.com/in/tv-show/the-legend-of-hanuman,"['Action & Adventure', 'Animation', 'Fantasy', 'Kids & Family', 'Science-Fiction', 'Western Animation']",Regional Indian (unspecified),False,2,False
Two and a Half Men,show,"Comedy, Romance, Sitcoms",2003.0,7.1,298k,JioCinema,International,United States,22.0,U,https://www.justwatch.com/in/tv-show/two-and-a-half-men,"['Comedy', 'Romance', 'Sitcoms']",English (assumed),False,2,False
Silicon Valley,show,"Comedy, Sitcoms",2014.0,8.5,182k,JioCinema,International,United States,29.0,UA13+,https://www.justwatch.com/in/tv-show/silicon-valley,"['Comedy', 'Sitcoms']",English (assumed),False,2,False
The 4400,show,"Drama, Mystery & Thriller, Science-Fiction, Sci-Fi Drama",2004.0,7.3,48k,JioCinema,International,United States,,,https://www.justwatch.com/in/tv-show/the-4400,"['Drama', 'Mystery & Thriller', 'Science-Fiction', 'Sci-Fi Drama']",English (assumed),False,2,False
9-1-1,show,"Action & Adventure, Crime, Drama, Mystery & Thriller, Emotional Drama",2018.0,7.9,64k,JioCinema,International,United States,43.0,UA16+,https://www.justwatch.com/in/tv-show/9-1-1,"['Action & Adventure', 'Crime', 'Drama', 'Mystery & Thriller', 'Emotional Drama']",English (assumed),False,2,False
Moon Knight,show,"Fantasy, Mystery & Thriller, Science-Fiction, Superhero, Action Adventure",2022.0,7.3,278k,JioCinema,International,United States,48.0,UA16+,https://www.justwatch.com/in/tv-show/moon-knight,"['Fantasy', 'Mystery & Thriller', 'Science-Fiction', 'Superhero', 'Action Adventure']",English (assumed),False,2,False
The Sex Lives of College Girls,show,"Comedy, Drama, Female Comedy",2021.0,7.7,35k,JioCinema,International,United States,29.0,A,https://www.justwatch.com/in/tv-show/the-sex-lives-of-college-girls,"['Comedy', 'Drama', 'Female Comedy']",English (assumed),False,2,False
Tell Me Lies,show,"Drama, Mystery & Thriller, Romantic Drama",2022.0,7.2,20k,JioCinema,International,United States,53.0,A,https://www.justwatch.com/in/tv-show/tell-me-lies,"['Drama', 'Mystery & Thriller', 'Romantic Drama']",English (assumed),False,2,False
Evil,show,"Crime, Drama, Horror, Mystery & Thriller, Paranormal",2019.0,7.7,52k,JioCinema,International,United States,49.0,UA13+,https://www.justwatch.com/in/tv-show/evil,"['Crime', 'Drama', 'Horror', 'Mystery & Thriller', 'Paranormal']",English (assumed),False,2,False
Taaza Khabar,show,"Action & Adventure, Comedy, Drama, Fantasy, Mystery & Thriller, Science-Fiction, Bollywood, Dramedy, Action Comedy",2023.0,8.0,57k,JioCinema,Indian,India,32.0,UA16+,https://www.justwatch.com/in/tv-show/taaza-khabar,"['Action & Adventure', 'Comedy', 'Drama', 'Fantasy', 'Mystery & Thriller', 'Science-Fiction', 'Bollywood', 'Dramedy', 'Action Comedy']",Hindi,False,2,False
The Penguin,show,"Crime, Drama, Fantasy, Superhero, Organized Crime",2024.0,8.6,241k,JioCinema,International,United States,58.0,A,https://www.justwatch.com/in/tv-show/the-penguin,"['Crime', 'Drama', 'Fantasy', 'Superhero', 'Organized Crime']",English (assumed),True,2,False
Rome,show,"Action & Adventure, Drama, Romance, War & Military, Made in Europe, Period Drama, Epic",2005.0,8.7,204k,JioCinema,International,United States,54.0,A,https://www.justwatch.com/in/tv-show/rome,"['Action & Adventure', 'Drama', 'Romance', 'War & Military', 'Made in Europe', 'Period Drama', 'Epic']",English (assumed),False,2,False
The Capture,show,"Crime, Drama, Mystery Thriller",2019.0,8.0,34k,JioCinema,International,United Kingdom,,,https://www.justwatch.com/in/tv-show/the-capture,"['Crime', 'Drama', 'Mystery Thriller']",English (assumed),False,2,False
Deli Boys,show,"Comedy, Crime, Drama, Dramedy",2025.0,7.2,4k,JioCinema,International,United States,,,https://www.justwatch.com/in/tv-show/deli-boys,"['Comedy', 'Crime', 'Drama', 'Dramedy']",English (assumed),True,2,False
The Night Of,show,"Crime, Drama, Mystery Thriller",2016.0,8.4,176k,JioCinema,International,United States,65.0,A,https://www.justwatch.com/in/tv-show/the-night-of,"['Crime', 'Drama', 'Mystery Thriller']",English (assumed),False,2,False
Vikram On Duty,show,"Crime, Mystery & Thriller, Action Thriller",2026.0,,,JioCinema,Indian,India,22.0,A,https://www.justwatch.com/in/tv-show/vikram-on-duty,"['Crime', 'Mystery & Thriller', 'Action Thriller']",Regional Indian (unspecified),True,2,False
Parks and Recreation,show,"Comedy, Sitcoms",2009.0,8.6,316k,JioCinema,International,United States,22.0,UA13+,https://www.justwatch.com/in/tv-show/parks-and-recreation,"['Comedy', 'Sitcoms']",English (assumed),False,2,False
The Seven Deadly Sins,show,"Action & Adventure, Animation, Comedy, Fantasy, Science-Fiction, Classic Japanese Anime",2014.0,7.6,46k,JioCinema,International,Japan,25.0,UA16+,https://www.justwatch.com/in/tv-show/the-seven-deadly-sins,"['Action & Adventure', 'Animation', 'Comedy', 'Fantasy', 'Science-Fiction', 'Classic Japanese Anime']",English (assumed),False,2,False
All Her Fault,show,"Crime, Drama, Mystery & Thriller, Emotional Drama",2025.0,7.5,46k,JioCinema,International,"Australia, United Kingdom, United States",,,https://www.justwatch.com/in/tv-show/all-her-fault,"['Crime', 'Drama', 'Mystery & Thriller', 'Emotional Drama']",English (assumed),True,2,False
The Five Star Weekend,show,"Drama, Emotional Drama",2026.0,,,JioCinema,International,United States,,,https://www.justwatch.com/in/tv-show/the-five-star-weekend,"['Drama', 'Emotional Drama']",English (assumed),True,2,False
Ishq Aur Desire,show,"Drama, Mystery & Thriller, Bollywood",2019.0,6.0,5k,JioCinema,Indian,India,27.0,A,https://www.justwatch.com/in/tv-show/bekaaboo,"['Drama', 'Mystery & Thriller', 'Bollywood']",Hindi,False,2,False
Reign,show,"Drama, History, Romance, Young Adult Drama, Period Drama",2013.0,7.4,58k,JioCinema,International,United States,42.0,UA16+,https://www.justwatch.com/in/tv-show/reign,"['Drama', 'History', 'Romance', 'Young Adult Drama', 'Period Drama']",English (assumed),False,2,False
Iss Pyaar Ko Kya Naam Doon,show,"Drama, Romance, Romantic Drama, Like, Dislike, Lists, Seen all, Sign in, to sync Watchlist",2011.0,7.6,4k,JioCinema,Indian,India,22.0,PG,https://www.justwatch.com/in/tv-show/what-name-should-i-give-this-love,"['Drama', 'Romance', 'Romantic Drama', 'Like', 'Dislike', 'Lists', 'Seen all', 'Sign in', 'to sync Watchlist']",Regional Indian (unspecified),False,2,False
Mare of Easttown,show,"Crime, Drama, Mystery & Thriller, Detective Crime",2021.0,8.4,223k,JioCinema,International,United States,60.0,A,https://www.justwatch.com/in/tv-show/mare-of-easttown,"['Crime', 'Drama', 'Mystery & Thriller', 'Detective Crime']",English (assumed),False,2,False
Curb Your Enthusiasm,show,"Comedy, Raunchy Comedy",2000.0,8.8,167k,JioCinema,International,United States,33.0,U,https://www.justwatch.com/in/tv-show/curb-your-enthusiasm,"['Comedy', 'Raunchy Comedy']",English (assumed),False,2,False
Twin Peaks,show,"Crime, Drama, Horror, Dark Crime, Mystery Thriller",2017.0,8.5,90k,JioCinema,International,United States,56.0,A,https://www.justwatch.com/in/tv-show/twin-peaks-2017,"['Crime', 'Drama', 'Horror', 'Dark Crime', 'Mystery Thriller']",English (assumed),False,2,False
Heart Beat,show,"Drama, Emotional Drama, Bollywood",2024.0,,,JioCinema,Indian,India,,,https://www.justwatch.com/in/tv-show/heart-beat,"['Drama', 'Emotional Drama', 'Bollywood']",Hindi,True,2,False
Dil Ko Tumse Pyaar Hua,show,"Drama, Kids & Family, Romance, Romantic Drama",2024.0,,,JioCinema,International,United States,,,https://www.justwatch.com/in/tv-show/dil-ko-tumse-pyaar-hua,"['Drama', 'Kids & Family', 'Romance', 'Romantic Drama']",English (assumed),True,2,False
Alien: Earth,show,"Drama, Horror, Mystery & Thriller, Science-Fiction, Sci-Fi Drama",2025.0,7.1,106k,JioCinema,International,United States,55.0,A,https://www.justwatch.com/in/tv-show/alien,"['Drama', 'Horror', 'Mystery & Thriller', 'Science-Fiction', 'Sci-Fi Drama']",English (assumed),True,2,False
Scorpion,show,"Action & Adventure, Crime, Drama, Mystery & Thriller, Spies, Based On A True Story",2014.0,7.1,64k,JioCinema,International,United States,42.0,U,https://www.justwatch.com/in/tv-show/scorpion,"['Action & Adventure', 'Crime', 'Drama', 'Mystery & Thriller', 'Spies', 'Based On A True Story']",English (assumed),False,2,False
The King of Queens,show,"Comedy, Sitcoms",1998.0,7.4,95k,JioCinema,International,United States,24.0,UA13+,https://www.justwatch.com/in/tv-show/the-king-of-queens,"['Comedy', 'Sitcoms']",English (assumed),False,2,False
Big Little Lies,show,"Crime, Drama, Dark Crime, Mystery Thriller",2017.0,8.4,245k,JioCinema,International,United States,50.0,UA16+,https://www.justwatch.com/in/tv-show/big-little-lies,"['Crime', 'Drama', 'Dark Crime', 'Mystery Thriller']",English (assumed),False,2,False
Devon Ke Dev...Mahadev,show,"Action & Adventure, Drama, Fantasy, Romance, Bollywood",2011.0,9.2,5k,JioCinema,Indian,India,22.0,U,https://www.justwatch.com/in/tv-show/devon-ke-dev-mhaadev,"['Action & Adventure', 'Drama', 'Fantasy', 'Romance', 'Bollywood']",Hindi,False,2,False
Below Deck,show,Reality TV,2013.0,7.5,6k,JioCinema,International,United States,43.0,UA16+,https://www.justwatch.com/in/tv-show/below-deck,['Reality TV'],English (assumed),False,2,False
Nazar,show,"Fantasy, Horror, Mystery & Thriller, Science-Fiction, Bollywood",2018.0,,,JioCinema,Indian,India,20.0,UA13+,https://www.justwatch.com/in/tv-show/nazar,"['Fantasy', 'Horror', 'Mystery & Thriller', 'Science-Fiction', 'Bollywood']",Hindi,False,2,False
The Newsroom,show,"Drama, Emotional Drama",2012.0,8.6,135k,JioCinema,International,United States,57.0,UA13+,https://www.justwatch.com/in/tv-show/the-newsroom,"['Drama', 'Emotional Drama']",English (assumed),False,2,False
Aarya,show,"Action & Adventure, Crime, Drama, Mystery & Thriller, Bollywood",2020.0,7.7,16k,JioCinema,Indian,India,45.0,UA16+,https://www.justwatch.com/in/tv-show/aarya,"['Action & Adventure', 'Crime', 'Drama', 'Mystery & Thriller', 'Bollywood']",Hindi,False,2,False
Doree,show,"Action & Adventure, Crime, Drama, Kids & Family, Mystery & Thriller, Romance, Bollywood, Like, Dislike, Lists, Seen all, Sign in, to sync Watchlist",2023.0,,,JioCinema,Indian,India,,,https://www.justwatch.com/in/tv-show/doree,"['Action & Adventure', 'Crime', 'Drama', 'Kids & Family', 'Mystery & Thriller', 'Romance', 'Bollywood', 'Like', 'Dislike', 'Lists', 'Seen all', 'Sign in', 'to sync Watchlist']",Hindi,False,2,False
Below Deck Mediterranean,show,Reality TV,2016.0,7.6,4k,JioCinema,International,United States,45.0,A,https://www.justwatch.com/in/tv-show/below-deck-mediterranean,['Reality TV'],English (assumed),False,2,False
PAW Patrol,show,"Animation, Comedy, Kids & Family, Family Animation",2013.0,6.1,7k,JioCinema,International,"Canada, United States",18.0,U,https://www.justwatch.com/in/tv-show/paw-patrol,"['Animation', 'Comedy', 'Kids & Family', 'Family Animation']",English (assumed),False,2,False
Only Murders in the Building,show,"Comedy, Crime, Drama, Dramedy, Mystery Thriller",2021.0,8.0,204k,JioCinema,International,United States,35.0,UA16+,https://www.justwatch.com/in/tv-show/only-murders-in-the-building,"['Comedy', 'Crime', 'Drama', 'Dramedy', 'Mystery Thriller']",English (assumed),False,2,False
Akgwi,show,"Drama, Fantasy, Horror, Mystery Thriller",2023.0,7.9,4k,JioCinema,International,South Korea,,,https://www.justwatch.com/in/tv-show/revenant,"['Drama', 'Fantasy', 'Horror', 'Mystery Thriller']",English (assumed),False,2,False
The Madison,show,"Drama, Emotional Drama",2026.0,7.8,20k,JioCinema,International,United States,,,https://www.justwatch.com/in/tv-show/the-madison,"['Drama', 'Emotional Drama']",English (assumed),True,2,False
The Great,show,"Comedy, Drama, History, Dramedy, Period Drama",2020.0,8.1,65k,JioCinema,International,United States,,,https://www.justwatch.com/in/tv-show/the-great,"['Comedy', 'Drama', 'History', 'Dramedy', 'Period Drama']",English (assumed),False,2,False
This Is Us,show,"Comedy, Drama, Romance, Dramedy, Romantic Drama",2016.0,8.7,174k,JioCinema,International,United States,43.0,U,https://www.justwatch.com/in/tv-show/this-is-us,"['Comedy', 'Drama', 'Romance', 'Dramedy', 'Romantic Drama']",English (assumed),False,2,False
Prisoner,show,"Action & Adventure, Crime, Mystery & Thriller, Action Thriller",2026.0,6.6,1k,JioCinema,International,United Kingdom,,,https://www.justwatch.com/in/tv-show/prisoner,"['Action & Adventure', 'Crime', 'Mystery & Thriller', 'Action Thriller']",English (assumed),True,2,False
Bleach: Sennen Kessen-hen,show,"Action & Adventure, Animation, Fantasy, Mystery & Thriller, War & Military, Classic Japanese Anime",2022.0,9.0,77k,JioCinema,International,Japan,25.0,UA16+,https://www.justwatch.com/in/tv-show/bleach-thousand-year-blood-war,"['Action & Adventure', 'Animation', 'Fantasy', 'Mystery & Thriller', 'War & Military', 'Classic Japanese Anime']",English (assumed),False,3,False
His Dark Materials,show,"Action & Adventure, Drama, Fantasy, Science-Fiction, Epic Fantasy, Sci-Fi Drama, Dark Fantasy",2019.0,7.7,94k,JioCinema,International,United Kingdom,54.0,UA13+,https://www.justwatch.com/in/tv-show/his-dark-materials,"['Action & Adventure', 'Drama', 'Fantasy', 'Science-Fiction', 'Epic Fantasy', 'Sci-Fi Drama', 'Dark Fantasy']",English (assumed),False,2,False
Mairimashita! Iruma-kun,show,"Animation, Comedy, Drama, Fantasy, Science-Fiction, Classic Japanese Anime",2019.0,7.6,3k,JioCinema,International,Japan,24.0,UA13+,https://www.justwatch.com/in/tv-show/welcome-to-demon-school-iruma-kun,"['Animation', 'Comedy', 'Drama', 'Fantasy', 'Science-Fiction', 'Classic Japanese Anime']",English (assumed),False,3,False
Kasam - Tere Pyaar Ki,show,"Kids & Family, Drama, Bollywood, Romantic Drama",2016.0,,,JioCinema,Indian,India,,,https://www.justwatch.com/in/tv-show/kasam,"['Kids & Family', 'Drama', 'Bollywood', 'Romantic Drama']",Hindi,False,2,False
White Collar,show,"Comedy, Crime, Drama, Mystery & Thriller, Detective Crime",2009.0,8.2,153k,JioCinema,International,United States,44.0,U,https://www.justwatch.com/in/tv-show/white-collar,"['Comedy', 'Crime', 'Drama', 'Mystery & Thriller', 'Detective Crime']",English (assumed),False,2,False
Hawaii Five-0,show,"Action & Adventure, Comedy, Crime, Drama, Mystery & Thriller, Romance, Detective Crime, Action Thriller",2010.0,7.4,83k,JioCinema,International,United States,43.0,U,https://www.justwatch.com/in/tv-show/hawaii-five-0,"['Action & Adventure', 'Comedy', 'Crime', 'Drama', 'Mystery & Thriller', 'Romance', 'Detective Crime', 'Action Thriller']",English (assumed),False,2,False
Tucci in Italy,show,Documentary,2025.0,8.0,1k,JioCinema,International,United States,,,https://www.justwatch.com/in/tv-show/tucci-in-italy,['Documentary'],English (assumed),True,2,False
Law & Order,show,"Crime, Drama, Mystery & Thriller, Courtroom, Detective Crime",1990.0,7.8,51k,JioCinema,International,United States,,,https://www.justwatch.com/in/tv-show/law-and-order,"['Crime', 'Drama', 'Mystery & Thriller', 'Courtroom', 'Detective Crime']",English (assumed),False,2,False
Nurse Jackie,show,"Comedy, Drama, Dramedy",2009.0,7.9,33k,JioCinema,International,United States,27.0,UA16+,https://www.justwatch.com/in/tv-show/nurse-jackie,"['Comedy', 'Drama', 'Dramedy']",English (assumed),False,2,False
Gossip Girl,show,"Drama, Romance, Emotional Drama, Young Adult Drama",2007.0,7.5,198k,JioCinema,International,United States,42.0,U,https://www.justwatch.com/in/tv-show/gossip-girl,"['Drama', 'Romance', 'Emotional Drama', 'Young Adult Drama']",English (assumed),False,3,False
Vice Principals,show,Comedy,2016.0,8.0,38k,JioCinema,International,United States,,,https://www.justwatch.com/in/tv-show/vice-principals,['Comedy'],English (assumed),False,2,False
Tuu Juliet Jatt Di,show,"Drama, Romance",2025.0,,,JioCinema,Indian,India,24.0,UA13+,https://www.justwatch.com/in/tv-show/tu-juliet-jatt-di,"['Drama', 'Romance']",Regional Indian (unspecified),True,2,False
American Horror Story,show,"Drama, Horror, Mystery & Thriller, Science-Fiction, Slasher, Horror Thriller",2011.0,7.9,362k,JioCinema,International,United States,44.0,A,https://www.justwatch.com/in/tv-show/american-horror-story,"['Drama', 'Horror', 'Mystery & Thriller', 'Science-Fiction', 'Slasher', 'Horror Thriller']",English (assumed),False,2,False
Shubh Ratri,show,"Comedy, Drama, Bollywood",2019.0,,,JioCinema,Indian,India,26.0,UA7+,https://www.justwatch.com/in/tv-show/shubh-ratri,"['Comedy', 'Drama', 'Bollywood']",Hindi,False,2,False
Molkki,show,"Drama, Emotional Drama, Bollywood",2020.0,,,JioCinema,Indian,India,20.0,UA13+,https://www.justwatch.com/in/tv-show/molkki,"['Drama', 'Emotional Drama', 'Bollywood']",Hindi,False,2,False
Tracker,show,"Action & Adventure, Crime, Drama, Detective Crime",2024.0,7.1,30k,JioCinema,International,United States,,,https://www.justwatch.com/in/tv-show/tracker-2024,"['Action & Adventure', 'Crime', 'Drama', 'Detective Crime']",English (assumed),True,2,False
Bahu Begum,show,"Drama, Kids & Family, Romance, Bollywood, Like, Dislike, Lists, Seen all, Sign in, to sync Watchlist",2019.0,,,JioCinema,Indian,India,20.0,UA13+,https://www.justwatch.com/in/tv-show/bahu-begum,"['Drama', 'Kids & Family', 'Romance', 'Bollywood', 'Like', 'Dislike', 'Lists', 'Seen all', 'Sign in', 'to sync Watchlist']",Hindi,False,2,False
Love Conquers All,show,"Drama, Romance, Bollywood",2001.0,3.8,1k,JioCinema,Indian,India,28.0,UA13+,https://www.justwatch.com/in/tv-show/kasautii-zindagii-kay,"['Drama', 'Romance', 'Bollywood']",Hindi,False,2,False
Nishir Daak,show,"Horror, Mystery & Thriller, Bollywood, Horror Thriller",2018.0,,,JioCinema,Indian,India,,,https://www.justwatch.com/in/tv-show/nishir-daak,"['Horror', 'Mystery & Thriller', 'Bollywood', 'Horror Thriller']",Hindi,False,2,False
Halo,show,"Mystery & Thriller, Science-Fiction, War & Military, Sci-Fi Military, Action Adventure",2022.0,7.3,110k,JioCinema,International,United States,52.0,UA13+,https://www.justwatch.com/in/tv-show/halo,"['Mystery & Thriller', 'Science-Fiction', 'War & Military', 'Sci-Fi Military', 'Action Adventure']",English (assumed),False,2,False
Gold Land,show,"Crime, Drama, Mystery & Thriller, Romance",2026.0,,,JioCinema,International,South Korea,,,https://www.justwatch.com/in/tv-show/gold-land,"['Crime', 'Drama', 'Mystery & Thriller', 'Romance']",English (assumed),True,2,False
MasterChef Australia,show,"Reality TV, Reality Competition",2009.0,8.2,4k,JioCinema,International,Australia,55.0,U,https://www.justwatch.com/in/tv-show/masterchef-australia,"['Reality TV', 'Reality Competition']",English (assumed),False,2,False
PONIES,show,"Comedy, Crime, Drama, Mystery Thriller",2026.0,7.1,11k,JioCinema,International,United States,,,https://www.justwatch.com/in/tv-show/ponies,"['Comedy', 'Crime', 'Drama', 'Mystery Thriller']",English (assumed),True,2,False
Welcome to Wrexham,show,"Documentary, Sport, Reality TV",2022.0,8.3,25k,JioCinema,International,United States,34.0,UA16+,https://www.justwatch.com/in/tv-show/welcome-to-wrexham,"['Documentary', 'Sport', 'Reality TV']",English (assumed),False,2,False
Dr. Aarambhi,show,Drama,2026.0,,,JioCinema,Indian,India,21.0,UA13+,https://www.justwatch.com/in/tv-show/dr-aarambhi,['Drama'],Regional Indian (unspecified),True,2,False
Neighbors,show,"Documentary, Reality TV",2026.0,6.8,1k,JioCinema,International,United States,,,https://www.justwatch.com/in/tv-show/neighbors,"['Documentary', 'Reality TV']",English (assumed),True,2,False
Anupamaa,show,"Drama, Emotional Drama, Bollywood",2020.0,3.5,3k,JioCinema,Indian,India,24.0,UA13+,https://www.justwatch.com/in/tv-show/anupamaa,"['Drama', 'Emotional Drama', 'Bollywood']",Hindi,False,2,False
Vigilante,show,"Action & Adventure, Crime, Drama, Mystery & Thriller, Action Thriller",2023.0,7.7,4k,JioCinema,International,South Korea,,,https://www.justwatch.com/in/tv-show/vigilante,"['Action & Adventure', 'Crime', 'Drama', 'Mystery & Thriller', 'Action Thriller']",English (assumed),False,2,False
Boston Legal,show,"Comedy, Crime, Drama, Courtroom",2004.0,8.5,53k,JioCinema,International,United States,44.0,UA13+,https://www.justwatch.com/in/tv-show/boston-legal,"['Comedy', 'Crime', 'Drama', 'Courtroom']",English (assumed),False,2,False
She-Hulk: Attorney at Law,show,"Comedy, Science-Fiction, Action Adventure",2022.0,5.2,209k,JioCinema,International,United States,32.0,UA16+,https://www.justwatch.com/in/tv-show/she-hulk,"['Comedy', 'Science-Fiction', 'Action Adventure']",English (assumed),False,2,False
Criminal Justice: Adhura Sach,show,"Crime, Drama, Mystery Thriller",2022.0,7.6,8k,JioCinema,Indian,India,47.0,UA16+,https://www.justwatch.com/in/tv-show/criminal-justice-adhura-sach,"['Crime', 'Drama', 'Mystery Thriller']",Regional Indian (unspecified),False,2,False
1883,show,"Drama, Western, Epic Western",2021.0,8.6,167k,JioCinema,International,United States,,,https://www.justwatch.com/in/tv-show/1883,"['Drama', 'Western', 'Epic Western']",English (assumed),False,2,False
New Girl,show,"Comedy, Romance, Sitcoms",2011.0,7.8,263k,JioCinema,International,United States,21.0,U,https://www.justwatch.com/in/tv-show/new-girl,"['Comedy', 'Romance', 'Sitcoms']",English (assumed),False,2,False
Barrister Babu,show,"Drama, History, Kids & Family, Romance, Bollywood",2020.0,7.1,1k,JioCinema,Indian,India,21.0,UA13+,https://www.justwatch.com/in/tv-show/barrister-babu,"['Drama', 'History', 'Kids & Family', 'Romance', 'Bollywood']",Hindi,False,2,False
Poker Face,show,"Comedy, Crime, Drama, Mystery Thriller",2023.0,7.7,68k,JioCinema,International,United States,,,https://www.justwatch.com/in/tv-show/poker-face,"['Comedy', 'Crime', 'Drama', 'Mystery Thriller']",English (assumed),False,2,False
Sirf Tum,show,"Drama, Romantic Drama",2021.0,,,JioCinema,Indian,India,22.0,UA13+,https://www.justwatch.com/in/tv-show/sirf-tum,"['Drama', 'Romantic Drama']",Regional Indian (unspecified),False,2,False
Sword Art Online,show,"Action & Adventure, Animation, Drama, Fantasy, Mystery & Thriller, Romance, Science-Fiction, Classic Japanese Anime",2012.0,7.5,54k,JioCinema,International,Japan,23.0,A,https://www.justwatch.com/in/tv-show/sword-art-online-ii,"['Action & Adventure', 'Animation', 'Drama', 'Fantasy', 'Mystery & Thriller', 'Romance', 'Science-Fiction', 'Classic Japanese Anime']",English (assumed),False,4,False
Barry,show,"Action & Adventure, Comedy, Crime, Drama, Dark Crime, Action Comedy, Sitcoms",2018.0,8.3,143k,JioCinema,International,United States,32.0,UA13+,https://www.justwatch.com/in/tv-show/barry,"['Action & Adventure', 'Comedy', 'Crime', 'Drama', 'Dark Crime', 'Action Comedy', 'Sitcoms']",English (assumed),False,2,False
Marvel's Jessica Jones,show,"Action & Adventure, Crime, Drama, Mystery & Thriller, Science-Fiction, Superhero",2015.0,7.8,240k,JioCinema,International,United States,51.0,A,https://www.justwatch.com/in/tv-show/marvels-jessica-jones,"['Action & Adventure', 'Crime', 'Drama', 'Mystery & Thriller', 'Science-Fiction', 'Superhero']",English (assumed),False,2,False
Star Wars: Maul - Shadow Lord,show,"Action & Adventure, Animation, Crime, Kids & Family, Science-Fiction",2026.0,8.6,26k,JioCinema,International,United States,24.0,UA13+,https://www.justwatch.com/in/tv-show/star-wars-maul-shadow-lord,"['Action & Adventure', 'Animation', 'Crime', 'Kids & Family', 'Science-Fiction']",English (assumed),True,2,False
St. Denis Medical,show,"Comedy, Sitcoms",2024.0,7.2,8k,JioCinema,International,United States,,,https://www.justwatch.com/in/tv-show/st-denis-medical,"['Comedy', 'Sitcoms']",English (assumed),True,2,False
Marvel's The Defenders,show,"Action & Adventure, Crime, Fantasy, Science-Fiction, Superhero",2017.0,7.2,127k,JioCinema,International,United States,50.0,UA16+,https://www.justwatch.com/in/tv-show/marvels-the-defenders,"['Action & Adventure', 'Crime', 'Fantasy', 'Science-Fiction', 'Superhero']",English (assumed),False,2,False
The Sheep Detectives,movie,"Action & Adventure, Comedy, Kids & Family, Mystery & Thriller, Action Comedy",2026.0,7.6,22k,Amazon Prime Video,International,"United Kingdom, United States",109.0,UA7+,https://www.justwatch.com/in/movie/the-sheep-detectives,"['Action & Adventure', 'Comedy', 'Kids & Family', 'Mystery & Thriller', 'Action Comedy']",English (assumed),True,1,True
Project Hail Mary,movie,"Action & Adventure, Comedy, Drama, Science-Fiction, Sci-Fi Drama",2026.0,8.2,370k,Amazon Prime Video,International,United States,156.0,UA13+,https://www.justwatch.com/in/movie/project-hail-mary,"['Action & Adventure', 'Comedy', 'Drama', 'Science-Fiction', 'Sci-Fi Drama']",English (assumed),True,1,True
Troy,movie,"Action & Adventure, History, War & Military, Made in Europe, Epic",2004.0,7.3,618k,Amazon Prime Video,International,"United Kingdom, United States",163.0,UA,https://www.justwatch.com/in/movie/troy,"['Action & Adventure', 'History', 'War & Military', 'Made in Europe', 'Epic']",English (assumed),False,1,True
Karuppu,movie,"Action & Adventure, Comedy, Drama, Fantasy, Bollywood",2026.0,6.3,9k,Amazon Prime Video,Indian,India,150.0,UA13+,https://www.justwatch.com/in/movie/karuppu,"['Action & Adventure', 'Comedy', 'Drama', 'Fantasy', 'Bollywood']",Hindi,True,1,True
Trikala: Script of God,movie,Mystery & Thriller,2026.0,,,Amazon Prime Video,Indian,India,127.0,A,https://www.justwatch.com/in/movie/trikala-script-of-god,['Mystery & Thriller'],Regional Indian (unspecified),True,3,False
Dose,movie,Mystery & Thriller,2026.0,,,Amazon Prime Video,Indian,India,140.0,UA16+,https://www.justwatch.com/in/movie/dose,['Mystery & Thriller'],Regional Indian (unspecified),True,1,True
Double Occupancy,movie,"Comedy, Drama, Fantasy, Romance",2026.0,,,Amazon Prime Video,Indian,India,132.0,UA16+,https://www.justwatch.com/in/movie/double-occupancy,"['Comedy', 'Drama', 'Fantasy', 'Romance']",Regional Indian (unspecified),True,1,True
How to Have Sex,movie,"Drama, Emotional Drama",2023.0,6.4,23k,Amazon Prime Video,International,"Belgium, France, United Kingdom, Greece",,,https://www.justwatch.com/in/movie/how-to-have-sex,"['Drama', 'Emotional Drama']",English (assumed),False,3,False
Razor,movie,"Action & Adventure, Drama, Mystery & Thriller",2026.0,,,Amazon Prime Video,Indian,India,130.0,A,https://www.justwatch.com/in/movie/razor,"['Action & Adventure', 'Drama', 'Mystery & Thriller']",Regional Indian (unspecified),True,1,True
Together,movie,"Horror, Romance, Science-Fiction, RomCom",2025.0,6.7,82k,Amazon Prime Video,International,"Australia, United States",102.0,A,https://www.justwatch.com/in/movie/together-2025,"['Horror', 'Romance', 'Science-Fiction', 'RomCom']",English (assumed),True,3,False
Drishyam 3,movie,"Crime, Drama, Kids & Family, Mystery & Thriller",2026.0,6.8,3k,Amazon Prime Video,Indian,India,157.0,UA13+,https://www.justwatch.com/in/movie/drishyam-3,"['Crime', 'Drama', 'Kids & Family', 'Mystery & Thriller']",Regional Indian (unspecified),True,1,True
"Good Luck, Have Fun, Don't Die",movie,"Comedy, Science-Fiction, Sci-Fi Drama, Action Adventure",2026.0,7.0,55k,Amazon Prime Video,International,"Germany, United States",,,https://www.justwatch.com/in/movie/good-luck-have-fun-dont-die,"['Comedy', 'Science-Fiction', 'Sci-Fi Drama', 'Action Adventure']",English (assumed),True,1,True
Dacoit: A Love Story,movie,"Action & Adventure, Drama, Mystery & Thriller, Romance, Bollywood",2026.0,7.5,9k,Amazon Prime Video,Indian,India,149.0,UA,https://www.justwatch.com/in/movie/dacoit-a-love-story,"['Action & Adventure', 'Drama', 'Mystery & Thriller', 'Romance', 'Bollywood']",Hindi,True,1,True
K.G.F: Chapter 2,movie,"Action & Adventure, Crime, Drama, Mystery & Thriller, Bollywood",2022.0,8.2,170k,Amazon Prime Video,Indian,India,166.0,UA,https://www.justwatch.com/in/movie/k-g-f-chapter-2,"['Action & Adventure', 'Crime', 'Drama', 'Mystery & Thriller', 'Bollywood']",Hindi,False,1,True
Your Fault: London,movie,"Drama, Romance, Romantic Drama",2026.0,6.1,2k,Amazon Prime Video,International,"Spain, United Kingdom, United States",,,https://www.justwatch.com/in/movie/your-fault-london,"['Drama', 'Romance', 'Romantic Drama']",English (assumed),True,1,True
Second Case of Seetharam,movie,"Crime, Mystery & Thriller, Detective Crime",2026.0,,,Amazon Prime Video,Indian,India,120.0,UA16+,https://www.justwatch.com/in/movie/second-case-of-seetharam,"['Crime', 'Mystery & Thriller', 'Detective Crime']",Regional Indian (unspecified),True,1,True
The Housemaid,movie,"Drama, Mystery Thriller",2025.0,6.7,163k,Amazon Prime Video,International,United States,131.0,A,https://www.justwatch.com/in/movie/the-housemaid-0,"['Drama', 'Mystery Thriller']",English (assumed),True,1,True
Junior,movie,"Drama, Emotional Drama, Bollywood",2025.0,4.7,1k,Amazon Prime Video,Indian,India,151.0,UA13+,https://www.justwatch.com/in/movie/junior-2025,"['Drama', 'Emotional Drama', 'Bollywood']",Hindi,True,1,True
Over Your Dead Body,movie,"Action & Adventure, Comedy, Mystery & Thriller, Action Comedy",2026.0,6.3,18k,Amazon Prime Video,International,"Finland, Norway, United States",,,https://www.justwatch.com/in/movie/over-your-dead-body-2026,"['Action & Adventure', 'Comedy', 'Mystery & Thriller', 'Action Comedy']",English (assumed),True,1,True
Ugly story,movie,"Drama, Mystery & Thriller, Romance",2026.0,,,Amazon Prime Video,Indian,India,123.0,A,https://www.justwatch.com/in/movie/ugly-story,"['Drama', 'Mystery & Thriller', 'Romance']",Regional Indian (unspecified),True,3,False
Agra,movie,"Drama, Bollywood",2025.0,5.4,1k,Amazon Prime Video,Indian,"France, India",115.0,A,https://www.justwatch.com/in/movie/agra,"['Drama', 'Bollywood']",Hindi,True,1,True
Tuck Jagadish,movie,"Action & Adventure, Drama, Action Thriller",2021.0,5.6,4k,Amazon Prime Video,Indian,India,145.0,UA13+,https://www.justwatch.com/in/movie/tuck-jagadish,"['Action & Adventure', 'Drama', 'Action Thriller']",Regional Indian (unspecified),False,1,True
The Secret Agent,movie,"Crime, Drama, Mystery & Thriller, Period Drama",2025.0,7.2,57k,Amazon Prime Video,International,"Argentina, Brazil, Germany, France, Netherlands",161.0,A,https://www.justwatch.com/in/movie/the-secret-agent-2025,"['Crime', 'Drama', 'Mystery & Thriller', 'Period Drama']",English (assumed),True,1,True
Spider-Man: Homecoming,movie,"Action & Adventure, Science-Fiction, Superhero",2017.0,7.4,734k,Amazon Prime Video,International,United States,133.0,UA,https://www.justwatch.com/in/movie/spider-man-homecoming,"['Action & Adventure', 'Science-Fiction', 'Superhero']",English (assumed),False,1,True
Succubus,movie,"Horror, Mystery & Thriller, Horror Thriller",2024.0,3.6,1k,Amazon Prime Video,International,Russia,96.0,A,https://www.justwatch.com/in/movie/succubus,"['Horror', 'Mystery & Thriller', 'Horror Thriller']",English (assumed),True,1,True
Mareechika,movie,"Mystery & Thriller, Romance",2026.0,,,Amazon Prime Video,Indian,India,138.0,UA13+,https://www.justwatch.com/in/movie/mareechika,"['Mystery & Thriller', 'Romance']",Regional Indian (unspecified),True,1,True
Jigris,movie,"Comedy, Bollywood",2025.0,7.8,2k,Amazon Prime Video,Indian,India,150.0,UA16+,https://www.justwatch.com/in/movie/jigris,"['Comedy', 'Bollywood']",Hindi,True,1,True
Kantara - A Legend: Chapter 1,movie,"Action & Adventure, Drama, Fantasy, Mystery & Thriller, Bollywood, Action Thriller",2025.0,8.1,57k,Amazon Prime Video,Indian,India,165.0,UA16+,https://www.justwatch.com/in/movie/kantara-chapter-1,"['Action & Adventure', 'Drama', 'Fantasy', 'Mystery & Thriller', 'Bollywood', 'Action Thriller']",Hindi,True,1,True
Stree 2: Sarkate Ka Aatank,movie,"Comedy, Horror, Horror Comedy",2024.0,6.9,46k,Amazon Prime Video,Indian,India,147.0,UA13+,https://www.justwatch.com/in/movie/stree-2,"['Comedy', 'Horror', 'Horror Comedy']",Regional Indian (unspecified),True,1,True
Interstellar,movie,"Action & Adventure, Drama, Science-Fiction, Sci-Fi Drama",2014.0,,,Amazon Prime Video,International,"Canada, United Kingdom, United States",169.0,UA,https://www.justwatch.com/in/movie/interstellar,"['Action & Adventure', 'Drama', 'Science-Fiction', 'Sci-Fi Drama']",English (assumed),False,3,False
Dune,movie,"Drama, Science-Fiction, War & Military, Sci-Fi Drama, Action Adventure",2021.0,,,Amazon Prime Video,International,United States,155.0,UA,https://www.justwatch.com/in/movie/dune-2021,"['Drama', 'Science-Fiction', 'War & Military', 'Sci-Fi Drama', 'Action Adventure']",English (assumed),False,1,True
My Fault,movie,"Drama, Mystery & Thriller, Romance, Romantic Drama",2023.0,6.1,45k,Amazon Prime Video,International,Spain,117.0,A,https://www.justwatch.com/in/movie/culpa-mia,"['Drama', 'Mystery & Thriller', 'Romance', 'Romantic Drama']",English (assumed),False,1,True
My Fault: London,movie,"Drama, Romance, Romantic Drama",2025.0,6.2,17k,Amazon Prime Video,International,United Kingdom,,,https://www.justwatch.com/in/movie/my-fault-london,"['Drama', 'Romance', 'Romantic Drama']",English (assumed),True,1,True
Spider-Man,movie,"Action & Adventure, Science-Fiction, Superhero",2002.0,7.4,971k,Amazon Prime Video,International,United States,121.0,U,https://www.justwatch.com/in/movie/spider-man,"['Action & Adventure', 'Science-Fiction', 'Superhero']",English (assumed),False,2,False
Ginny Wedss Sunny 2,movie,"Comedy, Drama, Kids & Family, Romance",2026.0,,,Amazon Prime Video,Indian,India,134.0,UA16+,https://www.justwatch.com/in/movie/ginny-wedss-sunny-2,"['Comedy', 'Drama', 'Kids & Family', 'Romance']",Regional Indian (unspecified),True,1,True
Prisoners,movie,"Crime, Drama, Mystery Thriller",2013.0,8.2,941k,Amazon Prime Video,International,United States,153.0,A,https://www.justwatch.com/in/movie/prisoners,"['Crime', 'Drama', 'Mystery Thriller']",English (assumed),False,1,True
Bhaag Milkha Bhaag,movie,"Drama, History, Sport, Bollywood",2013.0,8.2,79k,Amazon Prime Video,Indian,India,186.0,U,https://www.justwatch.com/in/movie/bhaag-milkha-bhaag,"['Drama', 'History', 'Sport', 'Bollywood']",Hindi,False,1,True
Marty Supreme,movie,"Comedy, Drama, Mystery & Thriller, Sport, Dramedy, Sports Drama",2025.0,7.6,192k,Amazon Prime Video,International,"Finland, United States",149.0,A,https://www.justwatch.com/in/movie/marty-supreme,"['Comedy', 'Drama', 'Mystery & Thriller', 'Sport', 'Dramedy', 'Sports Drama']",English (assumed),True,1,True
The Dictator,movie,"Comedy, Raunchy Comedy",2012.0,6.5,369k,Amazon Prime Video,International,United States,83.0,A,https://www.justwatch.com/in/movie/the-dictator,"['Comedy', 'Raunchy Comedy']",English (assumed),False,1,True
After,movie,"Drama, Romance, Romantic Drama",2019.0,5.3,76k,Amazon Prime Video,International,United States,106.0,UA,https://www.justwatch.com/in/movie/after,"['Drama', 'Romance', 'Romantic Drama']",English (assumed),False,1,True
Mortal Kombat,movie,"Action & Adventure, Fantasy, Mystery & Thriller, Science-Fiction, Video Game",2021.0,6.1,215k,Amazon Prime Video,International,United States,110.0,A,https://www.justwatch.com/in/movie/mortal-kombat-2021,"['Action & Adventure', 'Fantasy', 'Mystery & Thriller', 'Science-Fiction', 'Video Game']",English (assumed),False,1,True
Oye Lucky! Lucky Oye!,movie,"Action & Adventure, Comedy, Crime, Drama",2008.0,7.7,19k,Amazon Prime Video,Indian,India,126.0,UA,https://www.justwatch.com/in/movie/oye-lucky-lucky-oye,"['Action & Adventure', 'Comedy', 'Crime', 'Drama']",Regional Indian (unspecified),False,1,True
Godari Gattupaina,movie,"Kids & Family, Romance, Comedy, RomCom, Romantic Drama",2026.0,,,Amazon Prime Video,Indian,India,,,https://www.justwatch.com/in/movie/godari-gattupaina,"['Kids & Family', 'Romance', 'Comedy', 'RomCom', 'Romantic Drama']",Regional Indian (unspecified),True,1,True
Mission: Impossible - The Final Reckoning,movie,"Action & Adventure, Mystery & Thriller, Spies, Action Thriller",2025.0,7.1,233k,Amazon Prime Video,International,United States,170.0,UA13+,https://www.justwatch.com/in/movie/mission-impossible-dead-reckoning-part-two,"['Action & Adventure', 'Mystery & Thriller', 'Spies', 'Action Thriller']",English (assumed),True,1,True
300,movie,"Action & Adventure, Drama, War & Military, Epic Fantasy, Epic",2007.0,7.6,914k,Amazon Prime Video,International,"Bulgaria, Canada, United States",117.0,A,https://www.justwatch.com/in/movie/300,"['Action & Adventure', 'Drama', 'War & Military', 'Epic Fantasy', 'Epic']",English (assumed),False,3,False
Thamma,movie,"Comedy, Horror, Mystery & Thriller",2025.0,5.8,49k,Amazon Prime Video,Indian,India,149.0,UA16+,https://www.justwatch.com/in/movie/vampires-of-vijay-nagar,"['Comedy', 'Horror', 'Mystery & Thriller']",Regional Indian (unspecified),True,1,True
Inception,movie,"Action & Adventure, Mystery & Thriller, Science-Fiction, Cerebral, Action Thriller",2010.0,,,Amazon Prime Video,International,"United Kingdom, United States",148.0,UA,https://www.justwatch.com/in/movie/inception,"['Action & Adventure', 'Mystery & Thriller', 'Science-Fiction', 'Cerebral', 'Action Thriller']",English (assumed),False,3,False
Rangasthalam,movie,"Action & Adventure, Drama, Bollywood",2018.0,8.2,31k,Amazon Prime Video,Indian,India,179.0,UA,https://www.justwatch.com/in/movie/rangasthalam,"['Action & Adventure', 'Drama', 'Bollywood']",Hindi,False,3,False
Scream 7,movie,"Crime, Horror, Mystery & Thriller, Slasher",2026.0,5.5,58k,Amazon Prime Video,International,"Canada, United States",114.0,A,https://www.justwatch.com/in/movie/scream-7,"['Crime', 'Horror', 'Mystery & Thriller', 'Slasher']",English (assumed),True,1,True
Once Upon a Time... in Hollywood,movie,"Comedy, Drama, Mystery & Thriller, Dramedy",2019.0,7.6,966k,Amazon Prime Video,International,"China, United Kingdom, United States",162.0,A,https://www.justwatch.com/in/movie/once-upon-a-time-in-hollywood,"['Comedy', 'Drama', 'Mystery & Thriller', 'Dramedy']",English (assumed),False,2,False
Eden,movie,"Drama, History, Mystery Thriller",2025.0,6.5,45k,Amazon Prime Video,International,United States,,,https://www.justwatch.com/in/movie/eden-2024,"['Drama', 'History', 'Mystery Thriller']",English (assumed),True,1,True
Ikkis,movie,"Action & Adventure, Drama, History, War & Military, War Drama",2026.0,6.1,26k,Amazon Prime Video,Indian,India,144.0,UA13+,https://www.justwatch.com/in/movie/ekkis,"['Action & Adventure', 'Drama', 'History', 'War & Military', 'War Drama']",Regional Indian (unspecified),True,1,True
Tumbbad,movie,"Drama, Fantasy, Horror, Mystery & Thriller, Made in Europe, Bollywood",2018.0,8.2,75k,Amazon Prime Video,Indian,"India, Sweden",104.0,A,https://www.justwatch.com/in/movie/tumbbad,"['Drama', 'Fantasy', 'Horror', 'Mystery & Thriller', 'Made in Europe', 'Bollywood']",Hindi,False,1,True
Odela 2,movie,"Action & Adventure, Crime, Drama, Horror, Mystery & Thriller, Bollywood",2025.0,4.6,6k,Amazon Prime Video,Indian,India,147.0,A,https://www.justwatch.com/in/movie/odela2,"['Action & Adventure', 'Crime', 'Drama', 'Horror', 'Mystery & Thriller', 'Bollywood']",Hindi,True,1,True
Radhe Shyam,movie,"Drama, Romance, Romantic Drama",2022.0,5.2,33k,Amazon Prime Video,Indian,India,138.0,UA,https://www.justwatch.com/in/movie/radhe-shyam,"['Drama', 'Romance', 'Romantic Drama']",Regional Indian (unspecified),False,1,True
Pushpa: The Rise,movie,"Action & Adventure, Crime, Drama, Mystery & Thriller, Bollywood",2021.0,7.6,100k,Amazon Prime Video,Indian,India,179.0,UA,https://www.justwatch.com/in/movie/pushpa,"['Action & Adventure', 'Crime', 'Drama', 'Mystery & Thriller', 'Bollywood']",Hindi,False,1,True
The Amazing Spider-Man,movie,"Action & Adventure, Science-Fiction, Superhero",2012.0,6.9,768k,Amazon Prime Video,International,United States,137.0,UA,https://www.justwatch.com/in/movie/the-amazing-spider-man,"['Action & Adventure', 'Science-Fiction', 'Superhero']",English (assumed),False,4,False
Subedaar,movie,"Action & Adventure, Drama, Action Thriller",2026.0,6.1,11k,Amazon Prime Video,Indian,India,145.0,A,https://www.justwatch.com/in/movie/subedaar-2026,"['Action & Adventure', 'Drama', 'Action Thriller']",Regional Indian (unspecified),True,1,True
Carmeni Selvam,movie,"Comedy, Drama, Mystery & Thriller",2026.0,,,Amazon Prime Video,Indian,India,144.0,U,https://www.justwatch.com/in/movie/carmeni-selvam-2026,"['Comedy', 'Drama', 'Mystery & Thriller']",Regional Indian (unspecified),True,1,True
Couple Friendly,movie,"Drama, Romance, Romantic Drama",2026.0,7.2,1k,Amazon Prime Video,Indian,India,118.0,A,https://www.justwatch.com/in/movie/couple-friendly,"['Drama', 'Romance', 'Romantic Drama']",Regional Indian (unspecified),True,1,True
Drishyam 2,movie,"Crime, Drama, Mystery & Thriller, Bollywood",2022.0,8.2,52k,Amazon Prime Video,Indian,India,140.0,UA,https://www.justwatch.com/in/movie/drishyam-2-2022,"['Crime', 'Drama', 'Mystery & Thriller', 'Bollywood']",Hindi,False,1,True
Kishkindhapuri,movie,"Comedy, Drama, Horror, Mystery & Thriller, Bollywood, Horror Thriller",2025.0,6.9,3k,Amazon Prime Video,Indian,India,125.0,A,https://www.justwatch.com/in/movie/kishkindhapuri-2025,"['Comedy', 'Drama', 'Horror', 'Mystery & Thriller', 'Bollywood', 'Horror Thriller']",Hindi,True,1,True
Spider-Man 3,movie,"Action & Adventure, Science-Fiction, Made in Europe, Superhero",2007.0,6.3,702k,Amazon Prime Video,International,United States,139.0,UA,https://www.justwatch.com/in/movie/spider-man-3,"['Action & Adventure', 'Science-Fiction', 'Made in Europe', 'Superhero']",English (assumed),False,2,False
Crime 101,movie,"Crime, Drama, Mystery & Thriller, Heist, Detective Crime",2026.0,6.8,83k,Amazon Prime Video,International,"United Kingdom, United States",141.0,A,https://www.justwatch.com/in/movie/crime-101,"['Crime', 'Drama', 'Mystery & Thriller', 'Heist', 'Detective Crime']",English (assumed),True,1,True
The Others,movie,"Horror, Mystery & Thriller, Made in Europe, Horror Thriller, Paranormal",2001.0,7.6,427k,Amazon Prime Video,International,"Spain, France, United States",101.0,UA13+,https://www.justwatch.com/in/movie/the-others,"['Horror', 'Mystery & Thriller', 'Made in Europe', 'Horror Thriller', 'Paranormal']",English (assumed),False,1,True
American Psycho,movie,"Crime, Drama, Horror, Mystery & Thriller, Dark Crime, Horror Thriller",2000.0,7.6,843k,Amazon Prime Video,International,"Canada, United States",102.0,A,https://www.justwatch.com/in/movie/american-psycho,"['Crime', 'Drama', 'Horror', 'Mystery & Thriller', 'Dark Crime', 'Horror Thriller']",English (assumed),False,1,True
I Saw the Devil,movie,"Action & Adventure, Horror, Mystery & Thriller, Dark Crime",2010.0,7.8,166k,Amazon Prime Video,International,South Korea,,,https://www.justwatch.com/in/movie/i-saw-the-devil,"['Action & Adventure', 'Horror', 'Mystery & Thriller', 'Dark Crime']",English (assumed),False,1,True
Valathu Vashathe Kallan,movie,"Crime, Drama, Mystery & Thriller, Bollywood",2026.0,6.1,2k,Amazon Prime Video,Indian,India,135.0,UA13+,https://www.justwatch.com/in/movie/valathu-vashathe-kallan-2026,"['Crime', 'Drama', 'Mystery & Thriller', 'Bollywood']",Hindi,True,1,True
K.G.F: Chapter 1,movie,"Action & Adventure, Crime, Drama, Mystery & Thriller, Bollywood",2018.0,8.1,111k,Amazon Prime Video,Indian,India,156.0,UA,https://www.justwatch.com/in/movie/k-g-f-chapter-1,"['Action & Adventure', 'Crime', 'Drama', 'Mystery & Thriller', 'Bollywood']",Hindi,False,3,False
Kalki 2898-AD,movie,"Action & Adventure, Drama, Fantasy, Mystery & Thriller, Science-Fiction, Bollywood",2024.0,7.1,55k,Amazon Prime Video,Indian,India,180.0,UA,https://www.justwatch.com/in/movie/kalki-2898-ad,"['Action & Adventure', 'Drama', 'Fantasy', 'Mystery & Thriller', 'Science-Fiction', 'Bollywood']",Hindi,True,1,True
Whistle,movie,"Horror, Mystery & Thriller, Horror Thriller",2026.0,5.2,15k,Amazon Prime Video,International,"Ireland, United States",100.0,A,https://www.justwatch.com/in/movie/whistle-2026,"['Horror', 'Mystery & Thriller', 'Horror Thriller']",English (assumed),True,1,True
Spider-Man: Into the Spider-Verse,movie,"Action & Adventure, Animation, Fantasy, Kids & Family, Science-Fiction, Superhero, Western Animation",2018.0,8.4,795k,Amazon Prime Video,International,United States,117.0,U,https://www.justwatch.com/in/movie/spider-man-into-the-spider-verse,"['Action & Adventure', 'Animation', 'Fantasy', 'Kids & Family', 'Science-Fiction', 'Superhero', 'Western Animation']",English (assumed),False,2,False
Spider-Man: Far From Home,movie,"Action & Adventure, Comedy, Fantasy, Science-Fiction, Superhero",2019.0,7.3,643k,Amazon Prime Video,International,United States,130.0,UA,https://www.justwatch.com/in/movie/spider-man-far-from-home,"['Action & Adventure', 'Comedy', 'Fantasy', 'Science-Fiction', 'Superhero']",English (assumed),False,4,False
O' Romeo,movie,"Action & Adventure, Crime, Drama, Mystery & Thriller, Romance, Action Thriller",2026.0,5.8,21k,Amazon Prime Video,Indian,India,178.0,A,https://www.justwatch.com/in/movie/arjun-ustara,"['Action & Adventure', 'Crime', 'Drama', 'Mystery & Thriller', 'Romance', 'Action Thriller']",Regional Indian (unspecified),True,1,True
First Man,movie,"Drama, History, Biopics",2018.0,7.3,217k,Amazon Prime Video,International,United States,138.0,UA,https://www.justwatch.com/in/movie/first-man,"['Drama', 'History', 'Biopics']",English (assumed),False,3,False
Aashaan,movie,"Comedy, Drama",2026.0,,,Amazon Prime Video,Indian,India,159.0,UA13+,https://www.justwatch.com/in/movie/aashaan,"['Comedy', 'Drama']",Regional Indian (unspecified),True,1,True
Sukhamano Sukhamann,movie,"Comedy, Drama, Fantasy",2026.0,,,Amazon Prime Video,Indian,India,107.0,U,https://www.justwatch.com/in/movie/sukhamano-sukhamann,"['Comedy', 'Drama', 'Fantasy']",Regional Indian (unspecified),True,1,True
Primate,movie,"Horror, Mystery & Thriller, Horror Thriller",2026.0,5.8,30k,Amazon Prime Video,International,"Australia, Canada, United Kingdom, United States",92.0,A,https://www.justwatch.com/in/movie/primate,"['Horror', 'Mystery & Thriller', 'Horror Thriller']",English (assumed),True,1,True
Oldboy,movie,"Action & Adventure, Drama, No Superhero, Action Thriller, Mystery Thriller",2003.0,8.3,722k,Amazon Prime Video,International,South Korea,120.0,A,https://www.justwatch.com/in/movie/oldboy-2003,"['Action & Adventure', 'Drama', 'No Superhero', 'Action Thriller', 'Mystery Thriller']",English (assumed),False,1,True
Shershaah,movie,"Action & Adventure, Drama, Mystery & Thriller, War & Military, Bollywood, Biopics",2021.0,8.3,136k,Amazon Prime Video,Indian,India,135.0,UA,https://www.justwatch.com/in/movie/shershaah,"['Action & Adventure', 'Drama', 'Mystery & Thriller', 'War & Military', 'Bollywood', 'Biopics']",Hindi,False,1,True
Man of Steel,movie,"Action & Adventure, Science-Fiction, Superhero",2013.0,7.1,869k,Amazon Prime Video,International,"United Kingdom, United States",143.0,UA,https://www.justwatch.com/in/movie/man-of-steel,"['Action & Adventure', 'Science-Fiction', 'Superhero']",English (assumed),False,3,False
Coolie,movie,"Action & Adventure, Crime, Mystery & Thriller, Action Thriller",2025.0,6.0,24k,Amazon Prime Video,Indian,India,170.0,A,https://www.justwatch.com/in/movie/coolie-2025,"['Action & Adventure', 'Crime', 'Mystery & Thriller', 'Action Thriller']",Regional Indian (unspecified),True,1,True
Alpha,movie,"Drama, Action Adventure",2018.0,6.6,71k,Amazon Prime Video,International,"Canada, China, United States",97.0,UA,https://www.justwatch.com/in/movie/alpha,"['Drama', 'Action Adventure']",English (assumed),False,2,False
Pulp Fiction,movie,"Comedy, Crime, Drama, Mystery & Thriller, Organized Crime, Dark Crime",1994.0,,,Amazon Prime Video,International,United States,154.0,A,https://www.justwatch.com/in/movie/pulp-fiction,"['Comedy', 'Crime', 'Drama', 'Mystery & Thriller', 'Organized Crime', 'Dark Crime']",English (assumed),False,1,True
Hereditary,movie,"Drama, Horror, Paranormal, Mystery Thriller, Psychological Thriller",2018.0,7.3,459k,Amazon Prime Video,International,"United Kingdom, United States",127.0,A,https://www.justwatch.com/in/movie/hereditary,"['Drama', 'Horror', 'Paranormal', 'Mystery Thriller', 'Psychological Thriller']",English (assumed),False,1,True
Inglourious Basterds,movie,"Drama, Mystery & Thriller, War & Military, War Drama, War Epics",2009.0,,,Amazon Prime Video,International,"Germany, United States",153.0,A,https://www.justwatch.com/in/movie/inglourious-basterds,"['Drama', 'Mystery & Thriller', 'War & Military', 'War Drama', 'War Epics']",English (assumed),False,3,False
Kill Bill: Vol. 1,movie,"Action & Adventure, Crime, Mystery & Thriller, Martial Art",2003.0,,,Amazon Prime Video,International,United States,111.0,A,https://www.justwatch.com/in/movie/kill-bill-vol-1,"['Action & Adventure', 'Crime', 'Mystery & Thriller', 'Martial Art']",English (assumed),False,1,True
Wardriver,movie,"Crime, Mystery & Thriller",2026.0,5.5,1k,Amazon Prime Video,International,United States,93.0,UA16+,https://www.justwatch.com/in/movie/wardriver,"['Crime', 'Mystery & Thriller']",English (assumed),True,3,False
Jumanji: Welcome to the Jungle,movie,"Comedy, Fantasy, Action Adventure",2017.0,6.9,505k,Amazon Prime Video,International,United States,119.0,UA,https://www.justwatch.com/in/movie/jumanji-welcome-to-the-jungle,"['Comedy', 'Fantasy', 'Action Adventure']",English (assumed),False,4,False
Tenet,movie,"Action & Adventure, Mystery & Thriller, Science-Fiction, Sci-Fi Drama, Cerebral, Action Thriller",2020.0,7.3,607k,Amazon Prime Video,International,"United Kingdom, United States",150.0,UA,https://www.justwatch.com/in/movie/tenet,"['Action & Adventure', 'Mystery & Thriller', 'Science-Fiction', 'Sci-Fi Drama', 'Cerebral', 'Action Thriller']",English (assumed),False,1,True
The Dark Knight,movie,"Action & Adventure, Crime, Mystery & Thriller, Superhero, Action Thriller",2008.0,,,Amazon Prime Video,International,"United Kingdom, United States",152.0,UA,https://www.justwatch.com/in/movie/the-dark-knight,"['Action & Adventure', 'Crime', 'Mystery & Thriller', 'Superhero', 'Action Thriller']",English (assumed),False,3,False
The Matrix,movie,"Action & Adventure, Science-Fiction, Cerebral, Cyberpunk, Tech Noir",1999.0,,,Amazon Prime Video,International,United States,136.0,A,https://www.justwatch.com/in/movie/the-matrix,"['Action & Adventure', 'Science-Fiction', 'Cerebral', 'Cyberpunk', 'Tech Noir']",English (assumed),False,3,False
The Voyeurs,movie,"Drama, Romance, Mystery Thriller",2021.0,6.1,50k,Amazon Prime Video,International,United States,117.0,A,https://www.justwatch.com/in/movie/the-voyeurs-2021,"['Drama', 'Romance', 'Mystery Thriller']",English (assumed),False,1,True
Edge of Tomorrow,movie,"Action & Adventure, Science-Fiction, Sci-Fi Military",2014.0,7.9,807k,Amazon Prime Video,International,United States,113.0,UA,https://www.justwatch.com/in/movie/edge-of-tomorrow,"['Action & Adventure', 'Science-Fiction', 'Sci-Fi Military']",English (assumed),False,1,True
Baaghi 4,movie,"Action & Adventure, Drama, Mystery & Thriller, Bollywood, Action Thriller",2025.0,2.5,9k,Amazon Prime Video,Indian,India,157.0,A,https://www.justwatch.com/in/movie/baaghi-4,"['Action & Adventure', 'Drama', 'Mystery & Thriller', 'Bollywood', 'Action Thriller']",Hindi,True,1,True
Happy Raj,movie,"Drama, Romance, RomCom, Dramedy",2026.0,,,Amazon Prime Video,Indian,India,159.0,UA7+,https://www.justwatch.com/in/movie/happy-raj,"['Drama', 'Romance', 'RomCom', 'Dramedy']",Regional Indian (unspecified),True,1,True
Apocalypto,movie,"Drama, Mystery & Thriller, Action Adventure",2006.0,7.9,360k,Amazon Prime Video,International,"United Kingdom, United States",138.0,A,https://www.justwatch.com/in/movie/apocalypto,"['Drama', 'Mystery & Thriller', 'Action Adventure']",English (assumed),False,1,True
Bullet Train,movie,"Action & Adventure, Comedy, Mystery & Thriller, Action Thriller",2022.0,7.3,539k,Amazon Prime Video,International,United States,126.0,A,https://www.justwatch.com/in/movie/bullet-train,"['Action & Adventure', 'Comedy', 'Mystery & Thriller', 'Action Thriller']",English (assumed),False,2,False
Predestination,movie,"Action & Adventure, Drama, Mystery & Thriller, Science-Fiction, Cerebral",2014.0,7.4,336k,Amazon Prime Video,International,Australia,97.0,S,https://www.justwatch.com/in/movie/predestination,"['Action & Adventure', 'Drama', 'Mystery & Thriller', 'Science-Fiction', 'Cerebral']",English (assumed),False,1,True
Blade Runner 2049,movie,"Action & Adventure, Drama, Mystery & Thriller, Science-Fiction, Post Apocalyptic World, Cyberpunk",2017.0,8.0,757k,Amazon Prime Video,International,"Canada, United Kingdom, United States",164.0,A,https://www.justwatch.com/in/movie/blade-runner-2049,"['Action & Adventure', 'Drama', 'Mystery & Thriller', 'Science-Fiction', 'Post Apocalyptic World', 'Cyberpunk']",English (assumed),False,4,False
Kantara,movie,"Action & Adventure, Drama, Mystery & Thriller, Bollywood, Action Thriller",2022.0,8.1,117k,Amazon Prime Video,Indian,India,147.0,UA,https://www.justwatch.com/in/movie/kantara,"['Action & Adventure', 'Drama', 'Mystery & Thriller', 'Bollywood', 'Action Thriller']",Hindi,False,1,True
Marco,movie,"Action & Adventure, Crime, Mystery & Thriller, Bollywood",2024.0,6.5,25k,Amazon Prime Video,Indian,India,145.0,A,https://www.justwatch.com/in/movie/marco-2024,"['Action & Adventure', 'Crime', 'Mystery & Thriller', 'Bollywood']",Hindi,True,4,False
Ok Jaanu,movie,"Drama, Romance, Bollywood",2017.0,5.4,5k,Amazon Prime Video,Indian,India,135.0,UA,https://www.justwatch.com/in/movie/ok-jaanu,"['Drama', 'Romance', 'Bollywood']",Hindi,False,1,True
Star,movie,"Drama, Romance, Bollywood",2024.0,6.6,2k,Amazon Prime Video,Indian,India,157.0,U,https://www.justwatch.com/in/movie/star-2024,"['Drama', 'Romance', 'Bollywood']",Hindi,True,1,True
Jerry Maguire,movie,"Comedy, Drama, Romance, Sport, RomCom",1996.0,7.3,312k,Amazon Prime Video,International,United States,138.0,U,https://www.justwatch.com/in/movie/jerry-maguire,"['Comedy', 'Drama', 'Romance', 'Sport', 'RomCom']",English (assumed),False,2,False
Sarileru Neekevvaru,movie,"Action & Adventure, Bollywood",2020.0,,,Amazon Prime Video,Indian,India,169.0,UA,https://www.justwatch.com/in/movie/sarileru-neekevvaru,"['Action & Adventure', 'Bollywood']",Hindi,False,1,True
Knives Out,movie,"Comedy, Crime, Drama, Dramedy, Detective Crime, Mystery Thriller",2019.0,7.9,881k,Amazon Prime Video,International,United States,130.0,UA,https://www.justwatch.com/in/movie/knives-out,"['Comedy', 'Crime', 'Drama', 'Dramedy', 'Detective Crime', 'Mystery Thriller']",English (assumed),False,1,True
Drishyam,movie,"Crime, Drama, Mystery & Thriller, Bollywood",2015.0,8.2,109k,Amazon Prime Video,Indian,India,169.0,UA13+,https://www.justwatch.com/in/movie/drishyam,"['Crime', 'Drama', 'Mystery & Thriller', 'Bollywood']",Hindi,False,3,False
Train to Busan,movie,"Action & Adventure, Horror, Mystery & Thriller",2016.0,7.6,309k,Amazon Prime Video,International,South Korea,118.0,A,https://www.justwatch.com/in/movie/train-to-busan,"['Action & Adventure', 'Horror', 'Mystery & Thriller']",English (assumed),False,3,False
Vivah,movie,"Drama, Kids & Family, Mystery & Thriller, Romance, Bollywood",2006.0,6.7,12k,Amazon Prime Video,Indian,India,166.0,U,https://www.justwatch.com/in/movie/vivah,"['Drama', 'Kids & Family', 'Mystery & Thriller', 'Romance', 'Bollywood']",Hindi,False,3,False
Vasantha Mullai,movie,"Mystery & Thriller, Bollywood",2023.0,,,Amazon Prime Video,Indian,India,108.0,UA,https://www.justwatch.com/in/movie/vasantha-mullai-2023,"['Mystery & Thriller', 'Bollywood']",Hindi,False,1,True
Love Insurance Kompany,movie,"Comedy, Romance, Science-Fiction, RomCom, Bollywood",2026.0,,,Amazon Prime Video,Indian,India,157.0,UA13+,https://www.justwatch.com/in/movie/love-insurance-kompany,"['Comedy', 'Romance', 'Science-Fiction', 'RomCom', 'Bollywood']",Hindi,True,1,True
Kabir Singh,movie,"Drama, Romance, Bollywood",2019.0,7.0,45k,Amazon Prime Video,Indian,India,172.0,A,https://www.justwatch.com/in/movie/kabir-singh,"['Drama', 'Romance', 'Bollywood']",Hindi,False,3,False
300: Rise of an Empire,movie,"Action & Adventure, Drama, Fantasy, History, War & Military, Epic",2014.0,6.2,329k,Amazon Prime Video,International,"Bulgaria, United States",102.0,A,https://www.justwatch.com/in/movie/300-rise-of-an-empire,"['Action & Adventure', 'Drama', 'Fantasy', 'History', 'War & Military', 'Epic']",English (assumed),False,1,True
Top Gun: Maverick,movie,"Drama, Action Adventure",2022.0,8.2,731k,Amazon Prime Video,International,United States,131.0,UA,https://www.justwatch.com/in/movie/top-gun-maverick,"['Drama', 'Action Adventure']",English (assumed),False,3,False
Terminator 2: Judgment Day,movie,"Action & Adventure, Mystery & Thriller, Science-Fiction, Tech Noir",1991.0,,,Amazon Prime Video,International,"France, United States",137.0,A,https://www.justwatch.com/in/movie/terminator-2-judgment-day,"['Action & Adventure', 'Mystery & Thriller', 'Science-Fiction', 'Tech Noir']",English (assumed),False,1,True
Twilight,movie,"Drama, Fantasy, Romance, Modern Fantasy",2008.0,5.4,528k,Amazon Prime Video,International,"United Kingdom, United States",122.0,UA,https://www.justwatch.com/in/movie/twilight,"['Drama', 'Fantasy', 'Romance', 'Modern Fantasy']",English (assumed),False,1,True
Mermaid,movie,"Action & Adventure, Comedy, Horror, Mystery & Thriller, Horror Comedy",2026.0,,,Amazon Prime Video,International,United States,105.0,A,https://www.justwatch.com/in/movie/mermaid,"['Action & Adventure', 'Comedy', 'Horror', 'Mystery & Thriller', 'Horror Comedy']",English (assumed),True,3,False
Gladiator,movie,"Action & Adventure, Drama, Epic",2000.0,,,Amazon Prime Video,International,"United Kingdom, United States",155.0,UA,https://www.justwatch.com/in/movie/gladiator,"['Action & Adventure', 'Drama', 'Epic']",English (assumed),False,1,True
Saaho,movie,"Action & Adventure, Mystery & Thriller, Bollywood",2019.0,5.1,26k,Amazon Prime Video,Indian,India,170.0,UA13+,https://www.justwatch.com/in/movie/saaho,"['Action & Adventure', 'Mystery & Thriller', 'Bollywood']",Hindi,False,1,True
La La Land,movie,"Comedy, Drama, Music & Musical, Romance, Musical",2016.0,8.0,766k,Amazon Prime Video,International,United States,129.0,A,https://www.justwatch.com/in/movie/la-la-land,"['Comedy', 'Drama', 'Music & Musical', 'Romance', 'Musical']",English (assumed),False,1,True
The Departed,movie,"Crime, Drama, Mystery & Thriller, Organized Crime, Detective Crime",2006.0,,,Amazon Prime Video,International,"Hong Kong, United States",151.0,A,https://www.justwatch.com/in/movie/the-departed,"['Crime', 'Drama', 'Mystery & Thriller', 'Organized Crime', 'Detective Crime']",English (assumed),False,1,True
The Monkey,movie,"Comedy, Horror, Horror Comedy",2025.0,5.9,94k,Amazon Prime Video,International,"Canada, United States",97.0,A,https://www.justwatch.com/in/movie/the-monkey,"['Comedy', 'Horror', 'Horror Comedy']",English (assumed),True,3,False
Three Thousand Years of Longing,movie,"Drama, Fantasy, Romance, Romantic Drama",2022.0,6.7,72k,Amazon Prime Video,International,"Australia, China, United Kingdom",108.0,UA,https://www.justwatch.com/in/movie/three-thousand-years-of-longing,"['Drama', 'Fantasy', 'Romance', 'Romantic Drama']",English (assumed),False,1,True
Singham Again,movie,"Action & Adventure, Crime, Drama, Mystery & Thriller, Bollywood, Action Thriller",2024.0,4.3,76k,Amazon Prime Video,Indian,India,145.0,UA16+,https://www.justwatch.com/in/movie/singham-again-2024-0,"['Action & Adventure', 'Crime', 'Drama', 'Mystery & Thriller', 'Bollywood', 'Action Thriller']",Hindi,True,1,True
Teri Baaton Mein Aisa Uljha Jiya,movie,"Comedy, Drama, Romance, Science-Fiction, RomCom",2024.0,6.2,55k,Amazon Prime Video,Indian,India,141.0,UA,https://www.justwatch.com/in/movie/untitled-shahid-kapoor-kriti-sanon-film,"['Comedy', 'Drama', 'Romance', 'Science-Fiction', 'RomCom']",Regional Indian (unspecified),True,1,True
Jack Ryan: Ghost War,movie,"Action & Adventure, Drama, Mystery & Thriller, Action Thriller",2026.0,5.7,26k,Amazon Prime Video,International,United States,,,https://www.justwatch.com/in/movie/tom-clancys-jack-ryan-ghost-war,"['Action & Adventure', 'Drama', 'Mystery & Thriller', 'Action Thriller']",English (assumed),True,1,True
Tamasha,movie,"Comedy, Drama, Romance, Bollywood",2015.0,7.4,36k,Amazon Prime Video,Indian,India,139.0,UA,https://www.justwatch.com/in/movie/tamasha,"['Comedy', 'Drama', 'Romance', 'Bollywood']",Hindi,False,3,False
Pride & Prejudice,movie,"Drama, Romance, Chick Flicks, Romantic Drama, Romantic Epic",2005.0,7.8,378k,Amazon Prime Video,International,"France, United Kingdom, United States",128.0,UA13+,https://www.justwatch.com/in/movie/pride-and-prejudice-2005,"['Drama', 'Romance', 'Chick Flicks', 'Romantic Drama', 'Romantic Epic']",English (assumed),False,1,True
Annihilation,movie,"Drama, Horror, Mystery & Thriller, Science-Fiction, SciFi Horror, Cerebral",2018.0,6.8,395k,Amazon Prime Video,International,"United Kingdom, United States",115.0,A,https://www.justwatch.com/in/movie/annihilation,"['Drama', 'Horror', 'Mystery & Thriller', 'Science-Fiction', 'SciFi Horror', 'Cerebral']",English (assumed),False,1,True
Inside Man,movie,"Crime, Drama, Mystery & Thriller, Heist",2006.0,7.6,425k,Amazon Prime Video,International,United States,129.0,UA,https://www.justwatch.com/in/movie/inside-man,"['Crime', 'Drama', 'Mystery & Thriller', 'Heist']",English (assumed),False,3,False
Case 137,movie,"Crime, Drama, Detective Crime",2025.0,7.2,3k,Amazon Prime Video,International,France,,,https://www.justwatch.com/in/movie/case-137-2025,"['Crime', 'Drama', 'Detective Crime']",English (assumed),True,1,True
Salbardi,movie,Drama,2026.0,,,Amazon Prime Video,Indian,India,,,https://www.justwatch.com/in/movie/salbardi-2026,['Drama'],Regional Indian (unspecified),True,1,True
The Running Man,movie,"Action & Adventure, Mystery & Thriller, Science-Fiction, Action Thriller",2025.0,6.4,112k,Amazon Prime Video,International,"United Kingdom, United States",133.0,A,https://www.justwatch.com/in/movie/the-running-man-2025,"['Action & Adventure', 'Mystery & Thriller', 'Science-Fiction', 'Action Thriller']",English (assumed),True,1,True
Whiplash,movie,"Drama, Music & Musical, Mystery & Thriller",2014.0,,,Amazon Prime Video,International,United States,107.0,A,https://www.justwatch.com/in/movie/whiplash,"['Drama', 'Music & Musical', 'Mystery & Thriller']",English (assumed),False,1,True
Insomnia,movie,"Drama, Mystery Thriller",2002.0,7.2,344k,Amazon Prime Video,International,United States,118.0,UA,https://www.justwatch.com/in/movie/insomnia-2002,"['Drama', 'Mystery Thriller']",English (assumed),False,1,True
Notting Hill,movie,"Comedy, Drama, Romance, RomCom, Chick Flicks",1999.0,7.2,386k,Amazon Prime Video,International,"United Kingdom, United States",124.0,U,https://www.justwatch.com/in/movie/notting-hill,"['Comedy', 'Drama', 'Romance', 'RomCom', 'Chick Flicks']",English (assumed),False,1,True
The Amazing Spider-Man 2,movie,"Action & Adventure, Comedy, History, Science-Fiction, War & Military, Superhero",2014.0,6.6,593k,Amazon Prime Video,International,United States,142.0,UA,https://www.justwatch.com/in/movie/the-amazing-spider-man-2,"['Action & Adventure', 'Comedy', 'History', 'Science-Fiction', 'War & Military', 'Superhero']",English (assumed),False,4,False
Ramani Kalyanam,movie,"Drama, Romance",2026.0,,,Amazon Prime Video,Indian,India,,,https://www.justwatch.com/in/movie/ramani-kalyanam,"['Drama', 'Romance']",Regional Indian (unspecified),True,1,True
The Age of Adaline,movie,"Drama, Fantasy, Romance, Modern Fantasy, Romantic Drama",2015.0,7.2,229k,Amazon Prime Video,International,United States,112.0,UA13+,https://www.justwatch.com/in/movie/the-age-of-adaline,"['Drama', 'Fantasy', 'Romance', 'Modern Fantasy', 'Romantic Drama']",English (assumed),False,1,True
Sathi Leelavathi,movie,Drama,2026.0,,,Amazon Prime Video,Indian,India,131.0,UA13+,https://www.justwatch.com/in/movie/sathi-leelavathi-2025,['Drama'],Regional Indian (unspecified),True,3,False
The Family Star,movie,"Action & Adventure, Comedy, Drama, Romance, Bollywood",2024.0,5.4,6k,Amazon Prime Video,Indian,India,159.0,UA13+,https://www.justwatch.com/in/movie/family-star,"['Action & Adventure', 'Comedy', 'Drama', 'Romance', 'Bollywood']",Hindi,True,1,True
Confessions of a Dangerous Mind,movie,"Comedy, Crime, Drama, Mystery & Thriller, Romance, Made in Europe, Spies",2002.0,7.0,92k,Amazon Prime Video,International,"Germany, United Kingdom, United States",113.0,A,https://www.justwatch.com/in/movie/confessions-of-a-dangerous-mind,"['Comedy', 'Crime', 'Drama', 'Mystery & Thriller', 'Romance', 'Made in Europe', 'Spies']",English (assumed),False,1,True
Goodachari,movie,"Action & Adventure, Crime, Mystery & Thriller, Bollywood",2018.0,7.8,12k,Amazon Prime Video,Indian,India,147.0,UA,https://www.justwatch.com/in/movie/goodachari,"['Action & Adventure', 'Crime', 'Mystery & Thriller', 'Bollywood']",Hindi,False,1,True
Mario,movie,Comedy,2025.0,8.4,1k,Amazon Prime Video,Indian,India,137.0,A,https://www.justwatch.com/in/movie/mario-2025,['Comedy'],Regional Indian (unspecified),True,3,False
Now You See Me: Now You Don't,movie,"Crime, Mystery Thriller",2025.0,5.9,70k,Amazon Prime Video,International,"United Arab Emirates, Canada, Hungary, United States",113.0,UA16+,https://www.justwatch.com/in/movie/now-you-see-me-3,"['Crime', 'Mystery Thriller']",English (assumed),True,1,True
Pongala,movie,"Action & Adventure, Drama",2025.0,,,Amazon Prime Video,Indian,India,158.0,A,https://www.justwatch.com/in/movie/pongala,"['Action & Adventure', 'Drama']",Regional Indian (unspecified),True,1,True
Hunting Jessica Brok,movie,"Action & Adventure, Mystery & Thriller",2025.0,5.9,1k,Amazon Prime Video,International,"United States, South Africa",,,https://www.justwatch.com/in/movie/hunting-jessica-brok,"['Action & Adventure', 'Mystery & Thriller']",English (assumed),True,1,True
A Quiet Place,movie,"Drama, Horror, Science-Fiction, Post Apocalyptic World, Monster",2018.0,7.5,661k,Amazon Prime Video,International,United States,91.0,A,https://www.justwatch.com/in/movie/a-quiet-place,"['Drama', 'Horror', 'Science-Fiction', 'Post Apocalyptic World', 'Monster']",English (assumed),False,3,False
The Conjuring,movie,"Horror, Mystery & Thriller, Paranormal",2013.0,7.5,625k,Amazon Prime Video,International,United States,112.0,A,https://www.justwatch.com/in/movie/the-conjuring,"['Horror', 'Mystery & Thriller', 'Paranormal']",English (assumed),False,3,False
The Angry Birds Movie,movie,"Action & Adventure, Animation, Comedy, Kids & Family, Made in Europe, Video Game, Family Animation",2016.0,6.3,118k,Amazon Prime Video,International,"Finland, United States",97.0,UA,https://www.justwatch.com/in/movie/the-angry-birds-movie,"['Action & Adventure', 'Animation', 'Comedy', 'Kids & Family', 'Made in Europe', 'Video Game', 'Family Animation']",English (assumed),False,1,True
Exhuma,movie,"Drama, Horror, Mystery & Thriller, Horror Thriller",2024.0,6.9,29k,Amazon Prime Video,International,South Korea,134.0,UA,https://www.justwatch.com/in/movie/exhuma,"['Drama', 'Horror', 'Mystery & Thriller', 'Horror Thriller']",English (assumed),True,1,True
Dug Dug,movie,"Comedy, Drama, Music & Musical",2026.0,,,Amazon Prime Video,Indian,India,,,https://www.justwatch.com/in/movie/dug-dug,"['Comedy', 'Drama', 'Music & Musical']",Regional Indian (unspecified),True,1,True
Hum Saath Saath Hain,movie,"Drama, Kids & Family, Romance, Bollywood",1999.0,6.4,10k,Amazon Prime Video,Indian,India,177.0,U,https://www.justwatch.com/in/movie/hum-saath-saath-hain,"['Drama', 'Kids & Family', 'Romance', 'Bollywood']",Hindi,False,3,False
Bharathanatyam,movie,"Comedy, Drama, Dramedy",2024.0,6.7,2k,Amazon Prime Video,Indian,India,121.0,U,https://www.justwatch.com/in/movie/bharathanatyam-2024,"['Comedy', 'Drama', 'Dramedy']",Regional Indian (unspecified),True,1,True
Mangalavaaram,movie,"Action & Adventure, Drama, Horror, Mystery & Thriller, Action Thriller",2023.0,6.8,4k,Amazon Prime Video,Indian,India,149.0,A,https://www.justwatch.com/in/movie/mangalavaram,"['Action & Adventure', 'Drama', 'Horror', 'Mystery & Thriller', 'Action Thriller']",Regional Indian (unspecified),False,3,False
C/o Kancharapalem,movie,"Drama, Romance, Emotional Drama",2018.0,8.8,10k,Amazon Prime Video,Indian,India,142.0,UA,https://www.justwatch.com/in/movie/c-o-kancharapalem,"['Drama', 'Romance', 'Emotional Drama']",Regional Indian (unspecified),False,1,True
The Invisible Man,movie,"Drama, Horror, Mystery & Thriller, Science-Fiction, Horror Thriller, Psychological Thriller",2020.0,7.1,286k,Amazon Prime Video,International,"Australia, United States",125.0,A,https://www.justwatch.com/in/movie/the-invisible-man,"['Drama', 'Horror', 'Mystery & Thriller', 'Science-Fiction', 'Horror Thriller', 'Psychological Thriller']",English (assumed),False,1,True
Legally Blonde,movie,"Comedy, Romance, RomCom, Chick Flicks",2001.0,6.5,287k,Amazon Prime Video,International,United States,96.0,U,https://www.justwatch.com/in/movie/legally-blonde,"['Comedy', 'Romance', 'RomCom', 'Chick Flicks']",English (assumed),False,1,True
Ransomed,movie,"Action & Adventure, Comedy, Drama, Mystery & Thriller, Action Thriller",2023.0,6.6,1k,Amazon Prime Video,International,South Korea,,,https://www.justwatch.com/in/movie/ransomed,"['Action & Adventure', 'Comedy', 'Drama', 'Mystery & Thriller', 'Action Thriller']",English (assumed),False,3,False
Rahu Ketu,movie,"Comedy, Fantasy, Romance, Action Adventure",2026.0,6.4,2k,Amazon Prime Video,Indian,India,140.0,UA16+,https://www.justwatch.com/in/movie/rahu-ketu-2026,"['Comedy', 'Fantasy', 'Romance', 'Action Adventure']",Regional Indian (unspecified),True,1,True
Laila Majnu,movie,"Drama, Romance",2018.0,7.6,9k,Amazon Prime Video,Indian,India,139.0,UA,https://www.justwatch.com/in/movie/laila-majnu,"['Drama', 'Romance']",Regional Indian (unspecified),False,1,True
Vivarium,movie,"Horror, Science-Fiction, Mystery Thriller",2019.0,5.9,92k,Amazon Prime Video,International,"Belgium, Denmark, Ireland, United States",99.0,U,https://www.justwatch.com/in/movie/vivarium,"['Horror', 'Science-Fiction', 'Mystery Thriller']",English (assumed),False,3,False
Platoon,movie,"Action & Adventure, Drama, War & Military, War Drama",1986.0,8.1,472k,Amazon Prime Video,International,"United Kingdom, United States",120.0,UA,https://www.justwatch.com/in/movie/platoon,"['Action & Adventure', 'Drama', 'War & Military', 'War Drama']",English (assumed),False,1,True
Culpa tuya,movie,"Drama, Romance, Romantic Drama",2024.0,5.3,19k,Amazon Prime Video,International,Spain,,,https://www.justwatch.com/in/movie/your-fault,"['Drama', 'Romance', 'Romantic Drama']",English (assumed),True,1,True
Udal,movie,"Drama, Mystery Thriller",2022.0,6.3,1k,Amazon Prime Video,Indian,India,122.0,A,https://www.justwatch.com/in/movie/udal,"['Drama', 'Mystery Thriller']",Regional Indian (unspecified),False,1,True
Madgaon Express,movie,"Comedy, Drama, Dramedy",2024.0,7.0,42k,Amazon Prime Video,Indian,India,143.0,UA,https://www.justwatch.com/in/movie/madgaon-express,"['Comedy', 'Drama', 'Dramedy']",Regional Indian (unspecified),True,1,True
Bhishmar,movie,"Comedy, Music & Musical, Mystery & Thriller, Romance",2026.0,4.0,1k,Amazon Prime Video,Indian,India,140.0,UA13+,https://www.justwatch.com/in/movie/bhishmar,"['Comedy', 'Music & Musical', 'Mystery & Thriller', 'Romance']",Regional Indian (unspecified),True,1,True
Sister Midnight,movie,"Comedy, Drama, Horror, Dramedy",2025.0,5.7,3k,Amazon Prime Video,Indian,"United Kingdom, India, Sweden",107.0,A,https://www.justwatch.com/in/movie/sister-midnight,"['Comedy', 'Drama', 'Horror', 'Dramedy']",Regional Indian (unspecified),True,3,False
PaPa (O naanna),movie,"Comedy, Drama, Kids & Family, Romance, Romantic Drama",2025.0,,,Amazon Prime Video,Indian,India,131.0,U,https://www.justwatch.com/in/movie/papa-o-naanna,"['Comedy', 'Drama', 'Kids & Family', 'Romance', 'Romantic Drama']",Regional Indian (unspecified),True,1,True
Mension House Mallesh,movie,"Comedy, Drama, Dramedy",2026.0,9.1,3k,Amazon Prime Video,Indian,India,121.0,A,https://www.justwatch.com/in/movie/mension-house-mallesh,"['Comedy', 'Drama', 'Dramedy']",Regional Indian (unspecified),True,1,True
R.L. Stine's Pumpkinhead,movie,"Comedy, Fantasy, Horror, Horror Thriller, Monster",2025.0,5.8,1k,Amazon Prime Video,International,Canada,91.0,UA16+,https://www.justwatch.com/in/movie/r-l-stines-pumpkinhead,"['Comedy', 'Fantasy', 'Horror', 'Horror Thriller', 'Monster']",English (assumed),True,3,False
Housefull 5,movie,"Comedy, Mystery & Thriller, Bollywood",2025.0,3.3,18k,Amazon Prime Video,Indian,"United Kingdom, India",163.0,UA16+,https://www.justwatch.com/in/movie/housefull-5,"['Comedy', 'Mystery & Thriller', 'Bollywood']",Hindi,True,1,True
Friends with Benefits,movie,"Comedy, Romance, RomCom, Chick Flicks",2011.0,6.5,421k,Amazon Prime Video,International,United States,105.0,A,https://www.justwatch.com/in/movie/friends-with-benefits,"['Comedy', 'Romance', 'RomCom', 'Chick Flicks']",English (assumed),False,1,True
The Angry Birds Movie 2,movie,"Action & Adventure, Animation, Comedy, Kids & Family, Made in Europe, Video Game, Family Animation",2019.0,6.4,42k,Amazon Prime Video,International,"Finland, United States",97.0,U,https://www.justwatch.com/in/movie/the-angry-birds-movie-2,"['Action & Adventure', 'Animation', 'Comedy', 'Kids & Family', 'Made in Europe', 'Video Game', 'Family Animation']",English (assumed),False,2,False
Latency,movie,"Action & Adventure, Horror, Mystery & Thriller, Science-Fiction, Action Thriller",2024.0,4.2,3k,Amazon Prime Video,International,"Thailand, United States",94.0,UA16+,https://www.justwatch.com/in/movie/latency,"['Action & Adventure', 'Horror', 'Mystery & Thriller', 'Science-Fiction', 'Action Thriller']",English (assumed),True,3,False
Knowing,movie,"Drama, Fantasy, Mystery & Thriller, Science-Fiction, Disaster",2009.0,6.2,262k,Amazon Prime Video,International,"Australia, United Kingdom, United States",121.0,UA,https://www.justwatch.com/in/movie/knowing,"['Drama', 'Fantasy', 'Mystery & Thriller', 'Science-Fiction', 'Disaster']",English (assumed),False,1,True
Batman Begins,movie,"Action & Adventure, Crime, Drama, Superhero",2005.0,,,Amazon Prime Video,International,"United Kingdom, United States",140.0,UA,https://www.justwatch.com/in/movie/batman-begins,"['Action & Adventure', 'Crime', 'Drama', 'Superhero']",English (assumed),False,3,False
Madagascar,movie,"Action & Adventure, Animation, Comedy, Kids & Family, Family Animation",2005.0,7.0,482k,Amazon Prime Video,International,United States,86.0,U,https://www.justwatch.com/in/movie/madagascar,"['Action & Adventure', 'Animation', 'Comedy', 'Kids & Family', 'Family Animation']",English (assumed),False,1,True
The Hangover,movie,"Comedy, Raunchy Comedy",2009.0,7.7,934k,Amazon Prime Video,International,United States,100.0,A,https://www.justwatch.com/in/movie/the-hangover,"['Comedy', 'Raunchy Comedy']",English (assumed),False,3,False
Mr. Housekeeping,movie,,2025.0,,,Amazon Prime Video,International,Where does Mr. Housekeeping rank today?,,,https://www.justwatch.com/in/movie/mr-housekeeping,[],English (assumed),True,1,True
Kumbalangi Nights,movie,"Comedy, Drama, Romance, Dramedy",2019.0,8.5,21k,Amazon Prime Video,Indian,India,135.0,U,https://www.justwatch.com/in/movie/kumbalangi-nights,"['Comedy', 'Drama', 'Romance', 'Dramedy']",Regional Indian (unspecified),False,1,True
Sita Ramam,movie,"Action & Adventure, Drama, History, Romance, Bollywood",2022.0,8.5,84k,Amazon Prime Video,Indian,India,158.0,U,https://www.justwatch.com/in/movie/sita-ramam,"['Action & Adventure', 'Drama', 'History', 'Romance', 'Bollywood']",Hindi,False,1,True
The Naked Gun,movie,"Action & Adventure, Comedy, Crime, Action Comedy",2025.0,6.3,130k,Amazon Prime Video,International,"Canada, United States",85.0,A,https://www.justwatch.com/in/movie/the-naked-gun-2025,"['Action & Adventure', 'Comedy', 'Crime', 'Action Comedy']",English (assumed),True,1,True
System,movie,Mystery & Thriller,2026.0,,,Amazon Prime Video,Indian,"India, United States",124.0,UA13+,https://www.justwatch.com/in/movie/system,['Mystery & Thriller'],Regional Indian (unspecified),True,1,True
Sureshanteyum Sumalathayudeyum Hrudayahariyaya Pranayakadha,movie,"Comedy, Drama, Fantasy, Romance, Bollywood",2024.0,,,Amazon Prime Video,Indian,India,138.0,U,https://www.justwatch.com/in/movie/sureshinteyum-sumalathayudeyum-hridayahariyaya-pranayakatha,"['Comedy', 'Drama', 'Fantasy', 'Romance', 'Bollywood']",Hindi,True,1,True
Twilight of the Warriors: Walled In,movie,"Action & Adventure, Crime, Mystery & Thriller, Action Thriller",2024.0,6.9,12k,Amazon Prime Video,International,"China, Hong Kong",125.0,A,https://www.justwatch.com/in/movie/twilight-of-the-warriors-walled-in,"['Action & Adventure', 'Crime', 'Mystery & Thriller', 'Action Thriller']",English (assumed),True,1,True
Pathaan,movie,"Action & Adventure, Mystery & Thriller, Action Thriller",2023.0,5.8,166k,Amazon Prime Video,Indian,"Spain, India, Italy, Turkey",146.0,UA,https://www.justwatch.com/in/movie/pathaan,"['Action & Adventure', 'Mystery & Thriller', 'Action Thriller']",Regional Indian (unspecified),False,1,True
Poorna,movie,"Action & Adventure, Drama, Biopics",2017.0,7.7,1k,Amazon Prime Video,Indian,India,105.0,U,https://www.justwatch.com/in/movie/poorna,"['Action & Adventure', 'Drama', 'Biopics']",Regional Indian (unspecified),False,1,True
Talk to Me,movie,"Horror, Mystery & Thriller, Horror Thriller",2023.0,7.1,218k,Amazon Prime Video,International,"Australia, United Kingdom",95.0,UA,https://www.justwatch.com/in/movie/talk-to-me-2022,"['Horror', 'Mystery & Thriller', 'Horror Thriller']",English (assumed),False,1,True
Jurassic Park,movie,"Action & Adventure, Science-Fiction, Invasion",1993.0,,,Amazon Prime Video,International,United States,127.0,UA,https://www.justwatch.com/in/movie/jurassic-park,"['Action & Adventure', 'Science-Fiction', 'Invasion']",English (assumed),False,3,False
Deep Water,movie,"Crime, Drama, Mystery & Thriller, Romance, Romantic Thriller",2022.0,5.5,72k,Amazon Prime Video,International,United States,116.0,A,https://www.justwatch.com/in/movie/deep-water-2021,"['Crime', 'Drama', 'Mystery & Thriller', 'Romance', 'Romantic Thriller']",English (assumed),False,1,True
Baby John,movie,"Action & Adventure, Crime, Drama, Mystery & Thriller, Action Thriller",2024.0,5.0,19k,Amazon Prime Video,Indian,India,162.0,UA16+,https://www.justwatch.com/in/movie/untitled-murad-khetani-varun-dhawan-project,"['Action & Adventure', 'Crime', 'Drama', 'Mystery & Thriller', 'Action Thriller']",Regional Indian (unspecified),True,1,True
Dhamaal,movie,"Action & Adventure, Comedy, Bollywood",2007.0,7.6,22k,Amazon Prime Video,Indian,India,135.0,UA,https://www.justwatch.com/in/movie/dhamaal,"['Action & Adventure', 'Comedy', 'Bollywood']",Hindi,False,1,True
"The Adventures of Priscilla, Queen of the Desert",movie,"Comedy, Drama, Music & Musical, Dramedy",1994.0,7.5,61k,Amazon Prime Video,International,"Australia, United States",103.0,U,https://www.justwatch.com/in/movie/the-adventures-of-priscilla-queen-of-the-desert,"['Comedy', 'Drama', 'Music & Musical', 'Dramedy']",English (assumed),False,1,True
Now You See Me,movie,"Crime, Mystery Thriller",2013.0,7.2,773k,Amazon Prime Video,International,"France, United States",115.0,UA13+,https://www.justwatch.com/in/movie/now-you-see-me,"['Crime', 'Mystery Thriller']",English (assumed),False,1,True
Seetharam Benoy,movie,"Drama, Mystery Thriller",2021.0,,,Amazon Prime Video,Indian,India,125.0,UA,https://www.justwatch.com/in/movie/seetharam-benoy,"['Drama', 'Mystery Thriller']",Regional Indian (unspecified),False,1,True
Cup,movie,"Drama, Kids & Family, Sport, Bollywood, Sports Drama",2024.0,,,Amazon Prime Video,Indian,India,125.0,U,https://www.justwatch.com/in/movie/cup,"['Drama', 'Kids & Family', 'Sport', 'Bollywood', 'Sports Drama']",Hindi,True,1,True
Gabbar Is Back,movie,"Action & Adventure, Crime, Drama, Bollywood",2015.0,7.0,29k,Amazon Prime Video,Indian,India,130.0,UA,https://www.justwatch.com/in/movie/gabbar-is-back,"['Action & Adventure', 'Crime', 'Drama', 'Bollywood']",Hindi,False,1,True
Hell in Paradise,movie,"Action & Adventure, Drama, Mystery & Thriller",2025.0,,,Amazon Prime Video,International,France,,,https://www.justwatch.com/in/movie/hell-in-paradise,"['Action & Adventure', 'Drama', 'Mystery & Thriller']",English (assumed),True,1,True
The Medium,movie,"Drama, Horror, Mystery & Thriller, Horror Thriller",2021.0,6.5,18k,Amazon Prime Video,International,"South Korea, Thailand",131.0,A,https://www.justwatch.com/in/movie/the-medium-2021,"['Drama', 'Horror', 'Mystery & Thriller', 'Horror Thriller']",English (assumed),False,3,False
Jumanji: The Next Level,movie,"Comedy, Fantasy, Action Adventure",2019.0,6.6,320k,Amazon Prime Video,International,United States,123.0,UA,https://www.justwatch.com/in/movie/jumanji-the-next-level,"['Comedy', 'Fantasy', 'Action Adventure']",English (assumed),False,3,False
Yodha,movie,"Action & Adventure, Drama, Mystery & Thriller, Bollywood, Action Thriller",2024.0,5.7,8k,Amazon Prime Video,Indian,India,131.0,UA,https://www.justwatch.com/in/movie/yodha-2022,"['Action & Adventure', 'Drama', 'Mystery & Thriller', 'Bollywood', 'Action Thriller']",Hindi,True,1,True
World War Z,movie,"Action & Adventure, Horror, Science-Fiction, Zombie",2013.0,7.0,786k,Amazon Prime Video,International,United States,116.0,UA,https://www.justwatch.com/in/movie/world-war-z,"['Action & Adventure', 'Horror', 'Science-Fiction', 'Zombie']",English (assumed),False,3,False
Joseph,movie,"Crime, Drama, Mystery & Thriller, Bollywood",2018.0,8.0,7k,Amazon Prime Video,Indian,India,138.0,UA,https://www.justwatch.com/in/movie/joseph,"['Crime', 'Drama', 'Mystery & Thriller', 'Bollywood']",Hindi,False,1,True
"The Good, the Bad and the Ugly",movie,"Drama, Western, Made in Europe, Epic Western, Spaghetti Western",1966.0,8.8,892k,Amazon Prime Video,International,"Germany, Spain, Italy, United States",161.0,A,https://www.justwatch.com/in/movie/the-good-the-bad-and-the-ugly,"['Drama', 'Western', 'Made in Europe', 'Epic Western', 'Spaghetti Western']",English (assumed),False,1,True
Ballerina,movie,"Action & Adventure, Crime, Drama, Mystery & Thriller, Action Thriller",2025.0,6.8,156k,Amazon Prime Video,International,United States,125.0,A,https://www.justwatch.com/in/movie/ballerina-2024,"['Action & Adventure', 'Crime', 'Drama', 'Mystery & Thriller', 'Action Thriller']",English (assumed),True,1,True
Pacific Rim,movie,"Action & Adventure, Science-Fiction, Invasion",2013.0,6.9,560k,Amazon Prime Video,International,"Mexico, United States",131.0,UA,https://www.justwatch.com/in/movie/pacific-rim,"['Action & Adventure', 'Science-Fiction', 'Invasion']",English (assumed),False,1,True
Road House,movie,"Action & Adventure, Drama, Mystery & Thriller, Action Thriller",2024.0,6.2,187k,Amazon Prime Video,International,United States,,,https://www.justwatch.com/in/movie/road-house-2024,"['Action & Adventure', 'Drama', 'Mystery & Thriller', 'Action Thriller']",English (assumed),True,1,True
12 Angry Men,movie,"Crime, Drama, Courtroom",1957.0,9.0,988k,Amazon Prime Video,International,United States,97.0,U,https://www.justwatch.com/in/movie/12-angry-men,"['Crime', 'Drama', 'Courtroom']",English (assumed),False,1,True
Nuremberg,movie,"Drama, History, Mystery & Thriller, War & Military, War Drama",2025.0,7.4,101k,Amazon Prime Video,International,"Hungary, United States",149.0,UA16+,https://www.justwatch.com/in/movie/nuremberg,"['Drama', 'History', 'Mystery & Thriller', 'War & Military', 'War Drama']",English (assumed),True,1,True
Phir Hera Pheri,movie,"Comedy, Crime, Bollywood",2006.0,7.4,31k,Amazon Prime Video,Indian,India,150.0,UA,https://www.justwatch.com/in/movie/phir-hera-pheri,"['Comedy', 'Crime', 'Bollywood']",Hindi,False,1,True
Tu Meri Main Tera Main Tera Tu Meri,movie,"Comedy, Romance, RomCom",2025.0,4.0,27k,Amazon Prime Video,Indian,India,144.0,UA16+,https://www.justwatch.com/in/movie/tu-meri-main-tera-main-tera-tu-meri-2025,"['Comedy', 'Romance', 'RomCom']",Regional Indian (unspecified),True,1,True
777 Charlie,movie,"Comedy, Drama, Dramedy",2022.0,8.7,47k,Amazon Prime Video,Indian,India,166.0,UA,https://www.justwatch.com/in/movie/777-charlie,"['Comedy', 'Drama', 'Dramedy']",Regional Indian (unspecified),False,3,False
Late Shift,movie,"Drama, Mystery & Thriller",2025.0,7.7,10k,Amazon Prime Video,International,"Switzerland, Germany",,,https://www.justwatch.com/in/movie/heldin,"['Drama', 'Mystery & Thriller']",English (assumed),True,1,True
Deepwater Horizon,movie,"Action & Adventure, Drama, History, Mystery & Thriller, Disaster",2016.0,7.1,200k,Amazon Prime Video,International,United States,107.0,UA,https://www.justwatch.com/in/movie/deepwater-horizon,"['Action & Adventure', 'Drama', 'History', 'Mystery & Thriller', 'Disaster']",English (assumed),False,1,True
The Witch: Part 1. The Subversion,movie,"Action & Adventure, Science-Fiction, Made in Europe, Mystery Thriller",2018.0,7.2,22k,Amazon Prime Video,International,"Hong Kong, South Korea",126.0,UA,https://www.justwatch.com/in/movie/the-witch-part-1-the-subversion,"['Action & Adventure', 'Science-Fiction', 'Made in Europe', 'Mystery Thriller']",English (assumed),False,1,True
Crossing Lines,movie,"Action & Adventure, Drama, Mystery & Thriller, Action Thriller",2025.0,,,Amazon Prime Video,International,Denmark,,,https://www.justwatch.com/in/movie/crossing-lines,"['Action & Adventure', 'Drama', 'Mystery & Thriller', 'Action Thriller']",English (assumed),True,1,True
Mad Max: Fury Road,movie,"Science-Fiction, Post Apocalyptic World, Action Adventure",2015.0,,,Amazon Prime Video,International,"Australia, United States",121.0,A,https://www.justwatch.com/in/movie/mad-max-fury-road,"['Science-Fiction', 'Post Apocalyptic World', 'Action Adventure']",English (assumed),False,3,False
Welcome,movie,"Comedy, Crime, Drama, Romance, RomCom",2007.0,7.2,29k,Amazon Prime Video,Indian,India,150.0,UA,https://www.justwatch.com/in/movie/welcome,"['Comedy', 'Crime', 'Drama', 'Romance', 'RomCom']",Regional Indian (unspecified),False,3,False
Spider-Man 2,movie,"Action & Adventure, Science-Fiction, Superhero",2004.0,7.5,788k,Amazon Prime Video,International,United States,127.0,U,https://www.justwatch.com/in/movie/spider-man-2,"['Action & Adventure', 'Science-Fiction', 'Superhero']",English (assumed),False,2,False
Vadakkan,movie,"Fantasy, Horror, Mystery & Thriller, Horror Thriller",2025.0,6.0,6k,Amazon Prime Video,Indian,"Finland, India",120.0,A,https://www.justwatch.com/in/movie/vadakkan,"['Fantasy', 'Horror', 'Mystery & Thriller', 'Horror Thriller']",Regional Indian (unspecified),True,1,True
Gods of Egypt,movie,"Action & Adventure, Drama, Fantasy, Epic Fantasy",2016.0,5.4,136k,Amazon Prime Video,International,"Australia, Hong Kong, United States",127.0,UA,https://www.justwatch.com/in/movie/gods-of-egypt,"['Action & Adventure', 'Drama', 'Fantasy', 'Epic Fantasy']",English (assumed),False,1,True
The Hunger Games,movie,"Action & Adventure, Mystery & Thriller, Science-Fiction, Young Adult Dystopia",2012.0,,,Amazon Prime Video,International,United States,142.0,UA,https://www.justwatch.com/in/movie/the-hunger-games,"['Action & Adventure', 'Mystery & Thriller', 'Science-Fiction', 'Young Adult Dystopia']",English (assumed),False,1,True
The Dark Knight Rises,movie,"Action & Adventure, Crime, Drama, Mystery & Thriller, Superhero",2012.0,,,Amazon Prime Video,International,"United Kingdom, United States",165.0,UA,https://www.justwatch.com/in/movie/the-dark-knight-rises,"['Action & Adventure', 'Crime', 'Drama', 'Mystery & Thriller', 'Superhero']",English (assumed),False,3,False
The Reader,movie,"Drama, Romance, Made in Europe",2008.0,7.6,274k,Amazon Prime Video,International,"Germany, United States",124.0,UA,https://www.justwatch.com/in/movie/the-reader,"['Drama', 'Romance', 'Made in Europe']",English (assumed),False,1,True
Arjun Reddy,movie,"Drama, Romance, Bollywood",2017.0,7.9,30k,Amazon Prime Video,Indian,India,187.0,A,https://www.justwatch.com/in/movie/arjun-reddy,"['Drama', 'Romance', 'Bollywood']",Hindi,False,3,False
Prem Ratan Dhan Payo,movie,"Action & Adventure, Drama, Romance, Bollywood",2015.0,4.4,23k,Amazon Prime Video,Indian,India,163.0,U,https://www.justwatch.com/in/movie/prem-ratan-dhan-payo,"['Action & Adventure', 'Drama', 'Romance', 'Bollywood']",Hindi,False,3,False
Evaru,movie,"Crime, Mystery & Thriller, Bollywood",2019.0,8.1,10k,Amazon Prime Video,Indian,India,118.0,UA,https://www.justwatch.com/in/movie/evaru,"['Crime', 'Mystery & Thriller', 'Bollywood']",Hindi,False,1,True
Honey,movie,"Horror, Mystery & Thriller, Horror Thriller",2026.0,3.7,2k,Amazon Prime Video,Indian,India,118.0,A,https://www.justwatch.com/in/movie/honey-2026-1,"['Horror', 'Mystery & Thriller', 'Horror Thriller']",Regional Indian (unspecified),True,1,True
Off Campus,show,"Drama, Romance, Sport, Romantic Drama",2026.0,7.9,37k,Amazon Prime Video,International,United States,,,https://www.justwatch.com/in/tv-show/off-campus,"['Drama', 'Romance', 'Sport', 'Romantic Drama']",English (assumed),True,1,True
FROM,show,"Drama, Horror, Science-Fiction, Mystery Thriller",2022.0,7.8,191k,Amazon Prime Video,International,United States,,,https://www.justwatch.com/in/tv-show/from,"['Drama', 'Horror', 'Science-Fiction', 'Mystery Thriller']",English (assumed),False,1,True
Mirzapur,show,"Action & Adventure, Crime, Drama, Mystery & Thriller, Organized Crime, Bollywood",2018.0,8.4,93k,Amazon Prime Video,Indian,India,50.0,A,https://www.justwatch.com/in/tv-show/mirzapur,"['Action & Adventure', 'Crime', 'Drama', 'Mystery & Thriller', 'Organized Crime', 'Bollywood']",Hindi,False,1,True
Raakh,show,"Crime, Drama, Mystery & Thriller",2026.0,7.6,4k,Amazon Prime Video,Indian,India,41.0,A,https://www.justwatch.com/in/tv-show/raakh,"['Crime', 'Drama', 'Mystery & Thriller']",Regional Indian (unspecified),True,1,True
Alliance,show,,2026.0,,,Amazon Prime Video,Indian,India,,A,https://www.justwatch.com/in/tv-show/the-alliance,[],Regional Indian (unspecified),True,1,True
See You at Work Tomorrow!,show,"Comedy, Drama, Romance",2026.0,,,Amazon Prime Video,International,South Korea,68.0,UA16+,https://www.justwatch.com/in/tv-show/see-you-at-work-tomorrow,"['Comedy', 'Drama', 'Romance']",English (assumed),True,1,True
Farzi,show,"Comedy, Crime, Drama, Mystery & Thriller, Bollywood",2023.0,8.3,56k,Amazon Prime Video,Indian,India,56.0,UA16+,https://www.justwatch.com/in/tv-show/farzi,"['Comedy', 'Crime', 'Drama', 'Mystery & Thriller', 'Bollywood']",Hindi,False,1,True
Gram Chikitsalay,show,"Comedy, Drama, Dramedy",2025.0,7.2,5k,Amazon Prime Video,Indian,India,38.0,UA16+,https://www.justwatch.com/in/tv-show/gram-chikitsalay,"['Comedy', 'Drama', 'Dramedy']",Regional Indian (unspecified),True,1,True
Sapne vs Everyone,show,"Drama, Psychological Drama",2023.0,9.2,85k,Amazon Prime Video,Indian,India,69.0,UA16+,https://www.justwatch.com/in/tv-show/sapne-vs-everyone,"['Drama', 'Psychological Drama']",Regional Indian (unspecified),False,1,True
Panchayat,show,"Comedy, Drama, Bollywood",2020.0,9.0,118k,Amazon Prime Video,Indian,India,36.0,UA16+,https://www.justwatch.com/in/tv-show/panchayat,"['Comedy', 'Drama', 'Bollywood']",Hindi,False,1,True
Erotic Stories,show,"Drama, Emotional Drama, Romantic Thriller",2023.0,,,Amazon Prime Video,International,Australia,,,https://www.justwatch.com/in/tv-show/erotic-stories,"['Drama', 'Emotional Drama', 'Romantic Thriller']",English (assumed),False,1,True
Overflow,show,"Animation, Classic Japanese Anime",2020.0,,,Amazon Prime Video,International,Japan,,,https://www.justwatch.com/in/tv-show/overflow,"['Animation', 'Classic Japanese Anime']",English (assumed),False,1,True
The Boys,show,"Action & Adventure, Comedy, Crime, Drama, Science-Fiction, No Superhero",2019.0,8.5,999k,Amazon Prime Video,International,United States,62.0,A,https://www.justwatch.com/in/tv-show/the-boys,"['Action & Adventure', 'Comedy', 'Crime', 'Drama', 'Science-Fiction', 'No Superhero']",English (assumed),False,1,True
Jujutsu Kaisen,show,"Action & Adventure, Animation, Fantasy, Mystery & Thriller, Science-Fiction, Classic Japanese Anime",2020.0,8.5,211k,Amazon Prime Video,International,"Japan, United States",24.0,UA16+,https://www.justwatch.com/in/tv-show/jujutsu-kaisen,"['Action & Adventure', 'Animation', 'Fantasy', 'Mystery & Thriller', 'Science-Fiction', 'Classic Japanese Anime']",English (assumed),False,4,False
Silo,show,"Drama, Science-Fiction, Sci-Fi Drama",2023.0,8.1,216k,Amazon Prime Video,International,United States,50.0,A,https://www.justwatch.com/in/tv-show/silo,"['Drama', 'Science-Fiction', 'Sci-Fi Drama']",English (assumed),False,1,True
Spider-Noir,show,"Crime, Drama, Fantasy, Mystery & Thriller, Science-Fiction, Superhero, Action Adventure",2026.0,7.8,47k,Amazon Prime Video,International,United States,44.0,UA16+,https://www.justwatch.com/in/tv-show/spider-noir,"['Crime', 'Drama', 'Fantasy', 'Mystery & Thriller', 'Science-Fiction', 'Superhero', 'Action Adventure']",English (assumed),True,1,True
Classroom of the Elite,show,"Animation, Drama, Mystery & Thriller, Classic Japanese Anime",2017.0,7.7,25k,Amazon Prime Video,International,Japan,23.0,UA16+,https://www.justwatch.com/in/tv-show/classroom-of-the-elite,"['Animation', 'Drama', 'Mystery & Thriller', 'Classic Japanese Anime']",English (assumed),False,4,False
Spartacus,show,"Drama, Romance, Action Adventure, Epic",2010.0,8.4,296k,Amazon Prime Video,International,United States,54.0,A,https://www.justwatch.com/in/tv-show/spartacus,"['Drama', 'Romance', 'Action Adventure', 'Epic']",English (assumed),False,1,True
Shingeki no Kyojin,show,"Action & Adventure, Animation, Drama, Fantasy, Horror, Science-Fiction, Classic Japanese Anime",2013.0,9.1,546k,Amazon Prime Video,International,Japan,25.0,UA13+,https://www.justwatch.com/in/tv-show/attack-on-titan,"['Action & Adventure', 'Animation', 'Drama', 'Fantasy', 'Horror', 'Science-Fiction', 'Classic Japanese Anime']",English (assumed),False,1,True
The Summer I Turned Pretty,show,"Drama, Romance, Romantic Drama",2022.0,7.2,74k,Amazon Prime Video,International,United States,54.0,UA16+,https://www.justwatch.com/in/tv-show/the-summer-i-turned-pretty,"['Drama', 'Romance', 'Romantic Drama']",English (assumed),False,1,True
Kimetsu no Yaiba,show,"Action & Adventure, Animation, Fantasy, Mystery & Thriller, Science-Fiction, Classic Japanese Anime",2019.0,8.6,229k,Amazon Prime Video,International,Japan,26.0,A,https://www.justwatch.com/in/tv-show/demon-slayer-kimetsu-no-yaiba,"['Action & Adventure', 'Animation', 'Fantasy', 'Mystery & Thriller', 'Science-Fiction', 'Classic Japanese Anime']",English (assumed),False,4,False
Matka King,show,"Crime, Drama, Organized Crime",2026.0,7.2,2k,Amazon Prime Video,Indian,India,,,https://www.justwatch.com/in/tv-show/matka-king,"['Crime', 'Drama', 'Organized Crime']",Regional Indian (unspecified),True,1,True
The Family Man,show,"Action & Adventure, Comedy, Crime, Drama, Mystery & Thriller, Bollywood",2019.0,8.7,112k,Amazon Prime Video,Indian,India,47.0,A,https://www.justwatch.com/in/tv-show/the-family-man,"['Action & Adventure', 'Comedy', 'Crime', 'Drama', 'Mystery & Thriller', 'Bollywood']",Hindi,False,1,True
Naruto,show,"Action & Adventure, Animation, Comedy, Fantasy, Science-Fiction, Classic Japanese Anime",2002.0,8.4,169k,Amazon Prime Video,International,Japan,23.0,UA16+,https://www.justwatch.com/in/tv-show/naruto,"['Action & Adventure', 'Animation', 'Comedy', 'Fantasy', 'Science-Fiction', 'Classic Japanese Anime']",English (assumed),False,2,False
Mushoku Tensei: Jobless Reincarnation,show,"Action & Adventure, Animation, Drama, Fantasy, Science-Fiction, Classic Japanese Anime",2021.0,8.2,39k,Amazon Prime Video,International,Japan,24.0,UA16+,https://www.justwatch.com/in/tv-show/mushoku-tensei-jobless-reincarnation,"['Action & Adventure', 'Animation', 'Drama', 'Fantasy', 'Science-Fiction', 'Classic Japanese Anime']",English (assumed),False,4,False
The Mentalist,show,"Crime, Drama, Mystery & Thriller, Detective Crime",2008.0,8.2,232k,Amazon Prime Video,International,United States,44.0,U,https://www.justwatch.com/in/tv-show/the-mentalist,"['Crime', 'Drama', 'Mystery & Thriller', 'Detective Crime']",English (assumed),False,1,True
Farming Life in Another World,show,"Animation, Comedy, Fantasy, Romance, Science-Fiction, Classic Japanese Anime",2023.0,7.3,2k,Amazon Prime Video,International,Japan,,,https://www.justwatch.com/in/tv-show/farming-life-in-another-world,"['Animation', 'Comedy', 'Fantasy', 'Romance', 'Science-Fiction', 'Classic Japanese Anime']",English (assumed),False,1,True
Room of Guilty Pleasure,show,"Animation, Comedy, Romance, Classic Japanese Anime",2025.0,,,Amazon Prime Video,International,Japan,,,https://www.justwatch.com/in/tv-show/room-of-guilty-pleasure,"['Animation', 'Comedy', 'Romance', 'Classic Japanese Anime']",English (assumed),True,1,True
Every Year After,show,"Drama, Romance",2026.0,6.3,4k,Amazon Prime Video,International,"Canada, United States",,,https://www.justwatch.com/in/tv-show/every-year-after,"['Drama', 'Romance']",English (assumed),True,1,True
Dr. STONE,show,"Action & Adventure, Animation, Science-Fiction, Classic Japanese Anime",2019.0,8.1,43k,Amazon Prime Video,International,Japan,24.0,UA13+,https://www.justwatch.com/in/tv-show/dr-stone,"['Action & Adventure', 'Animation', 'Science-Fiction', 'Classic Japanese Anime']",English (assumed),False,2,False
Ookii Onnanoko wa Suki Desuka？,show,"Animation, Classic Japanese Anime",2026.0,,,Amazon Prime Video,International,Japan,,,https://www.justwatch.com/in/tv-show/do-you-like-big-girls,"['Animation', 'Classic Japanese Anime']",English (assumed),True,1,True
Undercover High School,show,"Action & Adventure, Comedy, Drama, Action Comedy",2025.0,,,Amazon Prime Video,International,South Korea,,,https://www.justwatch.com/in/tv-show/undercover-high-school,"['Action & Adventure', 'Comedy', 'Drama', 'Action Comedy']",English (assumed),True,1,True
The Vampire Diaries,show,"Drama, Fantasy, Horror, Mystery & Thriller, Romance, Science-Fiction, Young Adult Drama, Modern Fantasy",2009.0,7.7,384k,Amazon Prime Video,International,United States,42.0,U,https://www.justwatch.com/in/tv-show/the-vampire-diaries,"['Drama', 'Fantasy', 'Horror', 'Mystery & Thriller', 'Romance', 'Science-Fiction', 'Young Adult Drama', 'Modern Fantasy']",English (assumed),False,3,False
Suzhal - The Vortex,show,"Crime, Drama, Fantasy, Mystery Thriller",2022.0,8.1,11k,Amazon Prime Video,Indian,India,46.0,UA16+,https://www.justwatch.com/in/tv-show/suzhal-the-vortex,"['Crime', 'Drama', 'Fantasy', 'Mystery Thriller']",Regional Indian (unspecified),False,1,True
Reacher,show,"Crime, Drama, Mystery & Thriller, Action Adventure, Action Thriller",2022.0,8.0,296k,Amazon Prime Video,International,United States,49.0,A,https://www.justwatch.com/in/tv-show/jack-reacher,"['Crime', 'Drama', 'Mystery & Thriller', 'Action Adventure', 'Action Thriller']",English (assumed),False,1,True
Death Note,show,"Animation, Crime, Drama, Fantasy, Mystery & Thriller, Science-Fiction, Classic Japanese Anime",2006.0,8.9,486k,Amazon Prime Video,International,Japan,24.0,UA16+,https://www.justwatch.com/in/tv-show/death-note,"['Animation', 'Crime', 'Drama', 'Fantasy', 'Mystery & Thriller', 'Science-Fiction', 'Classic Japanese Anime']",English (assumed),False,1,True
Sherlock,show,"Crime, Drama, Mystery & Thriller, Made in Europe, Detective Crime",2010.0,,,Amazon Prime Video,International,United Kingdom,88.0,A,https://www.justwatch.com/in/tv-show/sherlock,"['Crime', 'Drama', 'Mystery & Thriller', 'Made in Europe', 'Detective Crime']",English (assumed),False,1,True
S Line,show,"Drama, Fantasy, Science-Fiction, Mystery Thriller",2025.0,6.2,3k,Amazon Prime Video,International,South Korea,52.0,A,https://www.justwatch.com/in/tv-show/s-line,"['Drama', 'Fantasy', 'Science-Fiction', 'Mystery Thriller']",English (assumed),True,1,True
Suits,show,"Comedy, Drama, Courtroom, Dramedy",2011.0,8.4,542k,Amazon Prime Video,International,United States,44.0,UA13+,https://www.justwatch.com/in/tv-show/suits,"['Comedy', 'Drama', 'Courtroom', 'Dramedy']",English (assumed),False,3,False
Yoasobi Gurashi!,show,"Animation, Drama, Romance, Classic Japanese Anime",2024.0,,,Amazon Prime Video,International,Japan,,,https://www.justwatch.com/in/tv-show/yoasobi-gurashi,"['Animation', 'Drama', 'Romance', 'Classic Japanese Anime']",English (assumed),True,1,True
High School Return of a Gangster,show,"Drama, Fantasy, Science-Fiction",2024.0,7.7,2k,Amazon Prime Video,International,South Korea,,,https://www.justwatch.com/in/tv-show/high-school-return-of-a-gangster,"['Drama', 'Fantasy', 'Science-Fiction']",English (assumed),True,1,True
Tensei Shitara Suraimu Datta Ken,show,"Action & Adventure, Animation, Comedy, Fantasy, Science-Fiction, Classic Japanese Anime",2018.0,8.0,25k,Amazon Prime Video,International,Japan,24.0,UA16+,https://www.justwatch.com/in/tv-show/that-time-i-got-reincarnated-as-a-slime,"['Action & Adventure', 'Animation', 'Comedy', 'Fantasy', 'Science-Fiction', 'Classic Japanese Anime']",English (assumed),False,4,False
Tôkyô Ribenjâzu,show,"Action & Adventure, Animation, Drama, Classic Japanese Anime",2021.0,7.7,33k,Amazon Prime Video,International,Japan,24.0,UA16+,https://www.justwatch.com/in/tv-show/tokyo-revengers,"['Action & Adventure', 'Animation', 'Drama', 'Classic Japanese Anime']",English (assumed),False,4,False
The 100,show,"Action & Adventure, Crime, Drama, Science-Fiction, Young Adult Drama, Young Adult Dystopia, Sci-Fi Drama, Post Apocalyptic World",2014.0,7.5,305k,Amazon Prime Video,International,United States,42.0,U,https://www.justwatch.com/in/tv-show/the-100,"['Action & Adventure', 'Crime', 'Drama', 'Science-Fiction', 'Young Adult Drama', 'Young Adult Dystopia', 'Sci-Fi Drama', 'Post Apocalyptic World']",English (assumed),False,1,True
Mad Men,show,"Drama, Emotional Drama, Based On A True Story, Period Drama",2007.0,8.7,291k,Amazon Prime Video,International,United States,49.0,UA16+,https://www.justwatch.com/in/tv-show/mad-men,"['Drama', 'Emotional Drama', 'Based On A True Story', 'Period Drama']",English (assumed),False,1,True
Evilive,show,"Action & Adventure, Crime, Drama, Mystery & Thriller, Action Thriller",2023.0,,,Amazon Prime Video,International,South Korea,,,https://www.justwatch.com/in/tv-show/evilive,"['Action & Adventure', 'Crime', 'Drama', 'Mystery & Thriller', 'Action Thriller']",English (assumed),False,1,True
Isakapatnam,show,,2026.0,,,Amazon Prime Video,Indian,India,,A,https://www.justwatch.com/in/tv-show/isakapatnam,[],Regional Indian (unspecified),True,1,True
Teen Wolf,show,"Action & Adventure, Comedy, Drama, Fantasy, Mystery & Thriller, Romance, Science-Fiction, Young Adult Drama, Modern Fantasy",2011.0,7.7,179k,Amazon Prime Video,International,United States,42.0,U,https://www.justwatch.com/in/tv-show/teen-wolf,"['Action & Adventure', 'Comedy', 'Drama', 'Fantasy', 'Mystery & Thriller', 'Romance', 'Science-Fiction', 'Young Adult Drama', 'Modern Fantasy']",English (assumed),False,1,True
Maxton Hall – The World Between Us,show,"Drama, Romance, Romantic Drama",2024.0,7.5,25k,Amazon Prime Video,International,Germany,,,https://www.justwatch.com/in/tv-show/maxton-hall-the-world-between-us,"['Drama', 'Romance', 'Romantic Drama']",English (assumed),True,1,True
Community,show,"Comedy, Sitcoms",2009.0,8.5,311k,Amazon Prime Video,International,United States,23.0,U,https://www.justwatch.com/in/tv-show/community,"['Comedy', 'Sitcoms']",English (assumed),False,1,True
Dexter,show,"Crime, Drama, Mystery & Thriller, Dark Crime, Detective Crime",2006.0,8.6,940k,Amazon Prime Video,International,United States,53.0,A,https://www.justwatch.com/in/tv-show/dexter,"['Crime', 'Drama', 'Mystery & Thriller', 'Dark Crime', 'Detective Crime']",English (assumed),False,3,False
Supernatural,show,"Drama, Fantasy, Horror, Mystery & Thriller, Science-Fiction, Modern Fantasy, Dark Fantasy",2005.0,8.4,541k,Amazon Prime Video,International,United States,45.0,UA16+,https://www.justwatch.com/in/tv-show/supernatural,"['Drama', 'Fantasy', 'Horror', 'Mystery & Thriller', 'Science-Fiction', 'Modern Fantasy', 'Dark Fantasy']",English (assumed),False,3,False
BLUE LOCK,show,"Action & Adventure, Animation, Drama, Mystery & Thriller, Sport, Classic Japanese Anime",2022.0,8.1,32k,Amazon Prime Video,International,Japan,24.0,UA16+,https://www.justwatch.com/in/tv-show/bluelock,"['Action & Adventure', 'Animation', 'Drama', 'Mystery & Thriller', 'Sport', 'Classic Japanese Anime']",English (assumed),False,1,True
My Hero Academia,show,"Action & Adventure, Animation, Comedy, Fantasy, Science-Fiction, Classic Japanese Anime",2016.0,8.2,122k,Amazon Prime Video,International,Japan,24.0,U,https://www.justwatch.com/in/tv-show/my-hero-academia,"['Action & Adventure', 'Animation', 'Comedy', 'Fantasy', 'Science-Fiction', 'Classic Japanese Anime']",English (assumed),False,4,False
Margo's Got Money Troubles,show,"Comedy, Drama, Dramedy",2026.0,7.3,12k,Amazon Prime Video,International,United States,39.0,A,https://www.justwatch.com/in/tv-show/margos-got-money-troubles,"['Comedy', 'Drama', 'Dramedy']",English (assumed),True,1,True
Hostel Daze,show,"Comedy, Drama, Bollywood",2019.0,8.5,23k,Amazon Prime Video,Indian,India,34.0,A,https://www.justwatch.com/in/tv-show/hostel-daze,"['Comedy', 'Drama', 'Bollywood']",Hindi,False,1,True
Aspirants,show,"Drama, Bollywood",2021.0,9.1,319k,Amazon Prime Video,Indian,India,45.0,UA13+,https://www.justwatch.com/in/tv-show/aspirants,"['Drama', 'Bollywood']",Hindi,False,1,True
Under the Dome,show,"Drama, Mystery & Thriller, Science-Fiction, Sci-Fi Drama",2013.0,6.5,118k,Amazon Prime Video,International,United States,43.0,UA16+,https://www.justwatch.com/in/tv-show/under-the-dome,"['Drama', 'Mystery & Thriller', 'Science-Fiction', 'Sci-Fi Drama']",English (assumed),False,3,False
Half Man,show,Drama,2026.0,8.0,12k,Amazon Prime Video,International,United Kingdom,,,https://www.justwatch.com/in/tv-show/half-man,['Drama'],English (assumed),True,1,True
The Tudors,show,"Drama, History, Romance, War & Military, Made in Europe, Period Drama, Epic",2007.0,8.1,87k,Amazon Prime Video,International,United States,53.0,A,https://www.justwatch.com/in/tv-show/the-tudors,"['Drama', 'History', 'Romance', 'War & Military', 'Made in Europe', 'Period Drama', 'Epic']",English (assumed),False,1,True
Young Sheldon,show,"Comedy, Drama, Sitcoms",2017.0,7.7,149k,Amazon Prime Video,International,United States,19.0,U,https://www.justwatch.com/in/tv-show/young-sheldon,"['Comedy', 'Drama', 'Sitcoms']",English (assumed),False,3,False
56 Days,show,"Crime, Drama, Romance, Mystery Thriller",2026.0,6.7,11k,Amazon Prime Video,International,United States,49.0,A,https://www.justwatch.com/in/tv-show/56-days,"['Crime', 'Drama', 'Romance', 'Mystery Thriller']",English (assumed),True,1,True
Shameless,show,"Comedy, Drama, Dramedy",2011.0,8.5,334k,Amazon Prime Video,International,United States,54.0,U,https://www.justwatch.com/in/tv-show/shameless,"['Comedy', 'Drama', 'Dramedy']",English (assumed),False,1,True
Black Torch,show,"Action & Adventure, Animation, Mystery & Thriller, Science-Fiction",2026.0,,,Amazon Prime Video,International,Japan,,,https://www.justwatch.com/in/tv-show/black-torch,"['Action & Adventure', 'Animation', 'Mystery & Thriller', 'Science-Fiction']",English (assumed),True,1,True
SPY x FAMILY,show,"Action & Adventure, Animation, Comedy, Mystery & Thriller, Classic Japanese Anime",2022.0,8.2,62k,Amazon Prime Video,International,Japan,25.0,UA16+,https://www.justwatch.com/in/tv-show/spy-x-family,"['Action & Adventure', 'Animation', 'Comedy', 'Mystery & Thriller', 'Classic Japanese Anime']",English (assumed),False,4,False
Friday Night Lights,show,"Drama, Sport, Young Adult Drama, Sports Drama",2006.0,8.7,79k,Amazon Prime Video,International,United States,,,https://www.justwatch.com/in/tv-show/friday-night-lights,"['Drama', 'Sport', 'Young Adult Drama', 'Sports Drama']",English (assumed),False,1,True
Re:Zero kara Hajimeru Isekai Seikatsu,show,"Action & Adventure, Animation, Drama, Fantasy, Horror, Mystery & Thriller, Romance, Science-Fiction, Classic Japanese Anime",2016.0,8.2,72k,Amazon Prime Video,International,Japan,26.0,UA16+,https://www.justwatch.com/in/tv-show/re-zero-starting-life-in-another-world,"['Action & Adventure', 'Animation', 'Drama', 'Fantasy', 'Horror', 'Mystery & Thriller', 'Romance', 'Science-Fiction', 'Classic Japanese Anime']",English (assumed),False,2,False
Tokyo Ghoul,show,"Action & Adventure, Animation, Drama, Fantasy, Horror, Mystery & Thriller, Science-Fiction, Classic Japanese Anime",2014.0,7.7,83k,Amazon Prime Video,International,Japan,24.0,A,https://www.justwatch.com/in/tv-show/tokyo-ghoul,"['Action & Adventure', 'Animation', 'Drama', 'Fantasy', 'Horror', 'Mystery & Thriller', 'Science-Fiction', 'Classic Japanese Anime']",English (assumed),False,1,True
The Pyramid Scheme,show,"Comedy, Drama, Dramedy",2026.0,,,Amazon Prime Video,Indian,India,42.0,UA13+,https://www.justwatch.com/in/tv-show/the-pyramid-scheme,"['Comedy', 'Drama', 'Dramedy']",Regional Indian (unspecified),True,1,True
Robin Hood,show,"Drama, Action Adventure",2025.0,6.8,7k,Amazon Prime Video,International,United States,,,https://www.justwatch.com/in/tv-show/robin-hood-2025,"['Drama', 'Action Adventure']",English (assumed),True,1,True
The Night Manager,show,"Crime, Drama, Mystery & Thriller, Made in Europe, Spies, Organized Crime",2016.0,8.0,139k,Amazon Prime Video,International,United Kingdom,56.0,A,https://www.justwatch.com/in/tv-show/the-night-manager,"['Crime', 'Drama', 'Mystery & Thriller', 'Made in Europe', 'Spies', 'Organized Crime']",English (assumed),False,1,True
The Office,show,"Comedy, Sitcoms",2005.0,9.0,837k,Amazon Prime Video,International,United States,24.0,U,https://www.justwatch.com/in/tv-show/the-office,"['Comedy', 'Sitcoms']",English (assumed),False,3,False
Haikyu!!,show,"Animation, Comedy, Drama, Sport, Classic Japanese Anime",2014.0,8.7,54k,Amazon Prime Video,International,Japan,24.0,UA13+,https://www.justwatch.com/in/tv-show/haikyu,"['Animation', 'Comedy', 'Drama', 'Sport', 'Classic Japanese Anime']",English (assumed),False,4,False
Fallout,show,"Drama, Science-Fiction, Post Apocalyptic World, Action Adventure",2024.0,8.3,395k,Amazon Prime Video,International,United States,57.0,A,https://www.justwatch.com/in/tv-show/fallout,"['Drama', 'Science-Fiction', 'Post Apocalyptic World', 'Action Adventure']",English (assumed),True,1,True
The Scarecrow,show,"Crime, Drama, Mystery Thriller",2026.0,8.3,1k,Amazon Prime Video,International,South Korea,,,https://www.justwatch.com/in/tv-show/the-scarecrow,"['Crime', 'Drama', 'Mystery Thriller']",English (assumed),True,1,True
Clarkson's Farm,show,"Comedy, Documentary, Reality TV",2021.0,9.0,87k,Amazon Prime Video,International,United Kingdom,48.0,UA16+,https://www.justwatch.com/in/tv-show/jeremy-clarkson-i-bought-the-farm,"['Comedy', 'Documentary', 'Reality TV']",English (assumed),False,1,True
Arabia Kadali,show,"Drama, Bollywood",2025.0,,,Amazon Prime Video,Indian,India,12.0,UA16+,https://www.justwatch.com/in/tv-show/arabia-kadali,"['Drama', 'Bollywood']",Hindi,True,1,True
Dhootha,show,"Crime, Drama, Horror, Mystery & Thriller, Bollywood",2023.0,7.7,6k,Amazon Prime Video,Indian,India,43.0,A,https://www.justwatch.com/in/tv-show/dhootha,"['Crime', 'Drama', 'Horror', 'Mystery & Thriller', 'Bollywood']",Hindi,False,1,True
The Loyalty Game,show,"Drama, Mystery & Thriller",2026.0,,,Amazon Prime Video,International,Philippines,,,https://www.justwatch.com/in/tv-show/the-loyalty-game,"['Drama', 'Mystery & Thriller']",English (assumed),True,1,True
Heated Rivalry,show,"Drama, Romance, Sport, Sports Drama",2025.0,8.7,109k,Amazon Prime Video,International,Canada,,,https://www.justwatch.com/in/tv-show/heated-rivalry,"['Drama', 'Romance', 'Sport', 'Sports Drama']",English (assumed),True,1,True
Fargo,show,"Crime, Drama, Mystery & Thriller, Dark Crime, Detective Crime",2014.0,8.8,470k,Amazon Prime Video,International,United States,52.0,UA16+,https://www.justwatch.com/in/tv-show/fargo,"['Crime', 'Drama', 'Mystery & Thriller', 'Dark Crime', 'Detective Crime']",English (assumed),False,1,True
The Expanse,show,"Drama, Science-Fiction, Sci-Fi Drama, Mystery Thriller, Tech Noir",2015.0,8.5,192k,Amazon Prime Video,International,United States,45.0,UA16+,https://www.justwatch.com/in/tv-show/the-expanse,"['Drama', 'Science-Fiction', 'Sci-Fi Drama', 'Mystery Thriller', 'Tech Noir']",English (assumed),False,1,True
The Flash,show,"Action & Adventure, Drama, Science-Fiction, Superhero",2014.0,7.5,386k,Amazon Prime Video,International,United States,42.0,U,https://www.justwatch.com/in/tv-show/the-flash,"['Action & Adventure', 'Drama', 'Science-Fiction', 'Superhero']",English (assumed),False,3,False
Absolute Value of Romance,show,"Comedy, Drama, Romance",2026.0,,,Amazon Prime Video,International,South Korea,31.0,UA16+,https://www.justwatch.com/in/tv-show/absolute-value-of-romance,"['Comedy', 'Drama', 'Romance']",English (assumed),True,1,True
The Legend of Vox Machina,show,"Action & Adventure, Animation, Comedy, Fantasy, Science-Fiction, Western Animation",2022.0,8.4,55k,Amazon Prime Video,International,United States,26.0,A,https://www.justwatch.com/in/tv-show/critical-role-the-legend-of-vox-machina,"['Action & Adventure', 'Animation', 'Comedy', 'Fantasy', 'Science-Fiction', 'Western Animation']",English (assumed),False,1,True
Elle,show,,2026.0,,,Amazon Prime Video,International,United States,,,https://www.justwatch.com/in/tv-show/elle,[],English (assumed),True,1,True
Smallville,show,"Action & Adventure, Documentary, Drama, Science-Fiction, Young Adult Drama, Superhero",2001.0,7.5,154k,Amazon Prime Video,International,United States,43.0,UA16+,https://www.justwatch.com/in/tv-show/smallville,"['Action & Adventure', 'Documentary', 'Drama', 'Science-Fiction', 'Young Adult Drama', 'Superhero']",English (assumed),False,1,True
Ash vs Evil Dead,show,"Action & Adventure, Comedy, Horror, Mystery & Thriller, Science-Fiction, Slasher, Horror Comedy",2015.0,8.4,81k,Amazon Prime Video,International,United States,30.0,A,https://www.justwatch.com/in/tv-show/ash-vs-evil-dead,"['Action & Adventure', 'Comedy', 'Horror', 'Mystery & Thriller', 'Science-Fiction', 'Slasher', 'Horror Comedy']",English (assumed),False,1,True
Adam's Sweet Agony,show,"Animation, Classic Japanese Anime",2024.0,,,Amazon Prime Video,International,Japan,,,https://www.justwatch.com/in/tv-show/adams-sweet-agony,"['Animation', 'Classic Japanese Anime']",English (assumed),True,1,True
Rasbhari,show,"Comedy, Drama, Romance, Bollywood, Romantic Drama",2020.0,2.9,15k,Amazon Prime Video,Indian,India,25.0,A,https://www.justwatch.com/in/tv-show/rasbhari,"['Comedy', 'Drama', 'Romance', 'Bollywood', 'Romantic Drama']",Hindi,False,1,True
Rent-a-Girlfriend,show,"Animation, Comedy, Romance, Classic Japanese Anime",2020.0,6.7,12k,Amazon Prime Video,International,Japan,24.0,A,https://www.justwatch.com/in/tv-show/rent-a-girlfriend,"['Animation', 'Comedy', 'Romance', 'Classic Japanese Anime']",English (assumed),False,1,True
In Plain Sight,show,"Action & Adventure, Crime, Drama, Mystery & Thriller, Detective Crime",2008.0,7.4,13k,Amazon Prime Video,International,United States,,,https://www.justwatch.com/in/tv-show/in-plain-sight,"['Action & Adventure', 'Crime', 'Drama', 'Mystery & Thriller', 'Detective Crime']",English (assumed),False,1,True
Fringe,show,"Drama, Mystery & Thriller, Science-Fiction, Sci-Fi Drama",2008.0,8.4,270k,Amazon Prime Video,International,"Canada, United States",47.0,UA16+,https://www.justwatch.com/in/tv-show/fringe,"['Drama', 'Mystery & Thriller', 'Science-Fiction', 'Sci-Fi Drama']",English (assumed),False,1,True
The Lord of the Rings: The Rings of Power,show,"Action & Adventure, Drama, Fantasy, Science-Fiction, Epic Fantasy",2022.0,6.9,440k,Amazon Prime Video,International,United States,68.0,UA16+,https://www.justwatch.com/in/tv-show/the-lord-of-the-rings-the-rings-of-power,"['Action & Adventure', 'Drama', 'Fantasy', 'Science-Fiction', 'Epic Fantasy']",English (assumed),False,1,True
INVINCIBLE,show,"Action & Adventure, Animation, Drama, Fantasy, Mystery & Thriller, Science-Fiction",2021.0,8.7,344k,Amazon Prime Video,International,United States,49.0,A,https://www.justwatch.com/in/tv-show/invincible,"['Action & Adventure', 'Animation', 'Drama', 'Fantasy', 'Mystery & Thriller', 'Science-Fiction']",English (assumed),False,1,True
Gumihodyeon,show,"Comedy, Drama, Fantasy, History, Horror, Romance, Science-Fiction",2020.0,7.9,13k,Amazon Prime Video,International,South Korea,70.0,UA13+,https://www.justwatch.com/in/tv-show/tale-of-the-nine-tailed,"['Comedy', 'Drama', 'Fantasy', 'History', 'Horror', 'Romance', 'Science-Fiction']",English (assumed),False,1,True
Fullmetal Alchemist: Brotherhood,show,"Action & Adventure, Animation, Comedy, Drama, Fantasy, Science-Fiction, Classic Japanese Anime",2009.0,9.1,251k,Amazon Prime Video,International,Japan,29.0,UA,https://www.justwatch.com/in/tv-show/fullmetal-alchemist-brotherhood,"['Action & Adventure', 'Animation', 'Comedy', 'Drama', 'Fantasy', 'Science-Fiction', 'Classic Japanese Anime']",English (assumed),False,2,False
Schitt's Creek,show,"Comedy, Sitcoms",2015.0,8.5,174k,Amazon Prime Video,International,Canada,22.0,U,https://www.justwatch.com/in/tv-show/schitts-creek,"['Comedy', 'Sitcoms']",English (assumed),False,1,True
Dexter: Original Sin,show,"Crime, Drama, Mystery & Thriller, Dark Crime",2024.0,8.2,68k,Amazon Prime Video,International,United States,,,https://www.justwatch.com/in/tv-show/dexter-original-sin,"['Crime', 'Drama', 'Mystery & Thriller', 'Dark Crime']",English (assumed),True,1,True
Inspector Rishi,show,"Action & Adventure, Drama, Horror, Mystery & Thriller, Horror Thriller",2024.0,7.2,3k,Amazon Prime Video,Indian,India,45.0,A,https://www.justwatch.com/in/tv-show/inspector-rishi,"['Action & Adventure', 'Drama', 'Horror', 'Mystery & Thriller', 'Horror Thriller']",Regional Indian (unspecified),True,1,True
Dark Winds,show,"Crime, Drama, Mystery & Thriller, Detective Crime, Psychological Thriller",2022.0,7.7,33k,Amazon Prime Video,International,United States,46.0,A,https://www.justwatch.com/in/tv-show/dark-winds,"['Crime', 'Drama', 'Mystery & Thriller', 'Detective Crime', 'Psychological Thriller']",English (assumed),False,1,True
Frieren: Beyond Journey's End,show,"Action & Adventure, Animation, Comedy, Drama, Fantasy, Science-Fiction, Classic Japanese Anime",2023.0,8.9,78k,Amazon Prime Video,International,Japan,25.0,UA16+,https://www.justwatch.com/in/tv-show/frieren-beyond-journeys-end,"['Action & Adventure', 'Animation', 'Comedy', 'Drama', 'Fantasy', 'Science-Fiction', 'Classic Japanese Anime']",English (assumed),False,2,False
Arrow,show,"Action & Adventure, Crime, Drama, Science-Fiction, Superhero",2012.0,7.5,461k,Amazon Prime Video,International,United States,42.0,U,https://www.justwatch.com/in/tv-show/arrow,"['Action & Adventure', 'Crime', 'Drama', 'Science-Fiction', 'Superhero']",English (assumed),False,3,False
Good Boy,show,"Action & Adventure, Comedy, Crime, Drama, Romance, Action Comedy",2025.0,7.4,6k,Amazon Prime Video,International,South Korea,,,https://www.justwatch.com/in/tv-show/good-boy,"['Action & Adventure', 'Comedy', 'Crime', 'Drama', 'Romance', 'Action Comedy']",English (assumed),True,1,True
The Middle,show,"Comedy, Kids & Family, Sitcoms",2009.0,7.7,61k,Amazon Prime Video,International,United States,21.0,U,https://www.justwatch.com/in/tv-show/the-middle,"['Comedy', 'Kids & Family', 'Sitcoms']",English (assumed),False,1,True
One Punch Man: Wanpanman,show,"Action & Adventure, Animation, Comedy, Fantasy, Science-Fiction, Classic Japanese Anime",2015.0,8.6,226k,Amazon Prime Video,International,Japan,24.0,UA7+,https://www.justwatch.com/in/tv-show/one-punch-man,"['Action & Adventure', 'Animation', 'Comedy', 'Fantasy', 'Science-Fiction', 'Classic Japanese Anime']",English (assumed),False,1,True
Little Disasters,show,"Drama, Psychological Drama",2025.0,7.0,2k,Amazon Prime Video,International,United Kingdom,,,https://www.justwatch.com/in/tv-show/little-disasters,"['Drama', 'Psychological Drama']",English (assumed),True,1,True
Harem Camp!,show,"Animation, Classic Japanese Anime",2022.0,,,Amazon Prime Video,International,Japan,,,https://www.justwatch.com/in/tv-show/harem-camp,"['Animation', 'Classic Japanese Anime']",English (assumed),False,1,True
The Peripheral,show,"Drama, Mystery & Thriller, Science-Fiction, Sci-Fi Drama",2022.0,7.5,91k,Amazon Prime Video,International,United States,62.0,UA16+,https://www.justwatch.com/in/tv-show/the-peripheral,"['Drama', 'Mystery & Thriller', 'Science-Fiction', 'Sci-Fi Drama']",English (assumed),False,1,True
Justified,show,"Action & Adventure, Crime, Drama, Mystery & Thriller, Western, Action Thriller, Marshal Western",2010.0,8.6,131k,Amazon Prime Video,International,United States,43.0,UA16+,https://www.justwatch.com/in/tv-show/justified,"['Action & Adventure', 'Crime', 'Drama', 'Mystery & Thriller', 'Western', 'Action Thriller', 'Marshal Western']",English (assumed),False,1,True
2 Broke Girls,show,"Comedy, Female Comedy, Sitcoms",2011.0,6.7,115k,Amazon Prime Video,International,United States,21.0,U,https://www.justwatch.com/in/tv-show/2-broke-girls,"['Comedy', 'Female Comedy', 'Sitcoms']",English (assumed),False,1,True
Blue Lights,show,"Crime, Drama, Mystery & Thriller, Detective Crime",2023.0,8.2,22k,Amazon Prime Video,International,United Kingdom,,,https://www.justwatch.com/in/tv-show/blue-lights,"['Crime', 'Drama', 'Mystery & Thriller', 'Detective Crime']",English (assumed),False,1,True
Deo keitu,show,"Action & Adventure, Crime, Drama, Mystery & Thriller, Romance",2016.0,7.7,12k,Amazon Prime Video,International,South Korea,65.0,UA16+,https://www.justwatch.com/in/tv-show/the-k2,"['Action & Adventure', 'Crime', 'Drama', 'Mystery & Thriller', 'Romance']",English (assumed),False,1,True
Superman & Lois,show,"Action & Adventure, Drama, Science-Fiction, Superhero",2021.0,7.8,50k,Amazon Prime Video,International,United States,,,https://www.justwatch.com/in/tv-show/superman-and-lois,"['Action & Adventure', 'Drama', 'Science-Fiction', 'Superhero']",English (assumed),False,1,True
Kôkaku Kidôtai,show,"Action & Adventure, Animation, Science-Fiction",2026.0,,,Amazon Prime Video,International,Japan,,,https://www.justwatch.com/in/tv-show/kokaku-kidotai,"['Action & Adventure', 'Animation', 'Science-Fiction']",English (assumed),True,1,True
Grand Blue Dreaming,show,"Animation, Comedy, Drama, Classic Japanese Anime",2018.0,7.9,7k,Amazon Prime Video,International,Japan,24.0,A,https://www.justwatch.com/in/tv-show/grand-blue-dreaming,"['Animation', 'Comedy', 'Drama', 'Classic Japanese Anime']",English (assumed),False,1,True
Counterpart,show,"Drama, Mystery & Thriller, Science-Fiction, Sci-Fi Drama",2017.0,8.0,34k,Amazon Prime Video,International,United States,,,https://www.justwatch.com/in/tv-show/counterpart,"['Drama', 'Mystery & Thriller', 'Science-Fiction', 'Sci-Fi Drama']",English (assumed),False,1,True
The Good Wife,show,"Crime, Drama, Emotional Drama, Courtroom",2009.0,8.3,89k,Amazon Prime Video,International,United States,44.0,U,https://www.justwatch.com/in/tv-show/the-good-wife,"['Crime', 'Drama', 'Emotional Drama', 'Courtroom']",English (assumed),False,1,True
The Man in the High Castle,show,"Drama, Mystery & Thriller, Science-Fiction, Sci-Fi Drama, Epic",2015.0,7.9,113k,Amazon Prime Video,International,United States,55.0,A,https://www.justwatch.com/in/tv-show/the-man-in-the-high-castle,"['Drama', 'Mystery & Thriller', 'Science-Fiction', 'Sci-Fi Drama', 'Epic']",English (assumed),False,1,True
Citadel,show,"Action & Adventure, Crime, Drama, Mystery & Thriller, Emotional Drama",2023.0,6.2,41k,Amazon Prime Video,International,United States,43.0,UA16+,https://www.justwatch.com/in/tv-show/citadel,"['Action & Adventure', 'Crime', 'Drama', 'Mystery & Thriller', 'Emotional Drama']",English (assumed),False,1,True
S.W.A.T.,show,"Action & Adventure, Crime, Drama, Mystery & Thriller, Action Thriller",2017.0,7.2,41k,Amazon Prime Video,International,United States,42.0,UA16+,https://www.justwatch.com/in/tv-show/s-w-a-t-2017,"['Action & Adventure', 'Crime', 'Drama', 'Mystery & Thriller', 'Action Thriller']",English (assumed),False,1,True
Gen V,show,"Comedy, Drama, Science-Fiction, Action Adventure",2023.0,7.6,153k,Amazon Prime Video,International,United States,,,https://www.justwatch.com/in/tv-show/gen-v,"['Comedy', 'Drama', 'Science-Fiction', 'Action Adventure']",English (assumed),False,1,True
Khauf,show,"Drama, Horror, Mystery & Thriller, Bollywood",2025.0,7.4,5k,Amazon Prime Video,Indian,India,47.0,A,https://www.justwatch.com/in/tv-show/khauf,"['Drama', 'Horror', 'Mystery & Thriller', 'Bollywood']",Hindi,True,1,True
Newtopia,show,"Action & Adventure, Comedy, Drama, Fantasy, Horror, Mystery & Thriller, Romance, Science-Fiction",2025.0,6.6,11k,Amazon Prime Video,International,South Korea,,,https://www.justwatch.com/in/tv-show/newtopia,"['Action & Adventure', 'Comedy', 'Drama', 'Fantasy', 'Horror', 'Mystery & Thriller', 'Romance', 'Science-Fiction']",English (assumed),True,1,True
Death in Paradise,show,"Comedy, Crime, Drama, Mystery & Thriller, Detective Crime",2011.0,7.8,33k,Amazon Prime Video,International,"France, United Kingdom",,,https://www.justwatch.com/in/tv-show/death-in-paradise,"['Comedy', 'Crime', 'Drama', 'Mystery & Thriller', 'Detective Crime']",English (assumed),False,1,True
Oshi no Ko,show,"Animation, Drama, Fantasy, Music & Musical, Mystery & Thriller, Classic Japanese Anime",2023.0,8.3,17k,Amazon Prime Video,International,Japan,26.0,UA13+,https://www.justwatch.com/in/tv-show/oshi-no-ko,"['Animation', 'Drama', 'Fantasy', 'Music & Musical', 'Mystery & Thriller', 'Classic Japanese Anime']",English (assumed),False,1,True
Bandish Bandits,show,"Drama, Kids & Family, Music & Musical, Romance, Romantic Drama",2020.0,8.6,20k,Amazon Prime Video,Indian,India,46.0,UA16+,https://www.justwatch.com/in/tv-show/bandish-bandits,"['Drama', 'Kids & Family', 'Music & Musical', 'Romance', 'Romantic Drama']",Regional Indian (unspecified),False,1,True
Death's Game,show,"Drama, Fantasy, Science-Fiction",2023.0,8.4,24k,Amazon Prime Video,International,South Korea,,,https://www.justwatch.com/in/tv-show/deaths-game,"['Drama', 'Fantasy', 'Science-Fiction']",English (assumed),False,1,True
Bambai Meri Jaan,show,"Action & Adventure, Crime, Drama, Bollywood",2023.0,7.5,5k,Amazon Prime Video,Indian,India,46.0,A,https://www.justwatch.com/in/tv-show/bambai-meri-jaan,"['Action & Adventure', 'Crime', 'Drama', 'Bollywood']",Hindi,False,1,True
Young Sherlock,show,"Drama, Mystery & Thriller, Action Adventure",2026.0,7.5,30k,Amazon Prime Video,International,"United Kingdom, United States",,,https://www.justwatch.com/in/tv-show/young-sherlock,"['Drama', 'Mystery & Thriller', 'Action Adventure']",English (assumed),True,1,True
Dandadan,show,"Action & Adventure, Animation, Comedy, Fantasy, Mystery & Thriller, Romance, Science-Fiction, Classic Japanese Anime",2024.0,8.3,55k,Amazon Prime Video,International,Japan,24.0,UA16+,https://www.justwatch.com/in/tv-show/dan-da-dan,"['Action & Adventure', 'Animation', 'Comedy', 'Fantasy', 'Mystery & Thriller', 'Romance', 'Science-Fiction', 'Classic Japanese Anime']",English (assumed),True,2,False
Shaktimaan,show,"Animation, Fantasy, Kids & Family, Science-Fiction, Bollywood, Action Adventure",1997.0,8.1,5k,Amazon Prime Video,Indian,India,42.0,U,https://www.justwatch.com/in/tv-show/shaktimaan-a-powerful-man,"['Animation', 'Fantasy', 'Kids & Family', 'Science-Fiction', 'Bollywood', 'Action Adventure']",Hindi,False,1,True
Made in Heaven,show,"Drama, Romance, Romantic Drama",2019.0,8.2,15k,Amazon Prime Video,Indian,India,58.0,UA16+,https://www.justwatch.com/in/tv-show/made-in-heaven-2019,"['Drama', 'Romance', 'Romantic Drama']",Regional Indian (unspecified),False,1,True
Aillaendeu,show,"Drama, Fantasy, Horror, Mystery & Thriller, Science-Fiction, Action Adventure",2022.0,7.0,4k,Amazon Prime Video,International,South Korea,51.0,A,https://www.justwatch.com/in/tv-show/island,"['Drama', 'Fantasy', 'Horror', 'Mystery & Thriller', 'Science-Fiction', 'Action Adventure']",English (assumed),False,1,True
Chainsaw Man,show,"Action & Adventure, Animation, Comedy, Fantasy, Science-Fiction, Classic Japanese Anime",2022.0,8.3,105k,Amazon Prime Video,International,Japan,24.0,A,https://www.justwatch.com/in/tv-show/chainsaw-man,"['Action & Adventure', 'Animation', 'Comedy', 'Fantasy', 'Science-Fiction', 'Classic Japanese Anime']",English (assumed),False,2,False
The Guest,show,"Crime, Drama, Horror, Mystery Thriller",2018.0,8.0,2k,Amazon Prime Video,International,South Korea,66.0,UA16+,https://www.justwatch.com/in/tv-show/the-guest,"['Crime', 'Drama', 'Horror', 'Mystery Thriller']",English (assumed),False,1,True
The Originals,show,"Drama, Fantasy, Horror, Mystery & Thriller, Science-Fiction, Modern Fantasy",2013.0,8.2,161k,Amazon Prime Video,International,United States,43.0,U,https://www.justwatch.com/in/tv-show/the-originals,"['Drama', 'Fantasy', 'Horror', 'Mystery & Thriller', 'Science-Fiction', 'Modern Fantasy']",English (assumed),False,1,True
Fleabag,show,"Comedy, Drama, Made in Europe, Raunchy Comedy, Dramedy",2016.0,8.7,248k,Amazon Prime Video,International,United Kingdom,25.0,A,https://www.justwatch.com/in/tv-show/fleabag,"['Comedy', 'Drama', 'Made in Europe', 'Raunchy Comedy', 'Dramedy']",English (assumed),False,1,True
Unexpectedly Naughty Fukami,show,"Animation, Comedy, Drama, Romance, Classic Japanese Anime",2025.0,,,Amazon Prime Video,International,Japan,,,https://www.justwatch.com/in/tv-show/unexpectedly-naughty-fukami,"['Animation', 'Comedy', 'Drama', 'Romance', 'Classic Japanese Anime']",English (assumed),True,1,True
Hunter x Hunter,show,"Action & Adventure, Animation, Comedy, Fantasy, Science-Fiction, Classic Japanese Anime",2011.0,9.0,197k,Amazon Prime Video,International,Japan,23.0,UA16+,https://www.justwatch.com/in/tv-show/hunter-x-hunter,"['Action & Adventure', 'Animation', 'Comedy', 'Fantasy', 'Science-Fiction', 'Classic Japanese Anime']",English (assumed),False,2,False
Marika's Love Meter Malfunction,show,"Animation, Comedy, Romance",2026.0,,,Amazon Prime Video,International,Japan,,,https://www.justwatch.com/in/tv-show/marikas-love-meter-malfunction,"['Animation', 'Comedy', 'Romance']",English (assumed),True,1,True
Boys Over Flowers,show,"Comedy, Drama, Romance",2009.0,7.7,17k,Amazon Prime Video,International,South Korea,64.0,UA13+,https://www.justwatch.com/in/tv-show/boys-over-flowers,"['Comedy', 'Drama', 'Romance']",English (assumed),False,1,True
Jee Karda,show,"Comedy, Drama, Romance, Romantic Drama",2023.0,6.5,8k,Amazon Prime Video,Indian,India,33.0,A,https://www.justwatch.com/in/tv-show/jee-karda,"['Comedy', 'Drama', 'Romance', 'Romantic Drama']",Regional Indian (unspecified),False,1,True
Saga of Tanya the Evil,show,"Action & Adventure, Animation, Drama, Fantasy, Science-Fiction, War & Military, Classic Japanese Anime",2017.0,7.6,5k,Amazon Prime Video,International,Japan,24.0,UA16+,https://www.justwatch.com/in/tv-show/saga-of-tanya-the-evil,"['Action & Adventure', 'Animation', 'Drama', 'Fantasy', 'Science-Fiction', 'War & Military', 'Classic Japanese Anime']",English (assumed),False,2,False
Batman: The Animated Series,show,"Action & Adventure, Animation, Crime, Kids & Family, Science-Fiction, Superhero",1992.0,9.0,137k,Amazon Prime Video,International,United States,22.0,UA7+,https://www.justwatch.com/in/tv-show/batman-the-animated-series,"['Action & Adventure', 'Animation', 'Crime', 'Kids & Family', 'Science-Fiction', 'Superhero']",English (assumed),False,1,True
The Exiled Heavy Knight Knows How to Game the System,show,"Action & Adventure, Animation, Fantasy, Science-Fiction, Epic Fantasy, Classic Japanese Anime",2026.0,,,Amazon Prime Video,International,Japan,,,https://www.justwatch.com/in/tv-show/the-exiled-heavy-knight-knows-how-to-game-the-system,"['Action & Adventure', 'Animation', 'Fantasy', 'Science-Fiction', 'Epic Fantasy', 'Classic Japanese Anime']",English (assumed),True,1,True
Boston Blue,show,"Crime, Drama, Detective Crime",2025.0,6.3,4k,Amazon Prime Video,International,United States,,,https://www.justwatch.com/in/tv-show/boston-blue,"['Crime', 'Drama', 'Detective Crime']",English (assumed),True,1,True
The Game of Keys,show,"Comedy, Drama, Romance, Romantic Drama",2019.0,6.4,2k,Amazon Prime Video,International,Mexico,29.0,A,https://www.justwatch.com/in/tv-show/el-juego-de-las-llaves,"['Comedy', 'Drama', 'Romance', 'Romantic Drama']",English (assumed),False,1,True
The Walking Dead: Dead City,show,"Action & Adventure, Drama, Horror, Mystery & Thriller, Science-Fiction",2023.0,7.0,34k,Amazon Prime Video,International,United States,,,https://www.justwatch.com/in/tv-show/the-walking-dead-dead-city,"['Action & Adventure', 'Drama', 'Horror', 'Mystery & Thriller', 'Science-Fiction']",English (assumed),False,1,True
Secret Mission - Undercover Agents Never Back Down!,show,"Animation, Classic Japanese Anime",2023.0,,,Amazon Prime Video,International,Japan,,,https://www.justwatch.com/in/tv-show/secret-mission-undercover-agents-never-back-down,"['Animation', 'Classic Japanese Anime']",English (assumed),False,1,True
Gossip Girl,show,"Drama, Romance, Emotional Drama, Young Adult Drama",2007.0,7.5,198k,Amazon Prime Video,International,United States,42.0,U,https://www.justwatch.com/in/tv-show/gossip-girl,"['Drama', 'Romance', 'Emotional Drama', 'Young Adult Drama']",English (assumed),False,3,False
The Terminal List,show,"Action & Adventure, Drama, Mystery & Thriller, Action Thriller",2022.0,7.9,128k,Amazon Prime Video,International,United States,58.0,A,https://www.justwatch.com/in/tv-show/the-terminal-list,"['Action & Adventure', 'Drama', 'Mystery & Thriller', 'Action Thriller']",English (assumed),False,1,True
Vinland Saga,show,"Action & Adventure, Animation, Drama, History, War & Military, Classic Japanese Anime",2019.0,8.9,142k,Amazon Prime Video,International,Japan,25.0,A,https://www.justwatch.com/in/tv-show/vinland-saga,"['Action & Adventure', 'Animation', 'Drama', 'History', 'War & Military', 'Classic Japanese Anime']",English (assumed),False,2,False
The Traitors,show,Reality TV,2025.0,,,Amazon Prime Video,Indian,India,62.0,A,https://www.justwatch.com/in/tv-show/the-traitors-2024,['Reality TV'],Regional Indian (unspecified),True,1,True
Matlock,show,"Crime, Drama, Courtroom",2024.0,7.5,16k,Amazon Prime Video,International,United States,,,https://www.justwatch.com/in/tv-show/matlock,"['Crime', 'Drama', 'Courtroom']",English (assumed),True,1,True
Crushology 101,show,"Comedy, Drama, Romance, RomCom",2025.0,,,Amazon Prime Video,International,South Korea,,,https://www.justwatch.com/in/tv-show/crushology-101,"['Comedy', 'Drama', 'Romance', 'RomCom']",English (assumed),True,1,True
Secret Level,show,"Action & Adventure, Animation, Fantasy, Science-Fiction, Epic Fantasy",2024.0,7.3,31k,Amazon Prime Video,International,United States,,,https://www.justwatch.com/in/tv-show/secret-level,"['Action & Adventure', 'Animation', 'Fantasy', 'Science-Fiction', 'Epic Fantasy']",English (assumed),True,1,True
Eve,show,"Comedy, Drama, Romance",2022.0,7.3,2k,Amazon Prime Video,International,South Korea,63.0,A,https://www.justwatch.com/in/tv-show/eve,"['Comedy', 'Drama', 'Romance']",English (assumed),False,1,True
Legacies,show,"Drama, Fantasy, Horror, Science-Fiction, Young Adult Drama",2018.0,7.2,42k,Amazon Prime Video,International,United States,41.0,U,https://www.justwatch.com/in/tv-show/legacies,"['Drama', 'Fantasy', 'Horror', 'Science-Fiction', 'Young Adult Drama']",English (assumed),False,1,True
Dexter: Resurrection,show,"Crime, Drama, Mystery & Thriller, Dark Crime",2025.0,9.0,147k,Amazon Prime Video,International,United States,52.0,A,https://www.justwatch.com/in/tv-show/dexter-resurrection,"['Crime', 'Drama', 'Mystery & Thriller', 'Dark Crime']",English (assumed),True,1,True
The Big C,show,"Comedy, Drama, Dramedy, Sitcoms",2010.0,8.1,20k,Amazon Prime Video,International,United States,32.0,UA16+,https://www.justwatch.com/in/tv-show/the-big-c,"['Comedy', 'Drama', 'Dramedy', 'Sitcoms']",English (assumed),False,1,True
Bleach: Sennen Kessen-hen,show,"Action & Adventure, Animation, Fantasy, Mystery & Thriller, War & Military, Classic Japanese Anime",2022.0,9.0,77k,Amazon Prime Video,International,Japan,25.0,UA16+,https://www.justwatch.com/in/tv-show/bleach-thousand-year-blood-war,"['Action & Adventure', 'Animation', 'Fantasy', 'Mystery & Thriller', 'War & Military', 'Classic Japanese Anime']",English (assumed),False,3,False
The Pradeeps of Pittsburgh,show,"Comedy, Drama, Dramedy",2024.0,6.1,1k,Amazon Prime Video,International,"Canada, United States",,,https://www.justwatch.com/in/tv-show/the-pradeeps-of-pittsburgh,"['Comedy', 'Drama', 'Dramedy']",English (assumed),True,1,True
Late Bloomer,show,"Comedy, Drama, Dramedy",2024.0,7.9,1k,Amazon Prime Video,International,Canada,,,https://www.justwatch.com/in/tv-show/late-bloomer,"['Comedy', 'Drama', 'Dramedy']",English (assumed),True,1,True
Spring Fever,show,"Comedy, Drama, Romance, RomCom",2026.0,7.3,2k,Amazon Prime Video,International,South Korea,62.0,UA16+,https://www.justwatch.com/in/tv-show/spring-fever,"['Comedy', 'Drama', 'Romance', 'RomCom']",English (assumed),True,1,True
Bloody Flower,show,"Crime, Drama, Mystery Thriller",2026.0,,,Amazon Prime Video,International,South Korea,,,https://www.justwatch.com/in/tv-show/bloody-flower,"['Crime', 'Drama', 'Mystery Thriller']",English (assumed),True,1,True
War of the Worlds,show,"Drama, Science-Fiction, Sci-Fi Military, Sci-Fi Drama",2019.0,6.5,20k,Amazon Prime Video,International,France,,,https://www.justwatch.com/in/tv-show/war-of-the-worlds,"['Drama', 'Science-Fiction', 'Sci-Fi Military', 'Sci-Fi Drama']",English (assumed),False,1,True
Tom Clancy's Jack Ryan,show,"Action & Adventure, Crime, Drama, Mystery & Thriller, Spies, Action Thriller",2018.0,8.0,194k,Amazon Prime Video,International,United States,51.0,UA16+,https://www.justwatch.com/in/tv-show/tom-clancys-jack-ryan,"['Action & Adventure', 'Crime', 'Drama', 'Mystery & Thriller', 'Spies', 'Action Thriller']",English (assumed),False,1,True
Citadel: Honey Bunny,show,"Action & Adventure, Drama, Mystery & Thriller, Science-Fiction, Spies, Bollywood",2024.0,6.2,9k,Amazon Prime Video,Indian,India,50.0,UA16+,https://www.justwatch.com/in/tv-show/citadel-honey-bunny,"['Action & Adventure', 'Drama', 'Mystery & Thriller', 'Science-Fiction', 'Spies', 'Bollywood']",Hindi,True,1,True
Oggy and the Cockroaches,show,"Action & Adventure, Animation, Comedy, Kids & Family, Science-Fiction, Made in Europe",1999.0,7.5,6k,Amazon Prime Video,International,France,9.0,U,https://www.justwatch.com/in/tv-show/oggy-and-the-cockroaches,"['Action & Adventure', 'Animation', 'Comedy', 'Kids & Family', 'Science-Fiction', 'Made in Europe']",English (assumed),False,1,True
Those About to Die,show,"Action & Adventure, Drama, History, Dramedy",2024.0,6.7,22k,Amazon Prime Video,International,"Germany, Italy, United States",,,https://www.justwatch.com/in/tv-show/those-about-to-die,"['Action & Adventure', 'Drama', 'History', 'Dramedy']",English (assumed),True,1,True
One Tree Hill,show,"Drama, Romance, Sport, Young Adult Drama",2003.0,7.8,94k,Amazon Prime Video,International,United States,48.0,U,https://www.justwatch.com/in/tv-show/one-tree-hill,"['Drama', 'Romance', 'Sport', 'Young Adult Drama']",English (assumed),False,1,True
Cruel Summer,show,"Drama, Mystery Thriller",2021.0,7.4,22k,Amazon Prime Video,International,United States,,,https://www.justwatch.com/in/tv-show/cruel-summer,"['Drama', 'Mystery Thriller']",English (assumed),False,1,True
FLAMES,show,"Comedy, Drama, Romance, Made in Europe, Bollywood",2018.0,8.8,34k,Amazon Prime Video,Indian,India,,,https://www.justwatch.com/in/tv-show/flames,"['Comedy', 'Drama', 'Romance', 'Made in Europe', 'Bollywood']",Hindi,False,1,True
Scooby-Doo! Mystery Incorporated,show,"Animation, Comedy, Crime, Fantasy, Horror, Kids & Family, Mystery & Thriller, Science-Fiction, Family Animation",2010.0,8.2,22k,Amazon Prime Video,International,United States,23.0,UA7+,https://www.justwatch.com/in/tv-show/scooby-doo-mystery-incorporated,"['Animation', 'Comedy', 'Crime', 'Fantasy', 'Horror', 'Kids & Family', 'Mystery & Thriller', 'Science-Fiction', 'Family Animation']",English (assumed),False,1,True
Wind Breaker,show,"Action & Adventure, Animation, Comedy, Drama, Classic Japanese Anime",2024.0,7.4,9k,Amazon Prime Video,International,Japan,23.0,UA16+,https://www.justwatch.com/in/tv-show/wind-breaker,"['Action & Adventure', 'Animation', 'Comedy', 'Drama', 'Classic Japanese Anime']",English (assumed),True,2,False
Dupahiya,show,"Comedy, Drama, Dramedy",2025.0,7.4,6k,Amazon Prime Video,Indian,India,,,https://www.justwatch.com/in/tv-show/dupahiya,"['Comedy', 'Drama', 'Dramedy']",Regional Indian (unspecified),True,1,True
Father Brown,show,"Crime, Drama, Mystery & Thriller, Detective Crime",2013.0,7.8,17k,Amazon Prime Video,International,United Kingdom,,,https://www.justwatch.com/in/tv-show/father-brown,"['Crime', 'Drama', 'Mystery & Thriller', 'Detective Crime']",English (assumed),False,1,True
We Were Liars,show,"Drama, Mystery & Thriller, Romance, Psychological Drama",2025.0,6.8,18k,Amazon Prime Video,International,United States,56.0,A,https://www.justwatch.com/in/tv-show/we-were-liars,"['Drama', 'Mystery & Thriller', 'Romance', 'Psychological Drama']",English (assumed),True,1,True
NIPPON SANGOKU: The Three Nations of the Crimson Sun,show,"Animation, Drama, War & Military",2026.0,8.4,1k,Amazon Prime Video,International,"Japan, United States",,,https://www.justwatch.com/in/tv-show/nippon-sangoku,"['Animation', 'Drama', 'War & Military']",English (assumed),True,1,True
NCIS,show,"Action & Adventure, Crime, Drama, Mystery & Thriller, Detective Crime",2003.0,7.8,177k,Amazon Prime Video,International,United States,43.0,U,https://www.justwatch.com/in/tv-show/ncis,"['Action & Adventure', 'Crime', 'Drama', 'Mystery & Thriller', 'Detective Crime']",English (assumed),False,1,True
ImMATURE,show,"Comedy, Drama, Romance, Dramedy",2019.0,8.5,11k,Amazon Prime Video,Indian,India,27.0,UA16+,https://www.justwatch.com/in/tv-show/im-mature,"['Comedy', 'Drama', 'Romance', 'Dramedy']",Regional Indian (unspecified),False,1,True
Blue Bloods,show,"Crime, Drama, Mystery & Thriller, Detective Crime",2010.0,7.7,54k,Amazon Prime Video,International,United States,42.0,U,https://www.justwatch.com/in/tv-show/blue-bloods,"['Crime', 'Drama', 'Mystery & Thriller', 'Detective Crime']",English (assumed),False,1,True
Gilmore Girls,show,"Comedy, Drama, Young Adult Drama, Dramedy",2000.0,8.2,174k,Amazon Prime Video,International,United States,44.0,U,https://www.justwatch.com/in/tv-show/gilmore-girls,"['Comedy', 'Drama', 'Young Adult Drama', 'Dramedy']",English (assumed),False,1,True
Breathe,show,"Crime, Drama, Mystery & Thriller, Bollywood",2018.0,8.2,23k,Amazon Prime Video,Indian,India,38.0,UA16+,https://www.justwatch.com/in/tv-show/breathe,"['Crime', 'Drama', 'Mystery & Thriller', 'Bollywood']",Hindi,False,1,True
Fullmetal Alchemist,show,"Action & Adventure, Animation, Comedy, Drama, Fantasy, Science-Fiction, Classic Japanese Anime",2003.0,8.5,86k,Amazon Prime Video,International,Japan,24.0,UA16+,https://www.justwatch.com/in/tv-show/fullmetal-alchemist,"['Action & Adventure', 'Animation', 'Comedy', 'Drama', 'Fantasy', 'Science-Fiction', 'Classic Japanese Anime']",English (assumed),False,2,False
Lukkhe,show,"Action & Adventure, Drama, Music & Musical, Emotional Drama",2026.0,,,Amazon Prime Video,Indian,India,,,https://www.justwatch.com/in/tv-show/lukkhe,"['Action & Adventure', 'Drama', 'Music & Musical', 'Emotional Drama']",Regional Indian (unspecified),True,1,True
Power Rangers,show,"Action & Adventure, Kids & Family, Science-Fiction, Live Action",1993.0,6.6,26k,Amazon Prime Video,International,United States,22.0,UA7+,https://www.justwatch.com/in/tv-show/power-rangers,"['Action & Adventure', 'Kids & Family', 'Science-Fiction', 'Live Action']",English (assumed),False,1,True
Love Is Never Gone,show,"Action & Adventure, Drama, Mystery & Thriller, Romance, Romantic Thriller",2026.0,,,Amazon Prime Video,International,Philippines,,,https://www.justwatch.com/in/tv-show/love-is-never-gone,"['Action & Adventure', 'Drama', 'Mystery & Thriller', 'Romance', 'Romantic Thriller']",English (assumed),True,1,True
Dark City: The Cleaner,show,"Crime, Drama, Mystery & Thriller, Dark Crime",2024.0,6.9,1k,Amazon Prime Video,International,New Zealand,,,https://www.justwatch.com/in/tv-show/dark-city-the-cleaner,"['Crime', 'Drama', 'Mystery & Thriller', 'Dark Crime']",English (assumed),True,1,True
Steal,show,"Action & Adventure, Crime, Drama, Heist, Mystery Thriller",2026.0,7.0,18k,Amazon Prime Video,International,United Kingdom,,,https://www.justwatch.com/in/tv-show/steal,"['Action & Adventure', 'Crime', 'Drama', 'Heist', 'Mystery Thriller']",English (assumed),True,1,True
The House of the Spirits,show,"Drama, Horror, Emotional Drama",2026.0,7.7,1k,Amazon Prime Video,International,United States,,,https://www.justwatch.com/in/tv-show/the-house-of-the-spirits,"['Drama', 'Horror', 'Emotional Drama']",English (assumed),True,1,True
Four Years Later,show,"Drama, Romantic Drama",2024.0,,,Amazon Prime Video,International,Australia,27.0,A,https://www.justwatch.com/in/tv-show/four-years-later,"['Drama', 'Romantic Drama']",English (assumed),True,1,True
The Marvelous Mrs. Maisel,show,"Comedy, Drama, Dramedy",2017.0,8.6,158k,Amazon Prime Video,International,United States,55.0,UA16+,https://www.justwatch.com/in/tv-show/the-marvelous-mrs-maisel,"['Comedy', 'Drama', 'Dramedy']",English (assumed),False,1,True
Skins,show,"Comedy, Drama, Made in Europe, Young Adult Drama",2007.0,8.2,100k,Amazon Prime Video,International,United Kingdom,46.0,UA,https://www.justwatch.com/in/tv-show/skins,"['Comedy', 'Drama', 'Made in Europe', 'Young Adult Drama']",English (assumed),False,1,True
The White Princess,show,"Drama, History, Romance, War & Military, Made in Europe, Period Drama",2017.0,7.5,18k,Amazon Prime Video,International,United States,,,https://www.justwatch.com/in/tv-show/the-white-princess,"['Drama', 'History', 'Romance', 'War & Military', 'Made in Europe', 'Period Drama']",English (assumed),False,1,True
Nae Nampyeongwa Gyeolhonhaejweo,show,"Comedy, Drama, Fantasy, Romance, Science-Fiction, Modern Fantasy, Dramedy",2024.0,7.8,12k,Amazon Prime Video,International,South Korea,,,https://www.justwatch.com/in/tv-show/marry-my-husband,"['Comedy', 'Drama', 'Fantasy', 'Romance', 'Science-Fiction', 'Modern Fantasy', 'Dramedy']",English (assumed),True,1,True
Highway Love,show,"Comedy, Romance, Bollywood, Romantic Drama",2023.0,7.3,2k,Amazon Prime Video,Indian,India,33.0,UA16+,https://www.justwatch.com/in/tv-show/highway-love,"['Comedy', 'Romance', 'Bollywood', 'Romantic Drama']",Hindi,False,1,True
Sword Art Online,show,"Action & Adventure, Animation, Drama, Fantasy, Mystery & Thriller, Romance, Science-Fiction, Classic Japanese Anime",2012.0,7.5,54k,Amazon Prime Video,International,Japan,23.0,A,https://www.justwatch.com/in/tv-show/sword-art-online-ii,"['Action & Adventure', 'Animation', 'Drama', 'Fantasy', 'Mystery & Thriller', 'Romance', 'Science-Fiction', 'Classic Japanese Anime']",English (assumed),False,4,False
Yandere Dark Elf: She Chased Me All the Way from Another World!,show,"Animation, Comedy, Fantasy, Romance, Science-Fiction, Classic Japanese Anime",2025.0,,,Amazon Prime Video,International,Japan,12.0,A,https://www.justwatch.com/in/tv-show/yandere-dark-elf-she-chased-me-all-the-way-from-another-world,"['Animation', 'Comedy', 'Fantasy', 'Romance', 'Science-Fiction', 'Classic Japanese Anime']",English (assumed),True,1,True
The Outer Limits,show,"Drama, Fantasy, Horror, Mystery & Thriller, Science-Fiction, Sci-Fi Drama, SciFi Horror",1995.0,7.7,14k,Amazon Prime Video,International,United States,,,https://www.justwatch.com/in/tv-show/the-outer-limits,"['Drama', 'Fantasy', 'Horror', 'Mystery & Thriller', 'Science-Fiction', 'Sci-Fi Drama', 'SciFi Horror']",English (assumed),False,1,True
Patriot,show,"Comedy, Drama, Mystery & Thriller, Spies",2015.0,8.2,21k,Amazon Prime Video,International,United States,46.0,U,https://www.justwatch.com/in/tv-show/patriot,"['Comedy', 'Drama', 'Mystery & Thriller', 'Spies']",English (assumed),False,1,True
Mumbai Diaries,show,"Action & Adventure, Drama, Mystery Thriller",2021.0,8.4,31k,Amazon Prime Video,Indian,India,46.0,A,https://www.justwatch.com/in/tv-show/mumbai-diaries-26-11,"['Action & Adventure', 'Drama', 'Mystery Thriller']",Regional Indian (unspecified),False,1,True
Madam Secretary,show,"Drama, Mystery & Thriller, War & Military, Emotional Drama",2014.0,7.8,29k,Amazon Prime Video,International,United States,43.0,U,https://www.justwatch.com/in/tv-show/madam-secretary,"['Drama', 'Mystery & Thriller', 'War & Military', 'Emotional Drama']",English (assumed),False,1,True
Vadhandhi,show,"Crime, Drama, Mystery & Thriller, Bollywood",2022.0,7.9,6k,Amazon Prime Video,Indian,India,49.0,UA16+,https://www.justwatch.com/in/tv-show/vadhandhi,"['Crime', 'Drama', 'Mystery & Thriller', 'Bollywood']",Hindi,False,1,True
House of David,show,"Action & Adventure, Drama, History, War & Military, Religious Drama",2025.0,7.5,14k,Amazon Prime Video,International,United States,,,https://www.justwatch.com/in/tv-show/house-of-david,"['Action & Adventure', 'Drama', 'History', 'War & Military', 'Religious Drama']",English (assumed),True,1,True
Siren's Kiss,show,"Crime, Drama, Romance, Mystery Thriller",2026.0,6.7,1k,Amazon Prime Video,International,South Korea,,,https://www.justwatch.com/in/tv-show/seiren,"['Crime', 'Drama', 'Romance', 'Mystery Thriller']",English (assumed),True,1,True
LOL: Hasse Toh Phasse,show,"Comedy, Reality TV",2021.0,3.8,1k,Amazon Prime Video,Indian,India,26.0,A,https://www.justwatch.com/in/tv-show/lol-hasse-toh-phasse,"['Comedy', 'Reality TV']",Regional Indian (unspecified),False,1,True
Cruel Intentions,show,"Drama, Emotional Drama",2024.0,5.6,5k,Amazon Prime Video,International,United States,,,https://www.justwatch.com/in/tv-show/cruel-intentions,"['Drama', 'Emotional Drama']",English (assumed),True,1,True
Tomorrow with You,show,"Drama, Fantasy, Romance, Romantic Drama",2017.0,7.4,1k,Amazon Prime Video,International,South Korea,65.0,UA13+,https://www.justwatch.com/in/tv-show/tomorrow-with-you,"['Drama', 'Fantasy', 'Romance', 'Romantic Drama']",English (assumed),False,1,True
My Lady Jane,show,"Comedy, Drama, History, Science-Fiction, Action Adventure",2024.0,7.4,23k,Amazon Prime Video,International,United States,,,https://www.justwatch.com/in/tv-show/my-lady-jane,"['Comedy', 'Drama', 'History', 'Science-Fiction', 'Action Adventure']",English (assumed),True,1,True
The O.C.,show,"Comedy, Drama, Romance, Young Adult Drama, Dramedy",2003.0,7.6,104k,Amazon Prime Video,International,United States,43.0,U,https://www.justwatch.com/in/tv-show/the-o-c,"['Comedy', 'Drama', 'Romance', 'Young Adult Drama', 'Dramedy']",English (assumed),False,1,True
"My Classmate's a Sexy Actress, and Now We Live Together?!",show,,2026.0,,,Amazon Prime Video,International,Japan,,,https://www.justwatch.com/in/tv-show/my-classmates-a-sexy-actress-and-now-we-live-together,[],English (assumed),True,1,True
Descendants of the Sun,show,"Action & Adventure, Comedy, Drama, Romance",2016.0,8.2,29k,Amazon Prime Video,International,South Korea,58.0,UA16+,https://www.justwatch.com/in/tv-show/descendants-of-the-sun,"['Action & Adventure', 'Comedy', 'Drama', 'Romance']",English (assumed),False,1,True
"Jack-of-All-Trades, Party of None",show,"Action & Adventure, Animation, Fantasy, Science-Fiction, Classic Japanese Anime",2026.0,6.7,1k,Amazon Prime Video,International,Japan,,,https://www.justwatch.com/in/tv-show/jack-of-all-trades-party-of-none,"['Action & Adventure', 'Animation', 'Fantasy', 'Science-Fiction', 'Classic Japanese Anime']",English (assumed),True,2,False
Neon Genesis Evangelion,show,"Action & Adventure, Animation, Drama, Science-Fiction, Classic Japanese Anime",1995.0,8.5,111k,Amazon Prime Video,International,Japan,24.0,U,https://www.justwatch.com/in/tv-show/neon-genesis-evangelion,"['Action & Adventure', 'Animation', 'Drama', 'Science-Fiction', 'Classic Japanese Anime']",English (assumed),False,1,True
Balti,movie,"Action & Adventure, Comedy, Drama, Romance, Sport",2025.0,6.4,1k,SonyLIV,Indian,India,151.0,UA16+,https://www.justwatch.com/in/movie/balti,"['Action & Adventure', 'Comedy', 'Drama', 'Romance', 'Sport']",Regional Indian (unspecified),True,1,True
Spider-Man: No Way Home,movie,"Action & Adventure, Fantasy, Science-Fiction, Superhero",2021.0,,,SonyLIV,International,United States,148.0,UA,https://www.justwatch.com/in/movie/spider-man-no-way-home,"['Action & Adventure', 'Fantasy', 'Science-Fiction', 'Superhero']",English (assumed),False,3,False
Athiradi,movie,"Action & Adventure, Comedy, Drama, Bollywood",2026.0,7.1,1k,SonyLIV,Indian,India,156.0,UA13+,https://www.justwatch.com/in/movie/athiradi,"['Action & Adventure', 'Comedy', 'Drama', 'Bollywood']",Hindi,True,1,True
Evil Dead,movie,"Horror, Mystery & Thriller, Splatter, Paranormal",2013.0,6.5,213k,SonyLIV,International,United States,91.0,A,https://www.justwatch.com/in/movie/evil-dead,"['Horror', 'Mystery & Thriller', 'Splatter', 'Paranormal']",English (assumed),False,1,True
Spider-Man,movie,"Action & Adventure, Science-Fiction, Superhero",2002.0,7.4,971k,SonyLIV,International,United States,121.0,U,https://www.justwatch.com/in/movie/spider-man,"['Action & Adventure', 'Science-Fiction', 'Superhero']",English (assumed),False,2,False
Pani,movie,"Action & Adventure, Crime, Drama, Mystery & Thriller, Bollywood",2024.0,6.9,4k,SonyLIV,Indian,India,143.0,UA,https://www.justwatch.com/in/movie/pani,"['Action & Adventure', 'Crime', 'Drama', 'Mystery & Thriller', 'Bollywood']",Hindi,True,1,True
Por Thozhil,movie,"Action & Adventure, Crime, Mystery & Thriller, Bollywood, Action Thriller",2023.0,8.0,13k,SonyLIV,Indian,India,147.0,UA,https://www.justwatch.com/in/movie/por-thozhil,"['Action & Adventure', 'Crime', 'Mystery & Thriller', 'Bollywood', 'Action Thriller']",Hindi,False,1,True
Alpha,movie,"Drama, Action Adventure",2018.0,6.6,71k,SonyLIV,International,"Canada, China, United States",97.0,UA,https://www.justwatch.com/in/movie/alpha,"['Drama', 'Action Adventure']",English (assumed),False,2,False
Spider-Man 3,movie,"Action & Adventure, Science-Fiction, Made in Europe, Superhero",2007.0,6.3,702k,SonyLIV,International,United States,139.0,UA,https://www.justwatch.com/in/movie/spider-man-3,"['Action & Adventure', 'Science-Fiction', 'Made in Europe', 'Superhero']",English (assumed),False,2,False
Karakkam,movie,"Comedy, Horror",2026.0,,,SonyLIV,Indian,India,104.0,UA13+,https://www.justwatch.com/in/movie/karakkam,"['Comedy', 'Horror']",Regional Indian (unspecified),True,1,True
Once Upon a Time... in Hollywood,movie,"Comedy, Drama, Mystery & Thriller, Dramedy",2019.0,7.6,966k,SonyLIV,International,"China, United Kingdom, United States",162.0,A,https://www.justwatch.com/in/movie/once-upon-a-time-in-hollywood,"['Comedy', 'Drama', 'Mystery & Thriller', 'Dramedy']",English (assumed),False,2,False
The Amazing Spider-Man,movie,"Action & Adventure, Science-Fiction, Superhero",2012.0,6.9,768k,SonyLIV,International,United States,137.0,UA,https://www.justwatch.com/in/movie/the-amazing-spider-man,"['Action & Adventure', 'Science-Fiction', 'Superhero']",English (assumed),False,4,False
Bāhubali: The Beginning,movie,"Action & Adventure, Drama, Bollywood",2015.0,8.0,154k,SonyLIV,Indian,India,159.0,UA,https://www.justwatch.com/in/movie/baahubali-the-beginning,"['Action & Adventure', 'Drama', 'Bollywood']",Hindi,False,3,False
Bramayugam,movie,"Drama, Horror, Mystery & Thriller, Bollywood",2024.0,7.7,18k,SonyLIV,Indian,India,139.0,UA,https://www.justwatch.com/in/movie/bramayugam,"['Drama', 'Horror', 'Mystery & Thriller', 'Bollywood']",Hindi,True,1,True
Sisu,movie,"Action & Adventure, Mystery & Thriller, War & Military, War Epics",2023.0,6.9,123k,SonyLIV,International,"Finland, United Kingdom, United States",91.0,A,https://www.justwatch.com/in/movie/sisu-2023,"['Action & Adventure', 'Mystery & Thriller', 'War & Military', 'War Epics']",English (assumed),False,3,False
Spider-Man: Into the Spider-Verse,movie,"Action & Adventure, Animation, Fantasy, Kids & Family, Science-Fiction, Superhero, Western Animation",2018.0,8.4,795k,SonyLIV,International,United States,117.0,U,https://www.justwatch.com/in/movie/spider-man-into-the-spider-verse,"['Action & Adventure', 'Animation', 'Fantasy', 'Kids & Family', 'Science-Fiction', 'Superhero', 'Western Animation']",English (assumed),False,2,False
Spider-Man: Far From Home,movie,"Action & Adventure, Comedy, Fantasy, Science-Fiction, Superhero",2019.0,7.3,643k,SonyLIV,International,United States,130.0,UA,https://www.justwatch.com/in/movie/spider-man-far-from-home,"['Action & Adventure', 'Comedy', 'Fantasy', 'Science-Fiction', 'Superhero']",English (assumed),False,4,False
Jumanji: Welcome to the Jungle,movie,"Comedy, Fantasy, Action Adventure",2017.0,6.9,505k,SonyLIV,International,United States,119.0,UA,https://www.justwatch.com/in/movie/jumanji-welcome-to-the-jungle,"['Comedy', 'Fantasy', 'Action Adventure']",English (assumed),False,4,False
Moneyball,movie,"Drama, Sport, Biopics, Sports Drama",2011.0,7.6,511k,SonyLIV,International,United States,134.0,A,https://www.justwatch.com/in/movie/moneyball,"['Drama', 'Sport', 'Biopics', 'Sports Drama']",English (assumed),False,1,True
Bullet Train,movie,"Action & Adventure, Comedy, Mystery & Thriller, Action Thriller",2022.0,7.3,539k,SonyLIV,International,United States,126.0,A,https://www.justwatch.com/in/movie/bullet-train,"['Action & Adventure', 'Comedy', 'Mystery & Thriller', 'Action Thriller']",English (assumed),False,2,False
Blade Runner 2049,movie,"Action & Adventure, Drama, Mystery & Thriller, Science-Fiction, Post Apocalyptic World, Cyberpunk",2017.0,8.0,757k,SonyLIV,International,"Canada, United Kingdom, United States",164.0,A,https://www.justwatch.com/in/movie/blade-runner-2049,"['Action & Adventure', 'Drama', 'Mystery & Thriller', 'Science-Fiction', 'Post Apocalyptic World', 'Cyberpunk']",English (assumed),False,4,False
Sitaare Zameen Par,movie,"Comedy, Drama, Sport, Bollywood, Sports Drama",2025.0,6.9,33k,SonyLIV,Indian,India,155.0,UA13+,https://www.justwatch.com/in/movie/sitaare-zameen-par,"['Comedy', 'Drama', 'Sport', 'Bollywood', 'Sports Drama']",Hindi,True,1,True
Marco,movie,"Action & Adventure, Crime, Mystery & Thriller, Bollywood",2024.0,6.5,25k,SonyLIV,Indian,India,145.0,A,https://www.justwatch.com/in/movie/marco-2024,"['Action & Adventure', 'Crime', 'Mystery & Thriller', 'Bollywood']",Hindi,True,4,False
Jerry Maguire,movie,"Comedy, Drama, Romance, Sport, RomCom",1996.0,7.3,312k,SonyLIV,International,United States,138.0,U,https://www.justwatch.com/in/movie/jerry-maguire,"['Comedy', 'Drama', 'Romance', 'Sport', 'RomCom']",English (assumed),False,2,False
Your Name.,movie,"Animation, Drama, Fantasy, Romance, Classic Japanese Anime, Western Animation",2016.0,8.4,396k,SonyLIV,International,Japan,106.0,UA13+,https://www.justwatch.com/in/movie/your-name,"['Animation', 'Drama', 'Fantasy', 'Romance', 'Classic Japanese Anime', 'Western Animation']",English (assumed),False,1,True
The Amazing Spider-Man 2,movie,"Action & Adventure, Comedy, History, Science-Fiction, War & Military, Superhero",2014.0,6.6,593k,SonyLIV,International,United States,142.0,UA,https://www.justwatch.com/in/movie/the-amazing-spider-man-2,"['Action & Adventure', 'Comedy', 'History', 'Science-Fiction', 'War & Military', 'Superhero']",English (assumed),False,4,False
Madhuvidhu,movie,"Comedy, Drama, Kids & Family, Romance, Dramedy",2026.0,6.5,1k,SonyLIV,Indian,India,125.0,U,https://www.justwatch.com/in/movie/madhuvidhu-2026,"['Comedy', 'Drama', 'Kids & Family', 'Romance', 'Dramedy']",Regional Indian (unspecified),True,1,True
Bāhubali 2: The Conclusion,movie,,,,,SonyLIV,Unknown,,,,https://www.justwatch.com/in/movie/baahubali-2-the-conclusion,[],Unknown,False,3,False
Close Encounters of the Third Kind,movie,"Drama, Science-Fiction, Sci-Fi Drama",1977.0,7.6,235k,SonyLIV,International,"United Kingdom, United States",137.0,U,https://www.justwatch.com/in/movie/close-encounters-of-the-third-kind,"['Drama', 'Science-Fiction', 'Sci-Fi Drama']",English (assumed),False,1,True
Agent,movie,"Action & Adventure, Mystery & Thriller, Action Thriller",2023.0,4.0,1k,SonyLIV,Indian,India,155.0,UA,https://www.justwatch.com/in/movie/agent,"['Action & Adventure', 'Mystery & Thriller', 'Action Thriller']",Regional Indian (unspecified),False,1,True
Spider-Man 2,movie,"Action & Adventure, Science-Fiction, Superhero",2004.0,7.5,788k,SonyLIV,International,United States,127.0,U,https://www.justwatch.com/in/movie/spider-man-2,"['Action & Adventure', 'Science-Fiction', 'Superhero']",English (assumed),False,2,False
The Angry Birds Movie 2,movie,"Action & Adventure, Animation, Comedy, Kids & Family, Made in Europe, Video Game, Family Animation",2019.0,6.4,42k,SonyLIV,International,"Finland, United States",97.0,U,https://www.justwatch.com/in/movie/the-angry-birds-movie-2,"['Action & Adventure', 'Animation', 'Comedy', 'Kids & Family', 'Made in Europe', 'Video Game', 'Family Animation']",English (assumed),False,2,False
A Few Good Men,movie,"Drama, Mystery & Thriller, Courtroom",1992.0,7.8,318k,SonyLIV,International,United States,138.0,U,https://www.justwatch.com/in/movie/a-few-good-men,"['Drama', 'Mystery & Thriller', 'Courtroom']",English (assumed),False,1,True
Rekhachithram,movie,"Crime, Drama, Mystery Thriller",2025.0,7.8,17k,SonyLIV,Indian,India,147.0,UA13+,https://www.justwatch.com/in/movie/rekhachithram,"['Crime', 'Drama', 'Mystery Thriller']",Regional Indian (unspecified),True,1,True
Everything Everywhere All at Once,movie,"Comedy, Drama, Fantasy, Science-Fiction, Action Adventure, Action Comedy",2022.0,7.7,648k,SonyLIV,International,United States,139.0,A,https://www.justwatch.com/in/movie/everything-everywhere-all-at-once,"['Comedy', 'Drama', 'Fantasy', 'Science-Fiction', 'Action Adventure', 'Action Comedy']",English (assumed),False,1,True
Jujutsu Kaisen 0,movie,"Action & Adventure, Animation, Fantasy, Classic Japanese Anime",2021.0,7.8,64k,SonyLIV,International,Japan,105.0,UA,https://www.justwatch.com/in/movie/jujutsu-kaisen-0-the-movie,"['Action & Adventure', 'Animation', 'Fantasy', 'Classic Japanese Anime']",English (assumed),False,1,True
Kalamkaval,movie,"Crime, Drama, Bollywood",2025.0,7.2,3k,SonyLIV,Indian,India,144.0,UA16+,https://www.justwatch.com/in/movie/kalamkaval,"['Crime', 'Drama', 'Bollywood']",Hindi,True,1,True
Men in Black,movie,"Action & Adventure, Comedy, Science-Fiction, Sci-Fi Comedy",1997.0,7.3,666k,SonyLIV,International,United States,94.0,UA,https://www.justwatch.com/in/movie/men-in-black,"['Action & Adventure', 'Comedy', 'Science-Fiction', 'Sci-Fi Comedy']",English (assumed),False,1,True
Call Me by Your Name,movie,"Drama, Romance, Made in Europe",2017.0,7.8,328k,SonyLIV,International,"Brazil, France, Italy, United States",132.0,UA,https://www.justwatch.com/in/movie/call-me-by-your-name,"['Drama', 'Romance', 'Made in Europe']",English (assumed),False,1,True
A Silent Voice: The Movie,movie,"Animation, Drama, Romance, Western Animation",2016.0,8.2,144k,SonyLIV,International,Japan,130.0,UA16+,https://www.justwatch.com/in/movie/a-silent-voice,"['Animation', 'Drama', 'Romance', 'Western Animation']",English (assumed),False,1,True
Venom: Let There Be Carnage,movie,"Action & Adventure, Crime, Fantasy, Horror, Mystery & Thriller, Science-Fiction, No Superhero, Superhero",2021.0,5.9,305k,SonyLIV,International,United States,97.0,UA,https://www.justwatch.com/in/movie/venom-let-there-be-carnage,"['Action & Adventure', 'Crime', 'Fantasy', 'Horror', 'Mystery & Thriller', 'Science-Fiction', 'No Superhero', 'Superhero']",English (assumed),False,3,False
Venom,movie,"Action & Adventure, Science-Fiction, No Superhero, Superhero",2018.0,6.6,608k,SonyLIV,International,"China, United States",112.0,UA,https://www.justwatch.com/in/movie/venom-2018,"['Action & Adventure', 'Science-Fiction', 'No Superhero', 'Superhero']",English (assumed),False,3,False
The Karate Kid,movie,"Action & Adventure, Drama, Kids & Family, Sport, Martial Art",2010.0,6.3,227k,SonyLIV,International,"China, Hong Kong, United States",140.0,U,https://www.justwatch.com/in/movie/the-karate-kid,"['Action & Adventure', 'Drama', 'Kids & Family', 'Sport', 'Martial Art']",English (assumed),False,3,False
Laalo: Krishna Sada Sahaayate,movie,"Drama, Kids & Family, Bollywood",2025.0,8.1,2k,SonyLIV,Indian,India,135.0,UA13+,https://www.justwatch.com/in/movie/laalo-krishna-sada-sahaayate,"['Drama', 'Kids & Family', 'Bollywood']",Hindi,True,1,True
Uncharted,movie,"Mystery & Thriller, Video Game, Action Adventure",2022.0,6.3,301k,SonyLIV,International,United States,116.0,UA,https://www.justwatch.com/in/movie/uncharted,"['Mystery & Thriller', 'Video Game', 'Action Adventure']",English (assumed),False,3,False
The Other Guys,movie,"Action & Adventure, Comedy, Crime, Mystery & Thriller, Action Comedy",2010.0,6.7,310k,SonyLIV,International,United States,107.0,A,https://www.justwatch.com/in/movie/the-other-guys,"['Action & Adventure', 'Comedy', 'Crime', 'Mystery & Thriller', 'Action Comedy']",English (assumed),False,1,True
The Da Vinci Code,movie,,2006.0,6.7,487k,SonyLIV,International,United States,149.0,A,https://www.justwatch.com/in/movie/the-da-vinci-code,[],English (assumed),False,1,True
Bhoothakaalam,movie,"Drama, Horror, Bollywood, Mystery Thriller",2022.0,7.4,5k,SonyLIV,Indian,India,105.0,UA,https://www.justwatch.com/in/movie/bhoothakaalam,"['Drama', 'Horror', 'Bollywood', 'Mystery Thriller']",Hindi,False,1,True
The Blue Lagoon,movie,"Action & Adventure, Drama, Romance, Romantic Drama",1980.0,5.8,83k,SonyLIV,International,United States,104.0,A,https://www.justwatch.com/in/movie/the-blue-lagoon,"['Action & Adventure', 'Drama', 'Romance', 'Romantic Drama']",English (assumed),False,1,True
Kadaisi Vivasayi,movie,"Drama, Dramedy",2022.0,8.7,10k,SonyLIV,Indian,India,145.0,U,https://www.justwatch.com/in/movie/kadaisi-vivasayi-2022,"['Drama', 'Dramedy']",Regional Indian (unspecified),False,1,True
Captain Phillips,movie,"Action & Adventure, Crime, Drama, Mystery & Thriller, Based On A True Story",2013.0,7.8,520k,SonyLIV,International,United States,134.0,UA,https://www.justwatch.com/in/movie/captain-phillips,"['Action & Adventure', 'Crime', 'Drama', 'Mystery & Thriller', 'Based On A True Story']",English (assumed),False,1,True
Demon Slayer -Kimetsu no Yaiba- The Movie: Mugen Train,movie,"Action & Adventure, Animation, Fantasy, Mystery & Thriller, Classic Japanese Anime",2020.0,8.2,101k,SonyLIV,International,Japan,117.0,UA,https://www.justwatch.com/in/movie/demon-slayer-kimetsu-no-yaiba-the-movie-mugen-train,"['Action & Adventure', 'Animation', 'Fantasy', 'Mystery & Thriller', 'Classic Japanese Anime']",English (assumed),False,1,True
Bougainvillea,movie,"Action & Adventure, Crime, Mystery & Thriller, Action Thriller",2024.0,6.4,3k,SonyLIV,Indian,India,138.0,UA,https://www.justwatch.com/in/movie/bougainvillea,"['Action & Adventure', 'Crime', 'Mystery & Thriller', 'Action Thriller']",Regional Indian (unspecified),True,1,True
Madhuram,movie,"Drama, Romance, Romantic Drama",2021.0,7.6,3k,SonyLIV,Indian,India,122.0,UA13+,https://www.justwatch.com/in/movie/madhuram-2021,"['Drama', 'Romance', 'Romantic Drama']",Regional Indian (unspecified),False,1,True
Weathering with You,movie,"Animation, Drama, Fantasy, Romance, Western Animation",2019.0,7.5,70k,SonyLIV,International,Japan,111.0,UA13+,https://www.justwatch.com/in/movie/weathering-with-you,"['Animation', 'Drama', 'Fantasy', 'Romance', 'Western Animation']",English (assumed),False,1,True
The Patriot,movie,"Action & Adventure, Drama, History, War & Military, War Drama, War Epics",2000.0,7.2,313k,SonyLIV,International,"Germany, United States",165.0,U,https://www.justwatch.com/in/movie/the-patriot,"['Action & Adventure', 'Drama', 'History', 'War & Military', 'War Drama', 'War Epics']",English (assumed),False,1,True
Erin Brockovich,movie,"Drama, Biopics",2000.0,7.5,247k,SonyLIV,International,United States,131.0,A,https://www.justwatch.com/in/movie/erin-brockovich,"['Drama', 'Biopics']",English (assumed),False,1,True
Black Hawk Down,movie,"Action & Adventure, Drama, History, War & Military, War Epics",2001.0,7.7,455k,SonyLIV,International,"United Kingdom, United States",145.0,UA,https://www.justwatch.com/in/movie/black-hawk-down,"['Action & Adventure', 'Drama', 'History', 'War & Military', 'War Epics']",English (assumed),False,1,True
Salt,movie,"Action & Adventure, Mystery & Thriller, Spies, Action Thriller",2010.0,6.5,343k,SonyLIV,International,United States,100.0,UA,https://www.justwatch.com/in/movie/salt,"['Action & Adventure', 'Mystery & Thriller', 'Spies', 'Action Thriller']",English (assumed),False,1,True
Across the Universe,movie,"Drama, Fantasy, History, Music & Musical, Romance, Musical",2007.0,7.3,117k,SonyLIV,International,United States,,,https://www.justwatch.com/in/movie/across-the-universe,"['Drama', 'Fantasy', 'History', 'Music & Musical', 'Romance', 'Musical']",English (assumed),False,1,True
96,movie,"Drama, Romance, Romantic Drama",2018.0,8.5,45k,SonyLIV,Indian,India,159.0,U,https://www.justwatch.com/in/movie/96,"['Drama', 'Romance', 'Romantic Drama']",Regional Indian (unspecified),False,1,True
Angels & Demons,movie,,2009.0,6.7,326k,SonyLIV,International,"Italy, United States",138.0,A,https://www.justwatch.com/in/movie/angels-and-demons,[],English (assumed),False,1,True
Salute,movie,"Action & Adventure, Crime, Drama, Mystery & Thriller, Action Thriller",2022.0,7.0,6k,SonyLIV,Indian,India,145.0,UA,https://www.justwatch.com/in/movie/salute-2022,"['Action & Adventure', 'Crime', 'Drama', 'Mystery & Thriller', 'Action Thriller']",Regional Indian (unspecified),False,1,True
Don't Breathe,movie,"Crime, Horror, Mystery & Thriller, Horror Thriller",2016.0,7.1,332k,SonyLIV,International,United States,89.0,A,https://www.justwatch.com/in/movie/dont-breathe,"['Crime', 'Horror', 'Mystery & Thriller', 'Horror Thriller']",English (assumed),False,1,True
65,movie,"Action & Adventure, Drama, Mystery & Thriller, Science-Fiction, Sci-Fi Drama",2023.0,5.4,107k,SonyLIV,International,"Canada, United States",92.0,UA,https://www.justwatch.com/in/movie/65,"['Action & Adventure', 'Drama', 'Mystery & Thriller', 'Science-Fiction', 'Sci-Fi Drama']",English (assumed),False,1,True
Big Fish,movie,"Action & Adventure, Drama, Fantasy, Romance, Epic Fantasy, Modern Fantasy, Dramedy",2003.0,7.9,477k,SonyLIV,International,United States,125.0,U,https://www.justwatch.com/in/movie/big-fish,"['Action & Adventure', 'Drama', 'Fantasy', 'Romance', 'Epic Fantasy', 'Modern Fantasy', 'Dramedy']",English (assumed),False,1,True
50 First Dates,movie,"Comedy, Drama, Romance, RomCom, Chick Flicks",2004.0,6.8,416k,SonyLIV,International,United States,99.0,UA,https://www.justwatch.com/in/movie/50-first-dates,"['Comedy', 'Drama', 'Romance', 'RomCom', 'Chick Flicks']",English (assumed),False,1,True
Don't Breathe 2,movie,"Action & Adventure, Crime, Horror, Mystery & Thriller, Horror Thriller",2021.0,6.0,82k,SonyLIV,International,United States,98.0,UA,https://www.justwatch.com/in/movie/dont-breathe-2,"['Action & Adventure', 'Crime', 'Horror', 'Mystery & Thriller', 'Horror Thriller']",English (assumed),False,1,True
Zombieland,movie,"Action & Adventure, Comedy, Horror, Horror Comedy, Zombie",2009.0,7.5,669k,SonyLIV,International,United States,88.0,A,https://www.justwatch.com/in/movie/zombieland,"['Action & Adventure', 'Comedy', 'Horror', 'Horror Comedy', 'Zombie']",English (assumed),False,1,True
Churuli,movie,"Fantasy, Horror, Mystery & Thriller, Science-Fiction, Bollywood",2021.0,7.0,6k,SonyLIV,Indian,India,,,https://www.justwatch.com/in/movie/churuli,"['Fantasy', 'Horror', 'Mystery & Thriller', 'Science-Fiction', 'Bollywood']",Hindi,False,1,True
The Fabelmans,movie,"Drama, Emotional Drama",2022.0,7.5,135k,SonyLIV,Indian,"India, United States",151.0,UA,https://www.justwatch.com/in/movie/the-fabelmans,"['Drama', 'Emotional Drama']",Regional Indian (unspecified),False,1,True
Saudi Vellakka,movie,"Drama, Bollywood",2022.0,8.0,2k,SonyLIV,Indian,India,146.0,U,https://www.justwatch.com/in/movie/saudi-vellakka,"['Drama', 'Bollywood']",Hindi,False,1,True
Journey of Love 18+,movie,"Comedy, Drama, Romance, Dramedy",2023.0,6.3,1k,SonyLIV,Indian,India,123.0,U,https://www.justwatch.com/in/movie/18-plus,"['Comedy', 'Drama', 'Romance', 'Dramedy']",Regional Indian (unspecified),False,1,True
Puzhu,movie,"Crime, Drama, Mystery & Thriller, Bollywood",2022.0,6.2,3k,SonyLIV,Indian,India,122.0,U,https://www.justwatch.com/in/movie/puzhu,"['Crime', 'Drama', 'Mystery & Thriller', 'Bollywood']",Hindi,False,1,True
Hook,movie,"Comedy, Fantasy, Kids & Family, Live Action, Action Adventure, Fairytale Fantasy",1991.0,6.8,292k,SonyLIV,International,United States,142.0,U,https://www.justwatch.com/in/movie/hook,"['Comedy', 'Fantasy', 'Kids & Family', 'Live Action', 'Action Adventure', 'Fairytale Fantasy']",English (assumed),False,1,True
The Adventures of Tintin,movie,"Animation, Kids & Family, Mystery & Thriller, Action Adventure, Family Animation",2011.0,7.3,255k,SonyLIV,International,"New Zealand, United States",107.0,U,https://www.justwatch.com/in/movie/the-adventures-of-tintin,"['Animation', 'Kids & Family', 'Mystery & Thriller', 'Action Adventure', 'Family Animation']",English (assumed),False,1,True
Cobra,movie,"Action & Adventure, Crime, Mystery & Thriller, Action Thriller",2022.0,6.0,10k,SonyLIV,Indian,India,183.0,UA,https://www.justwatch.com/in/movie/cobra-2022,"['Action & Adventure', 'Crime', 'Mystery & Thriller', 'Action Thriller']",Regional Indian (unspecified),False,1,True
Thalavan,movie,"Crime, Drama, Mystery & Thriller, Bollywood",2024.0,7.2,7k,SonyLIV,Indian,India,133.0,UA,https://www.justwatch.com/in/movie/thalavan,"['Crime', 'Drama', 'Mystery & Thriller', 'Bollywood']",Hindi,True,1,True
Escape Room: Tournament of Champions,movie,"Action & Adventure, Horror, Science-Fiction, Mystery Thriller",2021.0,5.8,68k,SonyLIV,International,United States,88.0,UA,https://www.justwatch.com/in/movie/escape-room-tournament-of-champions,"['Action & Adventure', 'Horror', 'Science-Fiction', 'Mystery Thriller']",English (assumed),False,1,True
Baby Girl,movie,"Drama, Kids & Family, Mystery & Thriller, Emotional Drama",2026.0,5.9,3k,SonyLIV,Indian,India,125.0,UA7+,https://www.justwatch.com/in/movie/baby-girl,"['Drama', 'Kids & Family', 'Mystery & Thriller', 'Emotional Drama']",Regional Indian (unspecified),True,1,True
Big Daddy,movie,"Comedy, Drama, Made in Europe, Raunchy Comedy",1999.0,6.5,252k,SonyLIV,International,United States,93.0,U,https://www.justwatch.com/in/movie/big-daddy,"['Comedy', 'Drama', 'Made in Europe', 'Raunchy Comedy']",English (assumed),False,1,True
Krrish 3,movie,"Action & Adventure, Science-Fiction, Bollywood",2013.0,5.4,28k,SonyLIV,Indian,India,152.0,U,https://www.justwatch.com/in/movie/krrish-3,"['Action & Adventure', 'Science-Fiction', 'Bollywood']",Hindi,False,1,True
Resident Evil: Retribution,movie,"Action & Adventure, Horror, Mystery & Thriller, Science-Fiction, Zombie, Video Game",2012.0,5.3,159k,SonyLIV,International,"Canada, Germany, United States",95.0,A,https://www.justwatch.com/in/movie/resident-evil-retribution,"['Action & Adventure', 'Horror', 'Mystery & Thriller', 'Science-Fiction', 'Zombie', 'Video Game']",English (assumed),False,1,True
Suzume,movie,"Action & Adventure, Animation, Drama, Fantasy, Classic Japanese Anime",2022.0,7.6,63k,SonyLIV,International,Japan,122.0,UA7+,https://www.justwatch.com/in/movie/suzume-no-tojimari,"['Action & Adventure', 'Animation', 'Drama', 'Fantasy', 'Classic Japanese Anime']",English (assumed),False,1,True
American Underdog,movie,"Drama, Kids & Family, Romance, Sport, Sports Drama",2021.0,7.1,28k,SonyLIV,International,United States,112.0,UA7+,https://www.justwatch.com/in/movie/american-underdog,"['Drama', 'Kids & Family', 'Romance', 'Sport', 'Sports Drama']",English (assumed),False,1,True
Bicentennial Man,movie,"Drama, Romance, Science-Fiction, Sci-Fi Drama",1999.0,6.9,134k,SonyLIV,International,"Germany, United States",131.0,UA,https://www.justwatch.com/in/movie/bicentennial-man,"['Drama', 'Romance', 'Science-Fiction', 'Sci-Fi Drama']",English (assumed),False,1,True
Almost Famous,movie,"Comedy, Drama, Music & Musical, Dramedy",2000.0,7.9,315k,SonyLIV,International,United States,124.0,UA,https://www.justwatch.com/in/movie/almost-famous,"['Comedy', 'Drama', 'Music & Musical', 'Dramedy']",English (assumed),False,1,True
Resident Evil: The Final Chapter,movie,"Action & Adventure, Horror, Mystery & Thriller, Science-Fiction, Made in Europe, Post Apocalyptic World, Video Game",2016.0,5.5,108k,SonyLIV,International,"Canada, Germany, France, United States",107.0,UA,https://www.justwatch.com/in/movie/resident-evil-the-final-chapter,"['Action & Adventure', 'Horror', 'Mystery & Thriller', 'Science-Fiction', 'Made in Europe', 'Post Apocalyptic World', 'Video Game']",English (assumed),False,1,True
WWW,movie,"Drama, Mystery & Thriller, Science-Fiction, Sci-Fi Drama, Bollywood",2021.0,,,SonyLIV,Indian,India,103.0,UA,https://www.justwatch.com/in/movie/www,"['Drama', 'Mystery & Thriller', 'Science-Fiction', 'Sci-Fi Drama', 'Bollywood']",Hindi,False,1,True
Zombieland: Double Tap,movie,"Action & Adventure, Comedy, Horror",2019.0,6.6,226k,SonyLIV,International,United States,99.0,A,https://www.justwatch.com/in/movie/zombieland-double-tap,"['Action & Adventure', 'Comedy', 'Horror']",English (assumed),False,1,True
Maanaadu,movie,"Action & Adventure, Mystery & Thriller, Science-Fiction, Action Thriller",2021.0,8.1,27k,SonyLIV,Indian,India,147.0,UA,https://www.justwatch.com/in/movie/maanaadu,"['Action & Adventure', 'Mystery & Thriller', 'Science-Fiction', 'Action Thriller']",Regional Indian (unspecified),False,1,True
The Woman King,movie,"Action & Adventure, Drama, History, War & Military, Based On A True Story",2022.0,6.9,83k,SonyLIV,International,"Canada, United States",135.0,UA,https://www.justwatch.com/in/movie/the-woman-king,"['Action & Adventure', 'Drama', 'History', 'War & Military', 'Based On A True Story']",English (assumed),False,1,True
"Crouching Tiger, Hidden Dragon",movie,"Action & Adventure, Drama, Fantasy, Romance, Martial Art",2000.0,7.9,295k,SonyLIV,International,"China, Hong Kong, Taiwan, United States",120.0,UA,https://www.justwatch.com/in/movie/crouching-tiger-hidden-dragon,"['Action & Adventure', 'Drama', 'Fantasy', 'Romance', 'Martial Art']",English (assumed),False,1,True
Escape Room,movie,"Action & Adventure, Horror, Mystery & Thriller, Science-Fiction, Psychological Thriller",2019.0,6.4,145k,SonyLIV,International,United States,99.0,A,https://www.justwatch.com/in/movie/escape-room,"['Action & Adventure', 'Horror', 'Mystery & Thriller', 'Science-Fiction', 'Psychological Thriller']",English (assumed),False,1,True
Race Gurram,movie,"Action & Adventure, Comedy, Action Comedy",2014.0,7.3,12k,SonyLIV,Indian,India,162.0,UA,https://www.justwatch.com/in/movie/race-gurram,"['Action & Adventure', 'Comedy', 'Action Comedy']",Regional Indian (unspecified),False,1,True
The Whale,movie,"Drama, Emotional Drama",2022.0,7.6,300k,SonyLIV,International,United States,117.0,A,https://www.justwatch.com/in/movie/the-whale,"['Drama', 'Emotional Drama']",English (assumed),False,1,True
Pixels,movie,"Action & Adventure, Comedy, Fantasy, Mystery & Thriller, Science-Fiction, Sci-Fi Comedy, Video Game",2015.0,5.6,180k,SonyLIV,Indian,"China, France, India, United States",106.0,UA,https://www.justwatch.com/in/movie/pixels,"['Action & Adventure', 'Comedy', 'Fantasy', 'Mystery & Thriller', 'Science-Fiction', 'Sci-Fi Comedy', 'Video Game']",Regional Indian (unspecified),False,1,True
5 Centimeters per Second,movie,"Animation, Drama, Kids & Family, Romance, Classic Japanese Anime",2007.0,7.4,71k,SonyLIV,International,Japan,63.0,U,https://www.justwatch.com/in/movie/5-centimeters-per-second,"['Animation', 'Drama', 'Kids & Family', 'Romance', 'Classic Japanese Anime']",English (assumed),False,1,True
Pineapple Express,movie,"Action & Adventure, Comedy, Crime, Raunchy Comedy",2008.0,6.9,373k,SonyLIV,International,United States,112.0,A,https://www.justwatch.com/in/movie/pineapple-express,"['Action & Adventure', 'Comedy', 'Crime', 'Raunchy Comedy']",English (assumed),False,1,True
Where the Crawdads Sing,movie,"Drama, Romance, Mystery Thriller",2022.0,7.2,159k,SonyLIV,International,United States,126.0,UA,https://www.justwatch.com/in/movie/where-the-crawdads-sing,"['Drama', 'Romance', 'Mystery Thriller']",English (assumed),False,1,True
Turbo,movie,"Action & Adventure, Comedy, Drama, Action Comedy",2024.0,,,SonyLIV,Indian,India,150.0,UA,https://www.justwatch.com/in/movie/turbo-2024,"['Action & Adventure', 'Comedy', 'Drama', 'Action Comedy']",Regional Indian (unspecified),True,1,True
The Wedding Ringer,movie,"Comedy, Romance, Raunchy Comedy",2015.0,6.6,85k,SonyLIV,International,United States,101.0,A,https://www.justwatch.com/in/movie/the-wedding-ringer,"['Comedy', 'Romance', 'Raunchy Comedy']",English (assumed),False,1,True
Morbius,movie,"Action & Adventure, Fantasy, Horror, Mystery & Thriller, Science-Fiction, SciFi Horror",2022.0,5.1,157k,SonyLIV,International,United States,105.0,UA,https://www.justwatch.com/in/movie/morbius,"['Action & Adventure', 'Fantasy', 'Horror', 'Mystery & Thriller', 'Science-Fiction', 'SciFi Horror']",English (assumed),False,1,True
Little Women,movie,"Drama, Romance, Period Drama",2019.0,7.8,285k,SonyLIV,International,United States,135.0,U,https://www.justwatch.com/in/movie/little-women-2019,"['Drama', 'Romance', 'Period Drama']",English (assumed),False,1,True
Cloudy with a Chance of Meatballs 2,movie,"Animation, Comedy, Fantasy, Kids & Family, Science-Fiction, Family Animation",2013.0,6.3,126k,SonyLIV,International,United States,95.0,U,https://www.justwatch.com/in/movie/cloudy-with-a-chance-of-meatballs-2,"['Animation', 'Comedy', 'Fantasy', 'Kids & Family', 'Science-Fiction', 'Family Animation']",English (assumed),False,1,True
Mirage,movie,,2025.0,,,SonyLIV,Indian,India,150.0,UA,https://www.justwatch.com/in/movie/mirage-2025,[],Regional Indian (unspecified),True,1,True
Kadakh,movie,"Comedy, Crime, Drama, Dramedy, Mystery Thriller",2020.0,6.9,2k,SonyLIV,Indian,India,108.0,UA,https://www.justwatch.com/in/movie/kadakh,"['Comedy', 'Crime', 'Drama', 'Dramedy', 'Mystery Thriller']",Regional Indian (unspecified),False,1,True
Kanam,movie,"Drama, Mystery & Thriller, Science-Fiction, Sci-Fi Drama",2022.0,7.8,3k,SonyLIV,Indian,India,154.0,U,https://www.justwatch.com/in/movie/kanam,"['Drama', 'Mystery & Thriller', 'Science-Fiction', 'Sci-Fi Drama']",Regional Indian (unspecified),False,1,True
Lucifer,movie,"Action & Adventure, Crime, Drama, Mystery & Thriller, Action Thriller",2019.0,7.5,16k,SonyLIV,Indian,India,174.0,UA,https://www.justwatch.com/in/movie/lucifer,"['Action & Adventure', 'Crime', 'Drama', 'Mystery & Thriller', 'Action Thriller']",Regional Indian (unspecified),False,1,True
The Shallows,movie,"Action & Adventure, Drama, Horror, Mystery & Thriller, Horror Thriller",2016.0,6.3,146k,SonyLIV,International,"Australia, Spain, United States",86.0,A,https://www.justwatch.com/in/movie/the-shallows,"['Action & Adventure', 'Drama', 'Horror', 'Mystery & Thriller', 'Horror Thriller']",English (assumed),False,1,True
Triangle of Sadness,movie,"Comedy, Drama, Dramedy",2022.0,7.2,217k,SonyLIV,International,"Switzerland, Germany, Denmark, France, United Kingdom, Greece, Mexico, Sweden, Turkey, United States",147.0,A,https://www.justwatch.com/in/movie/triangle-of-sadness,"['Comedy', 'Drama', 'Dramedy']",English (assumed),False,1,True
The 5th Wave,movie,"Action & Adventure, Mystery & Thriller, Science-Fiction, Young Adult Dystopia",2016.0,5.2,126k,SonyLIV,International,United States,112.0,UA,https://www.justwatch.com/in/movie/the-5th-wave,"['Action & Adventure', 'Mystery & Thriller', 'Science-Fiction', 'Young Adult Dystopia']",English (assumed),False,1,True
Peter Rabbit,movie,"Action & Adventure, Animation, Comedy, Drama, Fantasy, Kids & Family, Live Action, Action Comedy",2018.0,6.6,53k,SonyLIV,International,"Australia, United States",93.0,U,https://www.justwatch.com/in/movie/peter-rabbit,"['Action & Adventure', 'Animation', 'Comedy', 'Drama', 'Fantasy', 'Kids & Family', 'Live Action', 'Action Comedy']",English (assumed),False,1,True
Maranamass,movie,"Comedy, Crime, Mystery & Thriller, Dramedy",2025.0,,,SonyLIV,Indian,India,139.0,UA16+,https://www.justwatch.com/in/movie/maranamass,"['Comedy', 'Crime', 'Mystery & Thriller', 'Dramedy']",Regional Indian (unspecified),True,1,True
Death at a Funeral,movie,"Comedy, Drama, Raunchy Comedy",2010.0,5.7,57k,SonyLIV,International,United States,92.0,UA16+,https://www.justwatch.com/in/movie/death-at-a-funeral,"['Comedy', 'Drama', 'Raunchy Comedy']",English (assumed),False,1,True
As Good as It Gets,movie,"Comedy, Drama, Romance, RomCom, Dramedy, Romantic Drama",1997.0,7.7,338k,SonyLIV,International,United States,139.0,U,https://www.justwatch.com/in/movie/as-good-as-it-gets,"['Comedy', 'Drama', 'Romance', 'RomCom', 'Dramedy', 'Romantic Drama']",English (assumed),False,1,True
2018,movie,"Action & Adventure, Drama, Mystery Thriller",2023.0,8.3,16k,SonyLIV,Indian,India,150.0,UA,https://www.justwatch.com/in/movie/2018-2023,"['Action & Adventure', 'Drama', 'Mystery Thriller']",Regional Indian (unspecified),False,1,True
Sleepless,movie,"Action & Adventure, Crime, Drama, Mystery & Thriller, War & Military, Action Thriller",2017.0,5.6,36k,SonyLIV,International,"United Kingdom, United States",95.0,A,https://www.justwatch.com/in/movie/sleepless,"['Action & Adventure', 'Crime', 'Drama', 'Mystery & Thriller', 'War & Military', 'Action Thriller']",English (assumed),False,1,True
Alappuzha Gymkhana,movie,"Action & Adventure, Comedy, Drama, Dramedy, Action Comedy",2025.0,6.7,5k,SonyLIV,Indian,India,140.0,UA7+,https://www.justwatch.com/in/movie/alappuzha-gymkhana,"['Action & Adventure', 'Comedy', 'Drama', 'Dramedy', 'Action Comedy']",Regional Indian (unspecified),True,1,True
Gargi,movie,"Drama, Mystery & Thriller, Bollywood",2022.0,8.1,8k,SonyLIV,Indian,India,137.0,U,https://www.justwatch.com/in/movie/gargi,"['Drama', 'Mystery & Thriller', 'Bollywood']",Hindi,False,1,True
Oh My Kadavule,movie,"Comedy, Fantasy, Romance, RomCom",2020.0,8.0,6k,SonyLIV,Indian,India,154.0,UA,https://www.justwatch.com/in/movie/oh-my-kadavule,"['Comedy', 'Fantasy', 'Romance', 'RomCom']",Regional Indian (unspecified),False,1,True
Revolver Rani,movie,"Action & Adventure, Comedy, Crime, Drama, Romance, Action Comedy",2014.0,4.6,2k,SonyLIV,Indian,India,132.0,UA,https://www.justwatch.com/in/movie/revolver-rani,"['Action & Adventure', 'Comedy', 'Crime', 'Drama', 'Romance', 'Action Comedy']",Regional Indian (unspecified),False,1,True
Ghostbusters,movie,"Action & Adventure, Comedy, Fantasy, Science-Fiction, Sci-Fi Comedy, Chick Flicks, Action Comedy",2016.0,6.8,249k,SonyLIV,International,United States,116.0,UA,https://www.justwatch.com/in/movie/ghostbusters,"['Action & Adventure', 'Comedy', 'Fantasy', 'Science-Fiction', 'Sci-Fi Comedy', 'Chick Flicks', 'Action Comedy']",English (assumed),False,1,True
Dedh Ishqiya,movie,"Comedy, Drama, Mystery & Thriller, Romance, Bollywood",2014.0,7.0,7k,SonyLIV,Indian,India,152.0,UA,https://www.justwatch.com/in/movie/dedh-ishqiya,"['Comedy', 'Drama', 'Mystery & Thriller', 'Romance', 'Bollywood']",Hindi,False,1,True
Ghostbusters: Afterlife,movie,"Comedy, Fantasy, Science-Fiction, Sci-Fi Comedy, Modern Fantasy",2021.0,7.0,241k,SonyLIV,International,"Canada, United States",124.0,UA,https://www.justwatch.com/in/movie/ghostbusters-afterlife,"['Comedy', 'Fantasy', 'Science-Fiction', 'Sci-Fi Comedy', 'Modern Fantasy']",English (assumed),False,1,True
Episode 2,movie,,2005.0,,,SonyLIV,International,United Kingdom,,,https://www.justwatch.com/in/movie/episode-2,[],English (assumed),False,1,True
Varudu Kaavalenu,movie,"Drama, Romance, Bollywood",2021.0,6.4,1k,SonyLIV,Indian,India,133.0,UA,https://www.justwatch.com/in/movie/varudu-kaavalenu,"['Drama', 'Romance', 'Bollywood']",Hindi,False,1,True
Eesho,movie,"Drama, Mystery & Thriller, Bollywood",2022.0,,,SonyLIV,Indian,India,107.0,UA,https://www.justwatch.com/in/movie/eesho,"['Drama', 'Mystery & Thriller', 'Bollywood']",Hindi,False,1,True
A League of Their Own,movie,"Comedy, Drama, Sport, Sport Comedy, Chick Flicks, Sports Drama",1992.0,7.4,130k,SonyLIV,International,United States,128.0,U,https://www.justwatch.com/in/movie/a-league-of-their-own,"['Comedy', 'Drama', 'Sport', 'Sport Comedy', 'Chick Flicks', 'Sports Drama']",English (assumed),False,1,True
Roy,movie,"Drama, Mystery & Thriller, Bollywood",2022.0,,,SonyLIV,Indian,India,126.0,UA16+,https://www.justwatch.com/in/movie/roy-2022,"['Drama', 'Mystery & Thriller', 'Bollywood']",Hindi,False,1,True
Bad Boys for Life,movie,"Action & Adventure, Comedy, Crime, Mystery & Thriller, Action Comedy, Action Thriller",2020.0,6.5,197k,SonyLIV,International,United States,124.0,A,https://www.justwatch.com/in/movie/bad-boys-for-life,"['Action & Adventure', 'Comedy', 'Crime', 'Mystery & Thriller', 'Action Comedy', 'Action Thriller']",English (assumed),False,1,True
Quarantine,movie,"Comedy, Drama, Horror, Mystery & Thriller, Science-Fiction, Found Footage",2008.0,6.0,83k,SonyLIV,International,"Spain, United States",89.0,A,https://www.justwatch.com/in/movie/quarantine,"['Comedy', 'Drama', 'Horror', 'Mystery & Thriller', 'Science-Fiction', 'Found Footage']",English (assumed),False,1,True
Aadavaallu Meeku Johaarlu,movie,"Comedy, Drama, Kids & Family, Romance, Bollywood",2022.0,6.0,3k,SonyLIV,Indian,India,139.0,U,https://www.justwatch.com/in/movie/aadavaallu-meeku-johaarlu,"['Comedy', 'Drama', 'Kids & Family', 'Romance', 'Bollywood']",Hindi,False,1,True
Insidious: The Last Key,movie,"Documentary, Horror, Mystery & Thriller, Paranormal",2018.0,5.7,80k,SonyLIV,International,United States,103.0,A,https://www.justwatch.com/in/movie/insidious-chapter-4,"['Documentary', 'Horror', 'Mystery & Thriller', 'Paranormal']",English (assumed),False,1,True
Dragon Ball Super: Super Hero,movie,"Action & Adventure, Animation, Fantasy, Science-Fiction, Classic Japanese Anime",2022.0,7.1,15k,SonyLIV,International,Japan,100.0,UA,https://www.justwatch.com/in/movie/dragon-ball-super-super-hero-2022,"['Action & Adventure', 'Animation', 'Fantasy', 'Science-Fiction', 'Classic Japanese Anime']",English (assumed),False,1,True
Christy,movie,"Comedy, Drama, Romance, Bollywood",2023.0,4.9,2k,SonyLIV,Indian,India,140.0,U,https://www.justwatch.com/in/movie/christy,"['Comedy', 'Drama', 'Romance', 'Bollywood']",Hindi,False,1,True
Philadelphia,movie,"Drama, Courtroom",1993.0,7.7,274k,SonyLIV,International,United States,126.0,UA,https://www.justwatch.com/in/movie/philadelphia,"['Drama', 'Courtroom']",English (assumed),False,1,True
"Toh, Ti Ani Fuji",movie,"Drama, Romance, Romantic Drama",2026.0,,,SonyLIV,Indian,India,134.0,UA16+,https://www.justwatch.com/in/movie/toh-ti-ani-fuji,"['Drama', 'Romance', 'Romantic Drama']",Regional Indian (unspecified),True,1,True
Men in Black 3,movie,"Action & Adventure, Comedy, Science-Fiction, Sci-Fi Comedy, Action Comedy",2012.0,6.8,412k,SonyLIV,International,"United Arab Emirates, United States",106.0,UA,https://www.justwatch.com/in/movie/men-in-black-3,"['Action & Adventure', 'Comedy', 'Science-Fiction', 'Sci-Fi Comedy', 'Action Comedy']",English (assumed),False,1,True
Ab Tak Chhappan 2,movie,"Action & Adventure, Crime, Mystery & Thriller, Action Thriller",2015.0,5.8,1k,SonyLIV,Indian,India,106.0,UA,https://www.justwatch.com/in/movie/ab-tak-chhappan-2,"['Action & Adventure', 'Crime', 'Mystery & Thriller', 'Action Thriller']",Regional Indian (unspecified),False,1,True
Peter Rabbit 2: The Runaway,movie,"Animation, Comedy, Drama, Fantasy, Kids & Family, Live Action",2021.0,6.2,17k,SonyLIV,International,"Australia, United States",93.0,U,https://www.justwatch.com/in/movie/peter-rabbit-2-the-runaway,"['Animation', 'Comedy', 'Drama', 'Fantasy', 'Kids & Family', 'Live Action']",English (assumed),False,1,True
Narivetta,movie,"Action & Adventure, Drama, Mystery & Thriller, Action Thriller",2025.0,6.5,3k,SonyLIV,Indian,India,139.0,UA16+,https://www.justwatch.com/in/movie/narivetta,"['Action & Adventure', 'Drama', 'Mystery & Thriller', 'Action Thriller']",Regional Indian (unspecified),True,1,True
DJ Tillu,movie,"Action & Adventure, Comedy, Crime, Mystery & Thriller, Romance, RomCom",2022.0,7.2,4k,SonyLIV,Indian,India,121.0,UA,https://www.justwatch.com/in/movie/dj-tillu,"['Action & Adventure', 'Comedy', 'Crime', 'Mystery & Thriller', 'Romance', 'RomCom']",Regional Indian (unspecified),False,1,True
Soorma,movie,"Drama, Sport, Bollywood",2018.0,7.3,6k,SonyLIV,Indian,"India, United States",131.0,U,https://www.justwatch.com/in/movie/soorma,"['Drama', 'Sport', 'Bollywood']",Hindi,False,1,True
Inferno,movie,"Crime, Drama, Mystery & Thriller, Action Adventure",2016.0,6.2,202k,SonyLIV,International,United States,122.0,UA,https://www.justwatch.com/in/movie/inferno,"['Crime', 'Drama', 'Mystery & Thriller', 'Action Adventure']",English (assumed),False,1,True
Adiyae!,movie,"Comedy, Romance, Science-Fiction, RomCom, Sci-Fi Comedy, Bollywood",2023.0,6.3,1k,SonyLIV,Indian,India,139.0,UA,https://www.justwatch.com/in/movie/adiyae,"['Comedy', 'Romance', 'Science-Fiction', 'RomCom', 'Sci-Fi Comedy', 'Bollywood']",Hindi,False,1,True
War Room,movie,"Drama, Emotional Drama",2015.0,6.5,17k,SonyLIV,International,United States,120.0,UA,https://www.justwatch.com/in/movie/war-room,"['Drama', 'Emotional Drama']",English (assumed),False,1,True
Varshangalkku Shesham,movie,"Comedy, Drama, Romance, Bollywood, Dramedy",2024.0,6.6,5k,SonyLIV,Indian,India,166.0,U,https://www.justwatch.com/in/movie/varshangalkku-shesham,"['Comedy', 'Drama', 'Romance', 'Bollywood', 'Dramedy']",Hindi,True,1,True
The Garden of Words,movie,"Animation, Drama, Romance, Classic Japanese Anime",2013.0,7.4,60k,SonyLIV,International,Japan,45.0,U,https://www.justwatch.com/in/movie/the-garden-of-words,"['Animation', 'Drama', 'Romance', 'Classic Japanese Anime']",English (assumed),False,1,True
Seven Pounds,movie,"Drama, Mystery & Thriller, Emotional Drama",2008.0,7.6,326k,SonyLIV,International,United States,123.0,A,https://www.justwatch.com/in/movie/seven-pounds,"['Drama', 'Mystery & Thriller', 'Emotional Drama']",English (assumed),False,1,True
Terminator Salvation,movie,"Action & Adventure, Mystery & Thriller, Science-Fiction, Tech Noir",2009.0,6.5,393k,SonyLIV,International,United States,115.0,UA,https://www.justwatch.com/in/movie/terminator-salvation,"['Action & Adventure', 'Mystery & Thriller', 'Science-Fiction', 'Tech Noir']",English (assumed),False,1,True
Bachelor,movie,"Drama, Emotional Drama, Bollywood",2021.0,6.0,2k,SonyLIV,Indian,India,175.0,A,https://www.justwatch.com/in/movie/bachelor,"['Drama', 'Emotional Drama', 'Bollywood']",Hindi,False,1,True
Whitney Houston: I Wanna Dance with Somebody,movie,"Drama, Music & Musical, Music Biopics",2022.0,6.6,27k,SonyLIV,International,United States,144.0,UA13+,https://www.justwatch.com/in/movie/i-wanna-dance-with-somebody,"['Drama', 'Music & Musical', 'Music Biopics']",English (assumed),False,1,True
Aamis,movie,"Drama, Fantasy, Horror, Romance, Dark Fantasy",2019.0,7.7,4k,SonyLIV,Indian,India,107.0,UA,https://www.justwatch.com/in/movie/ravening,"['Drama', 'Fantasy', 'Horror', 'Romance', 'Dark Fantasy']",Regional Indian (unspecified),False,1,True
My Best Friend's Wedding,movie,"Comedy, Drama, Romance, RomCom, Chick Flicks",1997.0,6.4,167k,SonyLIV,International,United States,105.0,UA,https://www.justwatch.com/in/movie/my-best-friends-wedding,"['Comedy', 'Drama', 'Romance', 'RomCom', 'Chick Flicks']",English (assumed),False,1,True
Toby,movie,"Action & Adventure, Crime, Drama, Mystery & Thriller, Bollywood",2023.0,7.2,3k,SonyLIV,Indian,India,,,https://www.justwatch.com/in/movie/toby,"['Action & Adventure', 'Crime', 'Drama', 'Mystery & Thriller', 'Bollywood']",Hindi,False,1,True
In This Corner of the World,movie,"Animation, Drama, History, Kids & Family, War & Military, Classic Japanese Anime",2016.0,7.8,12k,SonyLIV,International,Japan,130.0,U,https://www.justwatch.com/in/movie/in-this-corner-of-the-world,"['Animation', 'Drama', 'History', 'Kids & Family', 'War & Military', 'Classic Japanese Anime']",English (assumed),False,1,True
Darna Zaroori Hai,movie,"Comedy, Drama, Horror, Mystery & Thriller",2006.0,5.5,2k,SonyLIV,Indian,India,108.0,A,https://www.justwatch.com/in/movie/darna-zaroori-hai,"['Comedy', 'Drama', 'Horror', 'Mystery & Thriller']",Regional Indian (unspecified),False,1,True
Love Life,movie,"Drama, Emotional Drama",2022.0,6.9,2k,SonyLIV,International,"France, Japan",,,https://www.justwatch.com/in/movie/love-life-2022,"['Drama', 'Emotional Drama']",English (assumed),False,1,True
Monster Hunter,movie,"Fantasy, Video Game, Action Adventure",2020.0,5.2,75k,SonyLIV,International,"Canada, China, Germany, Japan",104.0,UA,https://www.justwatch.com/in/movie/monster-hunter-2020,"['Fantasy', 'Video Game', 'Action Adventure']",English (assumed),False,1,True
Mubarakan,movie,"Comedy, Drama, Romance, RomCom, Bollywood",2017.0,5.6,4k,SonyLIV,Indian,India,156.0,UA,https://www.justwatch.com/in/movie/mubarakan,"['Comedy', 'Drama', 'Romance', 'RomCom', 'Bollywood']",Hindi,False,1,True
Bromance,movie,"Action & Adventure, Comedy, Drama, Bollywood, Action Comedy, Like, Dislike, Watchlist, Seen, Sign in, to sync Watchlist",2025.0,5.4,1k,SonyLIV,Indian,India,150.0,UA13+,https://www.justwatch.com/in/movie/bromance-2025,"['Action & Adventure', 'Comedy', 'Drama', 'Bollywood', 'Action Comedy', 'Like', 'Dislike', 'Watchlist', 'Seen', 'Sign in', 'to sync Watchlist']",Hindi,True,1,True
"Like, Share & Subscribe",movie,"Action & Adventure, Comedy, Drama, Bollywood, Action Comedy",2022.0,,,SonyLIV,Indian,India,134.0,UA,https://www.justwatch.com/in/movie/like-share-and-subscribe,"['Action & Adventure', 'Comedy', 'Drama', 'Bollywood', 'Action Comedy']",Hindi,False,1,True
Mumbai Express,movie,"Action & Adventure, Comedy, Crime, Drama, Action Comedy",2005.0,6.1,1k,SonyLIV,Indian,India,145.0,U,https://www.justwatch.com/in/movie/mumbai-express,"['Action & Adventure', 'Comedy', 'Crime', 'Drama', 'Action Comedy']",Regional Indian (unspecified),False,1,True
Surf's Up,movie,"Animation, Comedy, Kids & Family, Sport, Family Animation",2007.0,6.7,102k,SonyLIV,International,United States,85.0,U,https://www.justwatch.com/in/movie/surfs-up,"['Animation', 'Comedy', 'Kids & Family', 'Sport', 'Family Animation']",English (assumed),False,1,True
Azhar,movie,"Drama, Sport, Sports Drama",2016.0,5.7,6k,SonyLIV,Indian,India,130.0,A,https://www.justwatch.com/in/movie/azhar,"['Drama', 'Sport', 'Sports Drama']",Regional Indian (unspecified),False,1,True
Firangi,movie,"Comedy, Drama, Bollywood, Dramedy",2017.0,4.3,1k,SonyLIV,Indian,India,153.0,UA7+,https://www.justwatch.com/in/movie/firangi,"['Comedy', 'Drama', 'Bollywood', 'Dramedy']",Hindi,False,1,True
Children Who Chase Lost Voices,movie,"Animation, Drama, Fantasy, Kids & Family, Classic Japanese Anime",2011.0,7.1,18k,SonyLIV,International,Japan,116.0,U,https://www.justwatch.com/in/movie/children-who-chase-lost-voices,"['Animation', 'Drama', 'Fantasy', 'Kids & Family', 'Classic Japanese Anime']",English (assumed),False,1,True
Te3n,movie,"Crime, Drama, Mystery Thriller",2016.0,7.2,13k,SonyLIV,Indian,"India, South Korea",136.0,UA,https://www.justwatch.com/in/movie/te3n,"['Crime', 'Drama', 'Mystery Thriller']",Regional Indian (unspecified),False,1,True
"Lyle, Lyle, Crocodile",movie,"Comedy, Fantasy, Kids & Family, Music & Musical, Family Animation",2022.0,6.1,18k,SonyLIV,International,"United Kingdom, Italy, United States",106.0,U,https://www.justwatch.com/in/movie/lyle-lyle-crocodile,"['Comedy', 'Fantasy', 'Kids & Family', 'Music & Musical', 'Family Animation']",English (assumed),False,1,True
Farhana,movie,"Drama, Mystery & Thriller, Emotional Drama",2023.0,,,SonyLIV,Indian,India,140.0,UA,https://www.justwatch.com/in/movie/farhana,"['Drama', 'Mystery & Thriller', 'Emotional Drama']",Regional Indian (unspecified),False,1,True
The Longest Yard,movie,"Comedy, Crime, Drama, Sport, Sport Comedy, Action Comedy",2005.0,6.4,212k,SonyLIV,International,United States,113.0,UA,https://www.justwatch.com/in/movie/the-longest-yard,"['Comedy', 'Crime', 'Drama', 'Sport', 'Sport Comedy', 'Action Comedy']",English (assumed),False,1,True
Maari 2,movie,"Action & Adventure, Comedy, Bollywood",2018.0,5.7,4k,SonyLIV,Indian,India,150.0,UA,https://www.justwatch.com/in/movie/maari-2,"['Action & Adventure', 'Comedy', 'Bollywood']",Hindi,False,1,True
Shikshanachya Aaicha Gho!,movie,"Comedy, Drama, Dramedy",2010.0,,,SonyLIV,Indian,India,103.0,UA16+,https://www.justwatch.com/in/movie/shikshanachya-aaicha-gho,"['Comedy', 'Drama', 'Dramedy']",Regional Indian (unspecified),False,1,True
Hawa,movie,Drama,2022.0,,,SonyLIV,International,Where does Hawa rank today?,,,https://www.justwatch.com/in/movie/hawa-2022-1,['Drama'],English (assumed),False,1,True
Jodi,movie,"Action & Adventure, Drama, Romance, Bollywood, Romantic Drama",2019.0,,,SonyLIV,Indian,India,140.0,U,https://www.justwatch.com/in/movie/jodi-2019,"['Action & Adventure', 'Drama', 'Romance', 'Bollywood', 'Romantic Drama']",Hindi,False,1,True
Bulandi,movie,"Action & Adventure, Drama",2000.0,,,SonyLIV,Indian,India,175.0,U,https://www.justwatch.com/in/movie/bulandi,"['Action & Adventure', 'Drama']",Regional Indian (unspecified),False,1,True
Chaaver,movie,"Action & Adventure, Crime, Mystery & Thriller, Bollywood, Action Thriller",2023.0,6.2,2k,SonyLIV,Indian,India,128.0,UA,https://www.justwatch.com/in/movie/chaaver,"['Action & Adventure', 'Crime', 'Mystery & Thriller', 'Bollywood', 'Action Thriller']",Hindi,False,1,True
Magnet,movie,"Drama, Mystery & Thriller, Emotional Drama",2018.0,,,SonyLIV,Indian,India,118.0,UA,https://www.justwatch.com/in/movie/lottery,"['Drama', 'Mystery & Thriller', 'Emotional Drama']",Regional Indian (unspecified),False,1,True
Black Butler: Book of the Atlantic,movie,"Action & Adventure, Animation, Fantasy, Horror, Classic Japanese Anime",2017.0,7.6,2k,SonyLIV,International,Japan,,,https://www.justwatch.com/in/movie/black-butler-book-of-the-atlantic,"['Action & Adventure', 'Animation', 'Fantasy', 'Horror', 'Classic Japanese Anime']",English (assumed),False,1,True
Aavasavyuham: The Arbit Documentation of an Amphibian Hunt,movie,"Mystery & Thriller, Science-Fiction, Bollywood",2022.0,,,SonyLIV,Indian,India,114.0,UA,https://www.justwatch.com/in/movie/aavasavyuham,"['Mystery & Thriller', 'Science-Fiction', 'Bollywood']",Hindi,False,1,True
Pravinkoodu Shappu,movie,"Crime, Mystery Thriller",2025.0,6.6,3k,SonyLIV,Indian,India,146.0,UA16+,https://www.justwatch.com/in/movie/pravinkoodu-shappu,"['Crime', 'Mystery Thriller']",Regional Indian (unspecified),True,1,True
The Killer,movie,"Action & Adventure, Crime, Mystery & Thriller, Action Thriller",2022.0,6.7,5k,SonyLIV,International,South Korea,,,https://www.justwatch.com/in/movie/jugeodo-doeneun-ai,"['Action & Adventure', 'Crime', 'Mystery & Thriller', 'Action Thriller']",English (assumed),False,1,True
Broker,movie,"Comedy, Crime, Drama, Emotional Drama",2022.0,7.1,20k,SonyLIV,International,South Korea,129.0,A,https://www.justwatch.com/in/movie/broker-2022,"['Comedy', 'Crime', 'Drama', 'Emotional Drama']",English (assumed),False,1,True
Mehandi Circus,movie,"Drama, Bollywood",2019.0,,,SonyLIV,Indian,India,135.0,U,https://www.justwatch.com/in/movie/mehandi-circus,"['Drama', 'Bollywood']",Hindi,False,1,True
F3: Fun and Frustration,movie,"Comedy, Kids & Family, Romance, Bollywood",2022.0,4.7,2k,SonyLIV,Indian,India,148.0,U,https://www.justwatch.com/in/movie/f3-fun-and-frustration,"['Comedy', 'Kids & Family', 'Romance', 'Bollywood']",Hindi,False,1,True
Me Shivajiraje Bhosale Boltoy,movie,"Drama, Emotional Drama",2009.0,8.0,2k,SonyLIV,Indian,India,141.0,U,https://www.justwatch.com/in/movie/me-shivajiraje-bhosale-boltoy-2009,"['Drama', 'Emotional Drama']",Regional Indian (unspecified),False,1,True
Family Drama,movie,"Drama, Mystery & Thriller, Bollywood",2021.0,,,SonyLIV,Indian,India,124.0,A,https://www.justwatch.com/in/movie/family-drama,"['Drama', 'Mystery & Thriller', 'Bollywood']",Hindi,False,1,True
King of Thorn,movie,"Animation, Fantasy, Horror, Mystery & Thriller, Science-Fiction, Classic Japanese Anime",2010.0,6.3,3k,SonyLIV,International,Japan,,,https://www.justwatch.com/in/movie/king-of-thorn,"['Animation', 'Fantasy', 'Horror', 'Mystery & Thriller', 'Science-Fiction', 'Classic Japanese Anime']",English (assumed),False,1,True
Orey Bujjiga,movie,"Drama, Romance, Bollywood",2020.0,,,SonyLIV,Indian,India,164.0,UA,https://www.justwatch.com/in/movie/orey-bujjiga,"['Drama', 'Romance', 'Bollywood']",Hindi,False,1,True
Sabhaapathy,movie,"Comedy, Drama",2021.0,5.7,2k,SonyLIV,Indian,India,123.0,U,https://www.justwatch.com/in/movie/sabhaapathy,"['Comedy', 'Drama']",Regional Indian (unspecified),False,1,True
Fatafati,movie,"Drama, Emotional Drama, Bollywood",2023.0,7.2,1k,SonyLIV,Indian,India,131.0,U,https://www.justwatch.com/in/movie/fatafati,"['Drama', 'Emotional Drama', 'Bollywood']",Hindi,False,1,True
Kadina Kadoramee Andakadaham,movie,"Comedy, Drama, Kids & Family, Bollywood, Dramedy",2023.0,6.4,2k,SonyLIV,Indian,India,120.0,U,https://www.justwatch.com/in/movie/kadina-kadoramee-andakadaham,"['Comedy', 'Drama', 'Kids & Family', 'Bollywood', 'Dramedy']",Hindi,False,1,True
Wonder Women,movie,"Drama, Emotional Drama",2022.0,,,SonyLIV,Indian,India,80.0,UA,https://www.justwatch.com/in/movie/wonder-women-2022,"['Drama', 'Emotional Drama']",Regional Indian (unspecified),False,1,True
Enemy,movie,"Action & Adventure, Mystery & Thriller, Action Thriller",2021.0,,,SonyLIV,Indian,India,159.0,UA,https://www.justwatch.com/in/movie/enemy-2021,"['Action & Adventure', 'Mystery & Thriller', 'Action Thriller']",Regional Indian (unspecified),False,1,True
Check,movie,"Crime, Mystery & Thriller",2021.0,,,SonyLIV,Indian,India,,,https://www.justwatch.com/in/movie/check,"['Crime', 'Mystery & Thriller']",Regional Indian (unspecified),False,1,True
Ramarao On Duty,movie,"Action & Adventure, Crime, Drama, Mystery & Thriller, Bollywood",2022.0,5.0,1k,SonyLIV,Indian,"India, United States",150.0,UA,https://www.justwatch.com/in/movie/rama-rao-on-duty,"['Action & Adventure', 'Crime', 'Drama', 'Mystery & Thriller', 'Bollywood']",Hindi,False,1,True
Homecoming,movie,"Drama, Horror, Mystery & Thriller, Horror Thriller",2009.0,5.3,4k,SonyLIV,International,United States,,,https://www.justwatch.com/in/movie/homecoming-2009,"['Drama', 'Horror', 'Mystery & Thriller', 'Horror Thriller']",English (assumed),False,1,True
Pailwaan,movie,"Action & Adventure, Drama, Sport, Sports Drama",2019.0,6.2,2k,SonyLIV,Indian,India,166.0,UA,https://www.justwatch.com/in/movie/pehlwaan,"['Action & Adventure', 'Drama', 'Sport', 'Sports Drama']",Regional Indian (unspecified),False,1,True
Kothanodi: The River of Fables,movie,"Fantasy, Horror, Mystery & Thriller, Dark Fantasy",2015.0,,,SonyLIV,Indian,India,120.0,U,https://www.justwatch.com/in/movie/kothanodi,"['Fantasy', 'Horror', 'Mystery & Thriller', 'Dark Fantasy']",Regional Indian (unspecified),False,1,True
"To Me, the One Who Loved You",movie,"Animation, Fantasy, Romance, Science-Fiction, Classic Japanese Anime",2022.0,7.0,1k,SonyLIV,International,Japan,,,https://www.justwatch.com/in/movie/kimi-o-aishita-hitori-no-boku-e,"['Animation', 'Fantasy', 'Romance', 'Science-Fiction', 'Classic Japanese Anime']",English (assumed),False,1,True
Seththumaan,movie,Drama,2022.0,,,SonyLIV,Indian,India,117.0,U,https://www.justwatch.com/in/movie/seththumaan,['Drama'],Regional Indian (unspecified),False,1,True
Chhalle Mundiyan,movie,"Comedy, Romance, Bollywood",2022.0,,,SonyLIV,Indian,India,111.0,UA16+,https://www.justwatch.com/in/movie/chhalle-mundiyan,"['Comedy', 'Romance', 'Bollywood']",Hindi,False,1,True
Alpha Adimai,movie,Mystery & Thriller,2021.0,,,SonyLIV,Indian,India,89.0,S,https://www.justwatch.com/in/movie/alpha-adimai,['Mystery & Thriller'],Regional Indian (unspecified),False,1,True
Pebbles,movie,"Drama, Emotional Drama",2021.0,7.0,1k,SonyLIV,Indian,India,,,https://www.justwatch.com/in/movie/pebbles,"['Drama', 'Emotional Drama']",Regional Indian (unspecified),False,1,True
Innale Vare,movie,"Drama, Mystery & Thriller",2022.0,,,SonyLIV,Indian,India,136.0,UA,https://www.justwatch.com/in/movie/innale-vare,"['Drama', 'Mystery & Thriller']",Regional Indian (unspecified),False,1,True
Purusha Pretham,movie,"Comedy, Crime, Drama, Bollywood",2023.0,7.2,1k,SonyLIV,Indian,India,152.0,UA16+,https://www.justwatch.com/in/movie/purusha-pretham,"['Comedy', 'Crime', 'Drama', 'Bollywood']",Hindi,False,1,True
Aaviri,movie,"Drama, Mystery & Thriller, Bollywood",2019.0,,,SonyLIV,Indian,India,113.0,UA,https://www.justwatch.com/in/movie/aaviri,"['Drama', 'Mystery & Thriller', 'Bollywood']",Hindi,False,1,True
The Smurfs 2,movie,"Animation, Comedy, Fantasy, Kids & Family, Family Animation",2013.0,5.3,50k,SonyLIV,International,"Belgium, Canada, United States",105.0,U,https://www.justwatch.com/in/movie/the-smurfs-2,"['Animation', 'Comedy', 'Fantasy', 'Kids & Family', 'Family Animation']",English (assumed),False,1,True
Pyaar Kiya Nahin Jaata,movie,"Drama, Romance",2003.0,,,SonyLIV,Indian,India,,,https://www.justwatch.com/in/movie/pyaar-kiya-nahin-jaata,"['Drama', 'Romance']",Regional Indian (unspecified),False,1,True
Charusheela,movie,"Mystery & Thriller, Like, Dislike, Watchlist, Seen, Sign in, to sync Watchlist",2016.0,,,SonyLIV,International,Cast,,,https://www.justwatch.com/in/movie/charusheela,"['Mystery & Thriller', 'Like', 'Dislike', 'Watchlist', 'Seen', 'Sign in', 'to sync Watchlist']",English (assumed),False,1,True
Robotech: The Shadow Chronicles,movie,"Action & Adventure, Animation, Science-Fiction, Western Animation",2006.0,6.3,1k,SonyLIV,International,United States,,,https://www.justwatch.com/in/movie/robotech-the-shadow-chronicles,"['Action & Adventure', 'Animation', 'Science-Fiction', 'Western Animation']",English (assumed),False,1,True
Sivaranjiniyum Innum Sila Pengalum,movie,"Drama, Bollywood",2021.0,,,SonyLIV,Indian,India,112.0,U,https://www.justwatch.com/in/movie/sivaranjiniyum-innum-sila-pengalum,"['Drama', 'Bollywood']",Hindi,False,1,True
Ab Tak Chhappan,movie,"Crime, Drama, Bollywood",2004.0,7.8,10k,SonyLIV,Indian,India,129.0,A,https://www.justwatch.com/in/movie/ab-tak-chhappan,"['Crime', 'Drama', 'Bollywood']",Hindi,False,1,True
Valu,movie,Comedy,2008.0,,,SonyLIV,Indian,India,123.0,UA,https://www.justwatch.com/in/movie/the-wild-bull,['Comedy'],Regional Indian (unspecified),False,1,True
Seeru,movie,"Action & Adventure, Drama, Bollywood",2020.0,,,SonyLIV,Indian,India,124.0,UA,https://www.justwatch.com/in/movie/seeru,"['Action & Adventure', 'Drama', 'Bollywood']",Hindi,False,1,True
Lorni - The Flaneur,movie,"Crime, Mystery & Thriller",2019.0,,,SonyLIV,Indian,India,107.0,UA16+,https://www.justwatch.com/in/movie/lorni-the-flaneur,"['Crime', 'Mystery & Thriller']",Regional Indian (unspecified),False,1,True
Poster Boys,movie,"Comedy, Bollywood",2017.0,5.4,1k,SonyLIV,Indian,"India, United States",128.0,UA,https://www.justwatch.com/in/movie/poster-boys,"['Comedy', 'Bollywood']",Hindi,False,1,True
The Place Promised in Our Early Days,movie,"Action & Adventure, Animation, Drama, Romance, Science-Fiction, Classic Japanese Anime",2004.0,6.9,15k,SonyLIV,International,Japan,90.0,U,https://www.justwatch.com/in/movie/the-place-promised-in-our-early-days,"['Action & Adventure', 'Animation', 'Drama', 'Romance', 'Science-Fiction', 'Classic Japanese Anime']",English (assumed),False,1,True
Fate/Grand Order: First Order,movie,"Action & Adventure, Animation, Fantasy, Classic Japanese Anime",2016.0,5.8,1k,SonyLIV,International,Japan,,,https://www.justwatch.com/in/movie/fate-grand-order-first-order,"['Action & Adventure', 'Animation', 'Fantasy', 'Classic Japanese Anime']",English (assumed),False,1,True
Journey to Bethlehem,movie,"Drama, Kids & Family, Romance, Holiday, Musical, Religious Drama",2023.0,6.4,2k,SonyLIV,International,United States,,,https://www.justwatch.com/in/movie/journey-to-bethlehem,"['Drama', 'Kids & Family', 'Romance', 'Holiday', 'Musical', 'Religious Drama']",English (assumed),False,1,True
Priyuraalu,movie,"Drama, Romance",2021.0,,,SonyLIV,Indian,India,114.0,UA,https://www.justwatch.com/in/movie/priyuraalu,"['Drama', 'Romance']",Regional Indian (unspecified),False,1,True
Raghu CNG,movie,"Crime, Mystery & Thriller",2019.0,,,SonyLIV,Indian,India,,,https://www.justwatch.com/in/movie/raghu-cng,"['Crime', 'Mystery & Thriller']",Regional Indian (unspecified),False,1,True
Phantom,movie,"Action & Adventure, Crime, History, Mystery & Thriller, Action Thriller",2023.0,6.2,1k,SonyLIV,International,South Korea,,,https://www.justwatch.com/in/movie/phantom-2023,"['Action & Adventure', 'Crime', 'History', 'Mystery & Thriller', 'Action Thriller']",English (assumed),False,1,True
Bade Achhe Lagte Hai,movie,"Crime, Dark Crime",2017.0,,,SonyLIV,Indian,India,,,https://www.justwatch.com/in/movie/bade-achhe-lagte-hai,"['Crime', 'Dark Crime']",Regional Indian (unspecified),False,1,True
To Every You I've Loved Before,movie,"Animation, Fantasy, Romance, Science-Fiction, Classic Japanese Anime",2022.0,7.0,1k,SonyLIV,International,Japan,,,https://www.justwatch.com/in/movie/boku-ga-aishita-subete-no-kimi-e,"['Animation', 'Fantasy', 'Romance', 'Science-Fiction', 'Classic Japanese Anime']",English (assumed),False,1,True
Sword Art Online the Movie: Ordinal Scale,movie,"Action & Adventure, Animation, Fantasy, Science-Fiction, Classic Japanese Anime",2017.0,7.3,10k,SonyLIV,International,Japan,,,https://www.justwatch.com/in/movie/sword-art-online-the-movie-ordinal-scale,"['Action & Adventure', 'Animation', 'Fantasy', 'Science-Fiction', 'Classic Japanese Anime']",English (assumed),False,1,True
Morya,movie,"Drama, Emotional Drama, Bollywood",2011.0,,,SonyLIV,Indian,India,19.0,UA16+,https://www.justwatch.com/in/movie/morya,"['Drama', 'Emotional Drama', 'Bollywood']",Hindi,False,1,True
Dillagi,movie,"Drama, Comedy, Romance",1978.0,,,SonyLIV,Indian,India,,,https://www.justwatch.com/in/movie/dillagi-1978,"['Drama', 'Comedy', 'Romance']",Regional Indian (unspecified),False,1,True
Maacher Jhol,movie,"Drama, Kids & Family, Made in Europe",2017.0,,,SonyLIV,Indian,"France, India",108.0,UA,https://www.justwatch.com/in/movie/maacher-jhol,"['Drama', 'Kids & Family', 'Made in Europe']",Regional Indian (unspecified),False,1,True
The Intruder,movie,"Horror, Mystery & Thriller, Made in Europe, Psychological Thriller",2019.0,5.6,21k,SonyLIV,International,United States,102.0,A,https://www.justwatch.com/in/movie/the-intruder,"['Horror', 'Mystery & Thriller', 'Made in Europe', 'Psychological Thriller']",English (assumed),False,1,True
Pitruroon,movie,"Drama, Kids & Family, Romance",2013.0,,,SonyLIV,Indian,India,,,https://www.justwatch.com/in/movie/pitruroon,"['Drama', 'Kids & Family', 'Romance']",Regional Indian (unspecified),False,1,True
Gullak,show,"Comedy, Drama, Kids & Family, Bollywood, Dramedy",2019.0,9.1,31k,SonyLIV,Indian,India,31.0,UA13+,https://www.justwatch.com/in/tv-show/gullak,"['Comedy', 'Drama', 'Kids & Family', 'Bollywood', 'Dramedy']",Hindi,False,1,True
Undekhi,show,"Crime, Drama, Bollywood",2020.0,,,SonyLIV,Indian,India,38.0,A,https://www.justwatch.com/in/tv-show/undekhi,"['Crime', 'Drama', 'Bollywood']",Hindi,False,1,True
Jujutsu Kaisen,show,"Action & Adventure, Animation, Fantasy, Mystery & Thriller, Science-Fiction, Classic Japanese Anime",2020.0,8.5,211k,SonyLIV,International,"Japan, United States",24.0,UA16+,https://www.justwatch.com/in/tv-show/jujutsu-kaisen,"['Action & Adventure', 'Animation', 'Fantasy', 'Mystery & Thriller', 'Science-Fiction', 'Classic Japanese Anime']",English (assumed),False,4,False
One Piece,show,"Action & Adventure, Animation, Comedy, Drama, Fantasy, Classic Japanese Anime",1999.0,9.0,357k,SonyLIV,International,Japan,23.0,UA16+,https://www.justwatch.com/in/tv-show/one-piece,"['Action & Adventure', 'Animation', 'Comedy', 'Drama', 'Fantasy', 'Classic Japanese Anime']",English (assumed),False,1,True
Mushoku Tensei: Jobless Reincarnation,show,"Action & Adventure, Animation, Drama, Fantasy, Science-Fiction, Classic Japanese Anime",2021.0,8.2,39k,SonyLIV,International,Japan,24.0,UA16+,https://www.justwatch.com/in/tv-show/mushoku-tensei-jobless-reincarnation,"['Action & Adventure', 'Animation', 'Drama', 'Fantasy', 'Science-Fiction', 'Classic Japanese Anime']",English (assumed),False,4,False
Dr. STONE,show,"Action & Adventure, Animation, Science-Fiction, Classic Japanese Anime",2019.0,8.1,43k,SonyLIV,International,Japan,24.0,UA13+,https://www.justwatch.com/in/tv-show/dr-stone,"['Action & Adventure', 'Animation', 'Science-Fiction', 'Classic Japanese Anime']",English (assumed),False,2,False
Naruto Shippūden,show,"Action & Adventure, Animation, Comedy, Drama, Fantasy, Science-Fiction, Classic Japanese Anime",2007.0,8.7,224k,SonyLIV,International,Japan,22.0,U,https://www.justwatch.com/in/tv-show/naruto-shippuden,"['Action & Adventure', 'Animation', 'Comedy', 'Drama', 'Fantasy', 'Science-Fiction', 'Classic Japanese Anime']",English (assumed),False,1,True
Black Clover,show,"Action & Adventure, Animation, Comedy, Drama, Fantasy, Kids & Family, Mystery & Thriller, Science-Fiction, Classic Japanese Anime",2017.0,8.2,49k,SonyLIV,International,Japan,23.0,UA13+,https://www.justwatch.com/in/tv-show/black-clover,"['Action & Adventure', 'Animation', 'Comedy', 'Drama', 'Fantasy', 'Kids & Family', 'Mystery & Thriller', 'Science-Fiction', 'Classic Japanese Anime']",English (assumed),False,1,True
Naruto,show,"Action & Adventure, Animation, Comedy, Fantasy, Science-Fiction, Classic Japanese Anime",2002.0,8.4,169k,SonyLIV,International,Japan,23.0,UA16+,https://www.justwatch.com/in/tv-show/naruto,"['Action & Adventure', 'Animation', 'Comedy', 'Fantasy', 'Science-Fiction', 'Classic Japanese Anime']",English (assumed),False,2,False
Solo Leveling,show,"Action & Adventure, Animation, Fantasy, Science-Fiction, Classic Japanese Anime",2024.0,8.5,114k,SonyLIV,International,"Japan, South Korea",,,https://www.justwatch.com/in/tv-show/solo-leveling-2024,"['Action & Adventure', 'Animation', 'Fantasy', 'Science-Fiction', 'Classic Japanese Anime']",English (assumed),True,1,True
Classroom of the Elite,show,"Animation, Drama, Mystery & Thriller, Classic Japanese Anime",2017.0,7.7,25k,SonyLIV,International,Japan,23.0,UA16+,https://www.justwatch.com/in/tv-show/classroom-of-the-elite,"['Animation', 'Drama', 'Mystery & Thriller', 'Classic Japanese Anime']",English (assumed),False,4,False
Kimetsu no Yaiba,show,"Action & Adventure, Animation, Fantasy, Mystery & Thriller, Science-Fiction, Classic Japanese Anime",2019.0,8.6,229k,SonyLIV,International,Japan,26.0,A,https://www.justwatch.com/in/tv-show/demon-slayer-kimetsu-no-yaiba,"['Action & Adventure', 'Animation', 'Fantasy', 'Mystery & Thriller', 'Science-Fiction', 'Classic Japanese Anime']",English (assumed),False,4,False
Wistoria: Wand and Sword,show,"Action & Adventure, Animation, Drama, Fantasy, Science-Fiction, Classic Japanese Anime",2024.0,7.7,6k,SonyLIV,International,Japan,23.0,A,https://www.justwatch.com/in/tv-show/wistoria-wand-and-sword,"['Action & Adventure', 'Animation', 'Drama', 'Fantasy', 'Science-Fiction', 'Classic Japanese Anime']",English (assumed),True,1,True
Scam 1992: The Harshad Mehta Story,show,"Crime, Drama, Mystery & Thriller, Bollywood",2020.0,9.2,159k,SonyLIV,Indian,India,52.0,U,https://www.justwatch.com/in/tv-show/scam-1992,"['Crime', 'Drama', 'Mystery & Thriller', 'Bollywood']",Hindi,False,1,True
Tensei Shitara Suraimu Datta Ken,show,"Action & Adventure, Animation, Comedy, Fantasy, Science-Fiction, Classic Japanese Anime",2018.0,8.0,25k,SonyLIV,International,Japan,24.0,UA16+,https://www.justwatch.com/in/tv-show/that-time-i-got-reincarnated-as-a-slime,"['Action & Adventure', 'Animation', 'Comedy', 'Fantasy', 'Science-Fiction', 'Classic Japanese Anime']",English (assumed),False,4,False
Bleach,show,"Action & Adventure, Animation, Fantasy, Science-Fiction, Classic Japanese Anime",2004.0,8.2,92k,SonyLIV,International,Japan,24.0,UA16+,https://www.justwatch.com/in/tv-show/bleach,"['Action & Adventure', 'Animation', 'Fantasy', 'Science-Fiction', 'Classic Japanese Anime']",English (assumed),False,1,True
Tôkyô Ribenjâzu,show,"Action & Adventure, Animation, Drama, Classic Japanese Anime",2021.0,7.7,33k,SonyLIV,International,Japan,24.0,UA16+,https://www.justwatch.com/in/tv-show/tokyo-revengers,"['Action & Adventure', 'Animation', 'Drama', 'Classic Japanese Anime']",English (assumed),False,4,False
My Hero Academia,show,"Action & Adventure, Animation, Comedy, Fantasy, Science-Fiction, Classic Japanese Anime",2016.0,8.2,122k,SonyLIV,International,Japan,24.0,U,https://www.justwatch.com/in/tv-show/my-hero-academia,"['Action & Adventure', 'Animation', 'Comedy', 'Fantasy', 'Science-Fiction', 'Classic Japanese Anime']",English (assumed),False,4,False
SPY x FAMILY,show,"Action & Adventure, Animation, Comedy, Mystery & Thriller, Classic Japanese Anime",2022.0,8.2,62k,SonyLIV,International,Japan,25.0,UA16+,https://www.justwatch.com/in/tv-show/spy-x-family,"['Action & Adventure', 'Animation', 'Comedy', 'Mystery & Thriller', 'Classic Japanese Anime']",English (assumed),False,4,False
Re:Zero kara Hajimeru Isekai Seikatsu,show,"Action & Adventure, Animation, Drama, Fantasy, Horror, Mystery & Thriller, Romance, Science-Fiction, Classic Japanese Anime",2016.0,8.2,72k,SonyLIV,International,Japan,26.0,UA16+,https://www.justwatch.com/in/tv-show/re-zero-starting-life-in-another-world,"['Action & Adventure', 'Animation', 'Drama', 'Fantasy', 'Horror', 'Mystery & Thriller', 'Romance', 'Science-Fiction', 'Classic Japanese Anime']",English (assumed),False,2,False
Haikyu!!,show,"Animation, Comedy, Drama, Sport, Classic Japanese Anime",2014.0,8.7,54k,SonyLIV,International,Japan,24.0,UA13+,https://www.justwatch.com/in/tv-show/haikyu,"['Animation', 'Comedy', 'Drama', 'Sport', 'Classic Japanese Anime']",English (assumed),False,4,False
Boruto: Naruto Next Generations,show,"Action & Adventure, Animation, Comedy, Drama, Fantasy, Classic Japanese Anime",2017.0,6.3,35k,SonyLIV,International,Japan,,,https://www.justwatch.com/in/tv-show/boruto-naruto-next-generations,"['Action & Adventure', 'Animation', 'Comedy', 'Drama', 'Fantasy', 'Classic Japanese Anime']",English (assumed),False,1,True
Smoking Behind the Supermarket with You,show,"Animation, Comedy, Drama, Romance",2026.0,,,SonyLIV,International,Japan,17.0,UA13+,https://www.justwatch.com/in/tv-show/super-no-ura-de-yani-su-futari,"['Animation', 'Comedy', 'Drama', 'Romance']",English (assumed),True,1,True
Taarak Mehta Ka Ooltah Chashmah,show,"Comedy, Drama, Kids & Family, Bollywood",2008.0,8.2,15k,SonyLIV,Indian,India,29.0,UA7+,https://www.justwatch.com/in/tv-show/taarak-mehta-ka-ooltah-chashmah,"['Comedy', 'Drama', 'Kids & Family', 'Bollywood']",Hindi,False,1,True
College Romance,show,"Comedy, Drama, Romance, RomCom, Dramedy",2018.0,8.3,29k,SonyLIV,Indian,India,31.0,A,https://www.justwatch.com/in/tv-show/college-romance,"['Comedy', 'Drama', 'Romance', 'RomCom', 'Dramedy']",Regional Indian (unspecified),False,1,True
"Kanojo, Okarishimasu",show,"Animation, Comedy, Romance, Classic Japanese Anime",2020.0,6.7,12k,SonyLIV,International,Japan,24.0,A,https://www.justwatch.com/in/tv-show/rent-a-girlfriend,"['Animation', 'Comedy', 'Romance', 'Classic Japanese Anime']",English (assumed),False,1,True
Arifureta: From Commonplace to World's Strongest,show,"Action & Adventure, Animation, Fantasy, Romance, Science-Fiction, Classic Japanese Anime",2019.0,7.0,6k,SonyLIV,International,Japan,,,https://www.justwatch.com/in/tv-show/arifureta-from-commonplace-to-worlds-strongest,"['Action & Adventure', 'Animation', 'Fantasy', 'Romance', 'Science-Fiction', 'Classic Japanese Anime']",English (assumed),False,1,True
Daemons of the Shadow Realm,show,"Action & Adventure, Animation, Drama, Fantasy, Science-Fiction, Classic Japanese Anime",2026.0,8.0,1k,SonyLIV,International,Japan,23.0,A,https://www.justwatch.com/in/tv-show/daemons-of-the-shadow-realm,"['Action & Adventure', 'Animation', 'Drama', 'Fantasy', 'Science-Fiction', 'Classic Japanese Anime']",English (assumed),True,1,True
Horimiya,show,"Animation, Comedy, Drama, Romance, Classic Japanese Anime",2021.0,8.0,25k,SonyLIV,International,Japan,23.0,UA,https://www.justwatch.com/in/tv-show/horimiya,"['Animation', 'Comedy', 'Drama', 'Romance', 'Classic Japanese Anime']",English (assumed),False,1,True
Indian Idol,show,"Music & Musical, Reality TV",2004.0,,,SonyLIV,Indian,India,78.0,U,https://www.justwatch.com/in/tv-show/indian-idol,"['Music & Musical', 'Reality TV']",Regional Indian (unspecified),False,1,True
Fullmetal Alchemist: Brotherhood,show,"Action & Adventure, Animation, Comedy, Drama, Fantasy, Science-Fiction, Classic Japanese Anime",2009.0,9.1,251k,SonyLIV,International,Japan,29.0,UA,https://www.justwatch.com/in/tv-show/fullmetal-alchemist-brotherhood,"['Action & Adventure', 'Animation', 'Comedy', 'Drama', 'Fantasy', 'Science-Fiction', 'Classic Japanese Anime']",English (assumed),False,2,False
Frieren: Beyond Journey's End,show,"Action & Adventure, Animation, Comedy, Drama, Fantasy, Science-Fiction, Classic Japanese Anime",2023.0,8.9,78k,SonyLIV,International,Japan,25.0,UA16+,https://www.justwatch.com/in/tv-show/frieren-beyond-journeys-end,"['Action & Adventure', 'Animation', 'Comedy', 'Drama', 'Fantasy', 'Science-Fiction', 'Classic Japanese Anime']",English (assumed),False,2,False
Scam 2003: The Telgi Story,show,"Crime, Drama, Bollywood, Biopics",2023.0,,,SonyLIV,Indian,India,44.0,UA16+,https://www.justwatch.com/in/tv-show/scam-2003-the-telgi-story,"['Crime', 'Drama', 'Bollywood', 'Biopics']",Hindi,False,1,True
Nirmal Pathak Ki Ghar Wapsi,show,"Drama, Kids & Family, Emotional Drama",2022.0,8.3,2k,SonyLIV,Indian,India,40.0,A,https://www.justwatch.com/in/tv-show/nirmal-pathak-ki-ghar-wapasi,"['Drama', 'Kids & Family', 'Emotional Drama']",Regional Indian (unspecified),False,1,True
Maharani,show,"Drama, Bollywood",2021.0,8.0,10k,SonyLIV,Indian,India,45.0,A,https://www.justwatch.com/in/tv-show/maharani-2021,"['Drama', 'Bollywood']",Hindi,False,1,True
The Angel Next Door Spoils Me Rotten,show,"Animation, Comedy, Drama, Romance, Classic Japanese Anime",2023.0,7.8,7k,SonyLIV,International,Japan,,,https://www.justwatch.com/in/tv-show/the-angel-next-door-spoils-me-rotten,"['Animation', 'Comedy', 'Drama', 'Romance', 'Classic Japanese Anime']",English (assumed),False,1,True
Gintama,show,"Action & Adventure, Animation, Comedy, Science-Fiction, Classic Japanese Anime",2006.0,8.7,21k,SonyLIV,International,Japan,24.0,UA16+,https://www.justwatch.com/in/tv-show/gintama,"['Action & Adventure', 'Animation', 'Comedy', 'Science-Fiction', 'Classic Japanese Anime']",English (assumed),False,1,True
The Good Doctor,show,"Drama, Emotional Drama",2017.0,8.0,130k,SonyLIV,International,United States,43.0,U,https://www.justwatch.com/in/tv-show/the-good-doctor,"['Drama', 'Emotional Drama']",English (assumed),False,1,True
Freedom at Midnight,show,"Drama, History, War & Military",2024.0,8.4,3k,SonyLIV,Indian,India,48.0,UA13+,https://www.justwatch.com/in/tv-show/freedom-at-midnight,"['Drama', 'History', 'War & Military']",Regional Indian (unspecified),True,1,True
The Misfit of Demon King Academy,show,"Action & Adventure, Animation, Comedy, Fantasy, Romance, Science-Fiction, Classic Japanese Anime",2020.0,7.1,7k,SonyLIV,International,Japan,,,https://www.justwatch.com/in/tv-show/the-misfit-of-demon-king-academy,"['Action & Adventure', 'Animation', 'Comedy', 'Fantasy', 'Romance', 'Science-Fiction', 'Classic Japanese Anime']",English (assumed),False,1,True
Kusuriya no Hitorigoto,show,"Animation, Drama, History, Mystery & Thriller, Romance, Classic Japanese Anime",2023.0,8.6,25k,SonyLIV,International,Japan,23.0,UA16+,https://www.justwatch.com/in/tv-show/the-apothecary-diaries,"['Animation', 'Drama', 'History', 'Mystery & Thriller', 'Romance', 'Classic Japanese Anime']",English (assumed),False,1,True
Dandadan,show,"Action & Adventure, Animation, Comedy, Fantasy, Mystery & Thriller, Romance, Science-Fiction, Classic Japanese Anime",2024.0,8.3,55k,SonyLIV,International,Japan,24.0,UA16+,https://www.justwatch.com/in/tv-show/dan-da-dan,"['Action & Adventure', 'Animation', 'Comedy', 'Fantasy', 'Mystery & Thriller', 'Romance', 'Science-Fiction', 'Classic Japanese Anime']",English (assumed),True,2,False
Chainsaw Man,show,"Action & Adventure, Animation, Comedy, Fantasy, Science-Fiction, Classic Japanese Anime",2022.0,8.3,105k,SonyLIV,International,Japan,24.0,A,https://www.justwatch.com/in/tv-show/chainsaw-man,"['Action & Adventure', 'Animation', 'Comedy', 'Fantasy', 'Science-Fiction', 'Classic Japanese Anime']",English (assumed),False,2,False
Hunter x Hunter,show,"Action & Adventure, Animation, Comedy, Fantasy, Science-Fiction, Classic Japanese Anime",2011.0,9.0,197k,SonyLIV,International,Japan,23.0,UA16+,https://www.justwatch.com/in/tv-show/hunter-x-hunter,"['Action & Adventure', 'Animation', 'Comedy', 'Fantasy', 'Science-Fiction', 'Classic Japanese Anime']",English (assumed),False,2,False
Dragon Ball Super,show,"Action & Adventure, Animation, Comedy, Fantasy, Kids & Family, Science-Fiction, Classic Japanese Anime",2015.0,8.3,46k,SonyLIV,International,Japan,23.0,U,https://www.justwatch.com/in/tv-show/dragon-ball-super,"['Action & Adventure', 'Animation', 'Comedy', 'Fantasy', 'Kids & Family', 'Science-Fiction', 'Classic Japanese Anime']",English (assumed),False,1,True
Vinland Saga,show,"Action & Adventure, Animation, Drama, History, War & Military, Classic Japanese Anime",2019.0,8.9,142k,SonyLIV,International,Japan,25.0,A,https://www.justwatch.com/in/tv-show/vinland-saga,"['Action & Adventure', 'Animation', 'Drama', 'History', 'War & Military', 'Classic Japanese Anime']",English (assumed),False,2,False
The Beginning After the End,show,"Action & Adventure, Animation, Drama, Fantasy, Classic Japanese Anime",2025.0,5.8,3k,SonyLIV,International,Japan,22.0,UA16+,https://www.justwatch.com/in/tv-show/the-beginning-after-the-end,"['Action & Adventure', 'Animation', 'Drama', 'Fantasy', 'Classic Japanese Anime']",English (assumed),True,1,True
KILL BLUE,show,"Action & Adventure, Animation, Comedy",2026.0,,,SonyLIV,International,Japan,24.0,UA13+,https://www.justwatch.com/in/tv-show/kill-blue,"['Action & Adventure', 'Animation', 'Comedy']",English (assumed),True,1,True
C.I.D.,show,"Action & Adventure, Crime, Drama, Mystery & Thriller, Action Thriller",1998.0,7.1,5k,SonyLIV,Indian,India,23.0,UA13+,https://www.justwatch.com/in/tv-show/c-i-d,"['Action & Adventure', 'Crime', 'Drama', 'Mystery & Thriller', 'Action Thriller']",Regional Indian (unspecified),False,1,True
Kaiju No. 8,show,"Action & Adventure, Animation, Comedy, Science-Fiction, Classic Japanese Anime",2024.0,8.2,32k,SonyLIV,International,Japan,23.0,UA13+,https://www.justwatch.com/in/tv-show/kaiju-no-8,"['Action & Adventure', 'Animation', 'Comedy', 'Science-Fiction', 'Classic Japanese Anime']",English (assumed),True,1,True
Kuttram Purindhavan: The Guilty One,show,"Crime, Drama, Bollywood",2025.0,7.8,1k,SonyLIV,Indian,India,,,https://www.justwatch.com/in/tv-show/kuttram-purindhavan-the-guilty-one,"['Crime', 'Drama', 'Bollywood']",Hindi,True,1,True
Wind Breaker,show,"Action & Adventure, Animation, Comedy, Drama, Classic Japanese Anime",2024.0,7.4,9k,SonyLIV,International,Japan,23.0,UA16+,https://www.justwatch.com/in/tv-show/wind-breaker,"['Action & Adventure', 'Animation', 'Comedy', 'Drama', 'Classic Japanese Anime']",English (assumed),True,2,False
MASHLE: MAGIC AND MUSCLES,show,"Action & Adventure, Animation, Comedy, Fantasy, Science-Fiction, Classic Japanese Anime",2023.0,7.5,16k,SonyLIV,International,Japan,23.0,UA7+,https://www.justwatch.com/in/tv-show/mashle-magic-and-muscles,"['Action & Adventure', 'Animation', 'Comedy', 'Fantasy', 'Science-Fiction', 'Classic Japanese Anime']",English (assumed),False,1,True
I Want to End This Love Game,show,Comedy,2026.0,,,SonyLIV,International,Japan,,,https://www.justwatch.com/in/tv-show/i-want-to-end-this-love-game,['Comedy'],English (assumed),True,1,True
Iru Dhuruvam,show,"Crime, Mystery & Thriller, Bollywood, Detective Crime",2019.0,7.7,1k,SonyLIV,Indian,India,27.0,A,https://www.justwatch.com/in/tv-show/iru-dhuruvam,"['Crime', 'Mystery & Thriller', 'Bollywood', 'Detective Crime']",Hindi,False,1,True
Rich Girl Caretaker,show,"Animation, Comedy, Romance",2026.0,,,SonyLIV,International,Japan,,,https://www.justwatch.com/in/tv-show/rich-girl-caretaker,"['Animation', 'Comedy', 'Romance']",English (assumed),True,1,True
Alya Sometimes Hides Her Feelings in Russian,show,"Animation, Comedy, Romance, Classic Japanese Anime",2024.0,7.2,8k,SonyLIV,International,Japan,24.0,UA13+,https://www.justwatch.com/in/tv-show/alya-sometimes-hides-her-feelings-in-russian,"['Animation', 'Comedy', 'Romance', 'Classic Japanese Anime']",English (assumed),True,1,True
Dr. Arora,show,"Comedy, Drama, Bollywood, Dramedy",2022.0,7.1,2k,SonyLIV,Indian,India,37.0,A,https://www.justwatch.com/in/tv-show/dr-arora,"['Comedy', 'Drama', 'Bollywood', 'Dramedy']",Hindi,False,1,True
Bade Achhe Lagte Hain,show,"Drama, Romance, Romantic Drama",2011.0,,,SonyLIV,Indian,India,22.0,U,https://www.justwatch.com/in/tv-show/bade-achhe-lagte-hain,"['Drama', 'Romance', 'Romantic Drama']",Regional Indian (unspecified),False,1,True
Saga of Tanya the Evil,show,"Action & Adventure, Animation, Drama, Fantasy, Science-Fiction, War & Military, Classic Japanese Anime",2017.0,7.6,5k,SonyLIV,International,Japan,24.0,UA16+,https://www.justwatch.com/in/tv-show/saga-of-tanya-the-evil,"['Action & Adventure', 'Animation', 'Drama', 'Fantasy', 'Science-Fiction', 'War & Military', 'Classic Japanese Anime']",English (assumed),False,2,False
Code Geass: Lelouch of the Rebellion,show,"Action & Adventure, Animation, Drama, Fantasy, Mystery & Thriller, Science-Fiction, Classic Japanese Anime",2006.0,8.7,83k,SonyLIV,International,Japan,24.0,UA16+,https://www.justwatch.com/in/tv-show/code-geass-lelouch-of-the-rebellion,"['Action & Adventure', 'Animation', 'Drama', 'Fantasy', 'Mystery & Thriller', 'Science-Fiction', 'Classic Japanese Anime']",English (assumed),False,1,True
Kuroko's Basketball,show,"Animation, Comedy, Drama, Sport, Classic Japanese Anime",2012.0,8.2,16k,SonyLIV,International,Japan,24.0,UA13+,https://www.justwatch.com/in/tv-show/kurokos-basketball,"['Animation', 'Comedy', 'Drama', 'Sport', 'Classic Japanese Anime']",English (assumed),False,1,True
Mairimashita! Iruma-kun,show,"Animation, Comedy, Drama, Fantasy, Science-Fiction, Classic Japanese Anime",2019.0,7.6,3k,SonyLIV,International,Japan,24.0,UA13+,https://www.justwatch.com/in/tv-show/welcome-to-demon-school-iruma-kun,"['Animation', 'Comedy', 'Drama', 'Fantasy', 'Science-Fiction', 'Classic Japanese Anime']",English (assumed),False,3,False
Gachiakuta,show,"Action & Adventure, Animation, Drama, Fantasy, Science-Fiction, Classic Japanese Anime",2025.0,8.0,14k,SonyLIV,International,Japan,24.0,UA16+,https://www.justwatch.com/in/tv-show/gachiakuta,"['Action & Adventure', 'Animation', 'Drama', 'Fantasy', 'Science-Fiction', 'Classic Japanese Anime']",English (assumed),True,1,True
Fruits Basket,show,"Animation, Comedy, Drama, Fantasy, Romance, Science-Fiction, Classic Japanese Anime",2019.0,8.5,13k,SonyLIV,International,Japan,24.0,UA16+,https://www.justwatch.com/in/tv-show/fruits-basket,"['Animation', 'Comedy', 'Drama', 'Fantasy', 'Romance', 'Science-Fiction', 'Classic Japanese Anime']",English (assumed),False,1,True
Fullmetal Alchemist,show,"Action & Adventure, Animation, Comedy, Drama, Fantasy, Science-Fiction, Classic Japanese Anime",2003.0,8.5,86k,SonyLIV,International,Japan,24.0,UA16+,https://www.justwatch.com/in/tv-show/fullmetal-alchemist,"['Action & Adventure', 'Animation', 'Comedy', 'Drama', 'Fantasy', 'Science-Fiction', 'Classic Japanese Anime']",English (assumed),False,2,False
Marriage Toxin,show,"Action & Adventure, Animation, Comedy",2026.0,,,SonyLIV,International,Japan,,,https://www.justwatch.com/in/tv-show/marriage-toxin,"['Action & Adventure', 'Animation', 'Comedy']",English (assumed),True,1,True
Your Lie in April,show,"Animation, Comedy, Drama, Music & Musical, Romance, Classic Japanese Anime",2014.0,8.5,39k,SonyLIV,International,Japan,,,https://www.justwatch.com/in/tv-show/your-lie-in-april,"['Animation', 'Comedy', 'Drama', 'Music & Musical', 'Romance', 'Classic Japanese Anime']",English (assumed),False,1,True
Rocket Boys,show,"Drama, History, Dramedy",2022.0,8.8,20k,SonyLIV,Indian,India,44.0,UA16+,https://www.justwatch.com/in/tv-show/rocket-boys-2022,"['Drama', 'History', 'Dramedy']",Regional Indian (unspecified),False,1,True
Beyhadh,show,"Drama, Mystery & Thriller, Romance, Romantic Thriller",2016.0,7.2,1k,SonyLIV,Indian,India,21.0,UA,https://www.justwatch.com/in/tv-show/beyhadh,"['Drama', 'Mystery & Thriller', 'Romance', 'Romantic Thriller']",Regional Indian (unspecified),False,1,True
Sword Art Online,show,"Action & Adventure, Animation, Drama, Fantasy, Mystery & Thriller, Romance, Science-Fiction, Classic Japanese Anime",2012.0,7.5,54k,SonyLIV,International,Japan,23.0,A,https://www.justwatch.com/in/tv-show/sword-art-online-ii,"['Action & Adventure', 'Animation', 'Drama', 'Fantasy', 'Mystery & Thriller', 'Romance', 'Science-Fiction', 'Classic Japanese Anime']",English (assumed),False,4,False
Fairy Tail,show,"Action & Adventure, Animation, Comedy, Fantasy, Kids & Family, Science-Fiction, Classic Japanese Anime",2009.0,7.8,32k,SonyLIV,International,Japan,24.0,U,https://www.justwatch.com/in/tv-show/fairy-tail,"['Action & Adventure', 'Animation', 'Comedy', 'Fantasy', 'Kids & Family', 'Science-Fiction', 'Classic Japanese Anime']",English (assumed),False,1,True
Mob Psycho 100,show,"Action & Adventure, Animation, Comedy, Drama, Fantasy, Horror, Science-Fiction, Classic Japanese Anime",2016.0,8.5,68k,SonyLIV,International,Japan,24.0,UA16+,https://www.justwatch.com/in/tv-show/mob-psycho-100,"['Action & Adventure', 'Animation', 'Comedy', 'Drama', 'Fantasy', 'Horror', 'Science-Fiction', 'Classic Japanese Anime']",English (assumed),False,1,True
Jazz City,show,"Action & Adventure, Drama, History, Mystery & Thriller",2026.0,,,SonyLIV,Indian,India,,,https://www.justwatch.com/in/tv-show/jazz-city,"['Action & Adventure', 'Drama', 'History', 'Mystery & Thriller']",Regional Indian (unspecified),True,1,True
Hyouka,show,"Animation, Comedy, Drama, Kids & Family, Mystery & Thriller, Classic Japanese Anime",2012.0,7.7,7k,SonyLIV,International,Japan,,,https://www.justwatch.com/in/tv-show/hyouka,"['Animation', 'Comedy', 'Drama', 'Kids & Family', 'Mystery & Thriller', 'Classic Japanese Anime']",English (assumed),False,1,True
MasterChef India,show,"Reality TV, Reality Competition",2010.0,,,SonyLIV,Indian,India,49.0,U,https://www.justwatch.com/in/tv-show/masterchef-india,"['Reality TV', 'Reality Competition']",Regional Indian (unspecified),False,1,True
Overlord,show,"Action & Adventure, Animation, Fantasy, Science-Fiction, Classic Japanese Anime",2015.0,7.6,19k,SonyLIV,International,Japan,23.0,UA16+,https://www.justwatch.com/in/tv-show/overlord,"['Action & Adventure', 'Animation', 'Fantasy', 'Science-Fiction', 'Classic Japanese Anime']",English (assumed),False,1,True
Planet Earth,show,"Documentary, Kids & Family, Made in Europe",2006.0,9.4,235k,SonyLIV,International,United Kingdom,49.0,U,https://www.justwatch.com/in/tv-show/planet-earth,"['Documentary', 'Kids & Family', 'Made in Europe']",English (assumed),False,1,True
Masamune-kun's Revenge,show,"Animation, Comedy, Drama, Romance, Classic Japanese Anime",2017.0,6.6,5k,SonyLIV,International,Japan,23.0,A,https://www.justwatch.com/in/tv-show/masamune-kuns-revenge,"['Animation', 'Comedy', 'Drama', 'Romance', 'Classic Japanese Anime']",English (assumed),False,1,True
"Jack-of-All-Trades, Party of None",show,"Action & Adventure, Animation, Fantasy, Science-Fiction, Classic Japanese Anime",2026.0,6.7,1k,SonyLIV,International,Japan,,,https://www.justwatch.com/in/tv-show/jack-of-all-trades-party-of-none,"['Action & Adventure', 'Animation', 'Fantasy', 'Science-Fiction', 'Classic Japanese Anime']",English (assumed),True,2,False
Food Wars! Shokugeki no Soma,show,"Animation, Comedy, Drama, Fantasy, Mystery & Thriller, Classic Japanese Anime, Western Animation",2015.0,8.0,15k,SonyLIV,International,Japan,24.0,UA13+,https://www.justwatch.com/in/tv-show/food-wars-shokugeki-no-soma,"['Animation', 'Comedy', 'Drama', 'Fantasy', 'Mystery & Thriller', 'Classic Japanese Anime', 'Western Animation']",English (assumed),False,1,True
TSUKIMICHI -Moonlit Fantasy-,show,"Action & Adventure, Animation, Comedy, Science-Fiction, Classic Japanese Anime",2021.0,,,SonyLIV,International,Japan,23.0,UA13+,https://www.justwatch.com/in/tv-show/tsukimichi-moonlit-fantasy,"['Action & Adventure', 'Animation', 'Comedy', 'Science-Fiction', 'Classic Japanese Anime']",English (assumed),False,1,True
Takopi's Original Sin,show,"Animation, Drama, Science-Fiction, Classic Japanese Anime",2025.0,8.7,27k,SonyLIV,International,Japan,26.0,A,https://www.justwatch.com/in/tv-show/takopiis-original-sin,"['Animation', 'Drama', 'Science-Fiction', 'Classic Japanese Anime']",English (assumed),True,1,True
Buddy Daddies,show,"Action & Adventure, Animation, Comedy, Crime, Classic Japanese Anime",2023.0,8.0,3k,SonyLIV,International,Japan,24.0,UA13+,https://www.justwatch.com/in/tv-show/buddy-daddies,"['Action & Adventure', 'Animation', 'Comedy', 'Crime', 'Classic Japanese Anime']",English (assumed),False,1,True
Yamada-kun to Lv999 no Koi wo Suru,show,"Animation, Comedy, Romance, Classic Japanese Anime",2023.0,7.6,6k,SonyLIV,International,Japan,24.0,UA13+,https://www.justwatch.com/in/tv-show/my-love-story-with-yamada-kun-at-lv999,"['Animation', 'Comedy', 'Romance', 'Classic Japanese Anime']",English (assumed),False,1,True
"Black, White & Gray: Love Kills",show,"Crime, Drama, Mystery & Thriller, Dark Crime",2025.0,8.0,1k,SonyLIV,Indian,India,43.0,A,https://www.justwatch.com/in/tv-show/black-white-and-gray-love-kills,"['Crime', 'Drama', 'Mystery & Thriller', 'Dark Crime']",Regional Indian (unspecified),True,1,True
"Isekai de Cheat Skill wo Te ni Shita Ore wa, Genjitsu Sekai wo mo Musou Suru: Level Up wa Jinsei wo Kaeta",show,"Action & Adventure, Animation, Fantasy, Science-Fiction, Classic Japanese Anime",2023.0,6.6,5k,SonyLIV,International,Japan,24.0,UA13+,https://www.justwatch.com/in/tv-show/i-got-a-cheat-skill-in-another-world-and-became-unrivaled-in-the-real-world-too,"['Action & Adventure', 'Animation', 'Fantasy', 'Science-Fiction', 'Classic Japanese Anime']",English (assumed),False,1,True
Black Butler,show,"Action & Adventure, Animation, Comedy, Crime, Drama, Fantasy, Horror, Mystery & Thriller, Science-Fiction, Classic Japanese Anime",2008.0,8.1,2k,SonyLIV,International,Japan,24.0,A,https://www.justwatch.com/in/tv-show/black-butler,"['Action & Adventure', 'Animation', 'Comedy', 'Crime', 'Drama', 'Fantasy', 'Horror', 'Mystery & Thriller', 'Science-Fiction', 'Classic Japanese Anime']",English (assumed),False,1,True
Fate/stay night: Unlimited Blade Works,show,"Action & Adventure, Animation, Comedy, Drama, Fantasy, Science-Fiction, Classic Japanese Anime",2014.0,8.0,11k,SonyLIV,International,Japan,24.0,UA16+,https://www.justwatch.com/in/tv-show/fate-stay-night-unlimited-blade-works,"['Action & Adventure', 'Animation', 'Comedy', 'Drama', 'Fantasy', 'Science-Fiction', 'Classic Japanese Anime']",English (assumed),False,1,True
"DON'T TOY WITH ME, MISS NAGATORO",show,"Animation, Comedy, Drama, Romance, Classic Japanese Anime",2021.0,7.1,6k,SonyLIV,International,Japan,,,https://www.justwatch.com/in/tv-show/dont-toy-with-me-miss-nagatoro,"['Animation', 'Comedy', 'Drama', 'Romance', 'Classic Japanese Anime']",English (assumed),False,1,True
A Very British Scandal,show,"Drama, History, Period Drama",2021.0,7.0,8k,SonyLIV,International,United Kingdom,59.0,A,https://www.justwatch.com/in/tv-show/a-very-british-scandal,"['Drama', 'History', 'Period Drama']",English (assumed),False,1,True
Ansatsu kyôshitsu,show,"Action & Adventure, Animation, Comedy, Fantasy, Kids & Family, Science-Fiction, Classic Japanese Anime",2015.0,8.0,21k,SonyLIV,International,Japan,23.0,A,https://www.justwatch.com/in/tv-show/assassination-classroom,"['Action & Adventure', 'Animation', 'Comedy', 'Fantasy', 'Kids & Family', 'Science-Fiction', 'Classic Japanese Anime']",English (assumed),False,1,True
Long Bright River,show,"Crime, Drama, Mystery & Thriller, Detective Crime",2025.0,6.8,12k,SonyLIV,International,United States,,,https://www.justwatch.com/in/tv-show/long-bright-river,"['Crime', 'Drama', 'Mystery & Thriller', 'Detective Crime']",English (assumed),True,1,True
The Hunt: The Rajiv Gandhi Assassination Case,show,"Crime, Drama, History, Mystery & Thriller",2025.0,7.9,5k,SonyLIV,Indian,India,49.0,All,https://www.justwatch.com/in/tv-show/the-hunt-the-rajiv-gandhi-assassination-case,"['Crime', 'Drama', 'History', 'Mystery & Thriller']",Regional Indian (unspecified),True,1,True
Junji Ito Collection,show,"Animation, Drama, Horror, Mystery & Thriller, Science-Fiction, Classic Japanese Anime",2018.0,6.8,2k,SonyLIV,International,Japan,,,https://www.justwatch.com/in/tv-show/junji-ito-collection,"['Animation', 'Drama', 'Horror', 'Mystery & Thriller', 'Science-Fiction', 'Classic Japanese Anime']",English (assumed),False,1,True
Rooster Fighter,show,"Action & Adventure, Animation, Comedy, Science-Fiction, Classic Japanese Anime",2026.0,,,SonyLIV,International,United States,23.0,A,https://www.justwatch.com/in/tv-show/rooster-fighter,"['Action & Adventure', 'Animation', 'Comedy', 'Science-Fiction', 'Classic Japanese Anime']",English (assumed),True,1,True
The Wrong Way to Use Healing Magic,show,"Action & Adventure, Animation, Comedy, Fantasy, Science-Fiction, Classic Japanese Anime",2024.0,7.3,4k,SonyLIV,International,Japan,23.0,UA16+,https://www.justwatch.com/in/tv-show/the-wrong-way-to-use-healing-magic,"['Action & Adventure', 'Animation', 'Comedy', 'Fantasy', 'Science-Fiction', 'Classic Japanese Anime']",English (assumed),True,1,True
Court Kacheri,show,"Comedy, Drama, Dramedy",2025.0,,,SonyLIV,Indian,India,34.0,UA13+,https://www.justwatch.com/in/tv-show/court-kacheri,"['Comedy', 'Drama', 'Dramedy']",Regional Indian (unspecified),True,1,True
Super Dancer Maharashtra,show,Reality TV,2016.0,,,SonyLIV,Indian,India,69.0,UA7+,https://www.justwatch.com/in/tv-show/super-dancer,['Reality TV'],Regional Indian (unspecified),False,1,True
Hametsu no Oukoku,show,"Action & Adventure, Animation, Drama, Fantasy, Science-Fiction, Classic Japanese Anime",2023.0,6.2,1k,SonyLIV,International,Japan,,,https://www.justwatch.com/in/tv-show/the-kingdoms-of-ruin,"['Action & Adventure', 'Animation', 'Drama', 'Fantasy', 'Science-Fiction', 'Classic Japanese Anime']",English (assumed),False,1,True
Manvat Murders,show,"Crime, Drama, Mystery & Thriller",2024.0,7.1,1k,SonyLIV,Indian,India,38.0,A,https://www.justwatch.com/in/tv-show/manvat-murders,"['Crime', 'Drama', 'Mystery & Thriller']",Regional Indian (unspecified),True,1,True
THE LEVELING OF SOLO LEVELING,show,"Animation, Documentary",2024.0,,,SonyLIV,International,United States,,,https://www.justwatch.com/in/tv-show/the-leveling-of-solo-leveling,"['Animation', 'Documentary']",English (assumed),True,1,True
Faadu,show,"Drama, Bollywood, Romantic Drama",2022.0,,,SonyLIV,Indian,India,,,https://www.justwatch.com/in/tv-show/faadu,"['Drama', 'Bollywood', 'Romantic Drama']",Hindi,False,1,True
This City Is Ours,show,"Crime, Drama, Organized Crime",2025.0,7.8,10k,SonyLIV,International,United Kingdom,,,https://www.justwatch.com/in/tv-show/this-city-is-ours,"['Crime', 'Drama', 'Organized Crime']",English (assumed),True,1,True
The Kapil Sharma Show,show,"Comedy, Talkshows",2016.0,7.3,10k,SonyLIV,Indian,India,68.0,UA13+,https://www.justwatch.com/in/tv-show/the-kapil-sharma-show,"['Comedy', 'Talkshows']",Regional Indian (unspecified),False,1,True
Fire Force,show,"Action & Adventure, Animation, Comedy, Drama, Fantasy, Science-Fiction, Classic Japanese Anime",2019.0,7.6,21k,SonyLIV,International,Japan,24.0,A,https://www.justwatch.com/in/tv-show/fire-force,"['Action & Adventure', 'Animation', 'Comedy', 'Drama', 'Fantasy', 'Science-Fiction', 'Classic Japanese Anime']",English (assumed),False,1,True
Mujikaku Seijo wa Kyou mo Muishiki ni Chikara o Tare Nagasu,show,"Animation, Science-Fiction",2026.0,,,SonyLIV,International,Japan,,,https://www.justwatch.com/in/tv-show/mujikaku-seijo-wa-kyou-mo-muishiki-ni-chikara-o-tare-nagasu,"['Animation', 'Science-Fiction']",English (assumed),True,1,True
Kingdom,show,"Action & Adventure, Animation, Drama, History, War & Military, Classic Japanese Anime",2012.0,8.8,6k,SonyLIV,International,Japan,25.0,UA16+,https://www.justwatch.com/in/tv-show/kingdom-2012,"['Action & Adventure', 'Animation', 'Drama', 'History', 'War & Military', 'Classic Japanese Anime']",English (assumed),False,1,True
Cubicles,show,"Comedy, Drama, Dramedy",2019.0,8.2,9k,SonyLIV,Indian,India,30.0,UA16+,https://www.justwatch.com/in/tv-show/cubicles,"['Comedy', 'Drama', 'Dramedy']",Regional Indian (unspecified),False,1,True
Brinda,show,"Crime, Mystery & Thriller",2024.0,,,SonyLIV,Indian,India,42.0,A,https://www.justwatch.com/in/tv-show/brinda,"['Crime', 'Mystery & Thriller']",Regional Indian (unspecified),True,1,True
Twisted Metal,show,"Comedy, Drama, Fantasy, Mystery & Thriller, Science-Fiction, Sport, Action Adventure, Action Comedy",2023.0,7.3,40k,SonyLIV,International,United States,,,https://www.justwatch.com/in/tv-show/twisted-metal,"['Comedy', 'Drama', 'Fantasy', 'Mystery & Thriller', 'Science-Fiction', 'Sport', 'Action Adventure', 'Action Comedy']",English (assumed),False,1,True
Ben Fogle: New Lives in the Wild,show,"Documentary, 28, 55, Lists, Seen all, Sign in, to sync Watchlist",2013.0,,,SonyLIV,International,United Kingdom,,,https://www.justwatch.com/in/tv-show/ben-fogle-new-lives-in-the-wild,"['Documentary', '28', '55', 'Lists', 'Seen all', 'Sign in', 'to sync Watchlist']",English (assumed),False,1,True
A Sign of Affection,show,"Animation, Comedy, Drama, Romance, Classic Japanese Anime",2024.0,7.8,4k,SonyLIV,International,Japan,,,https://www.justwatch.com/in/tv-show/a-sign-of-affection,"['Animation', 'Comedy', 'Drama', 'Romance', 'Classic Japanese Anime']",English (assumed),True,1,True
Ranking of Kings,show,"Action & Adventure, Animation, Comedy, Drama, Fantasy, Science-Fiction, Classic Japanese Anime",2021.0,8.4,15k,SonyLIV,International,Japan,,,https://www.justwatch.com/in/tv-show/ranking-of-kings,"['Action & Adventure', 'Animation', 'Comedy', 'Drama', 'Fantasy', 'Science-Fiction', 'Classic Japanese Anime']",English (assumed),False,1,True
Cherry Magic! Thirty Years of Virginity Can Make You a Wizard?!,show,"Animation, Comedy, Drama, Fantasy, Romance",2020.0,8.2,2k,SonyLIV,International,Japan,24.0,UA13+,https://www.justwatch.com/in/tv-show/cherry-magic-thirty-years-of-virginity-can-make-you-a-wizard,"['Animation', 'Comedy', 'Drama', 'Fantasy', 'Romance']",English (assumed),False,1,True
Noblesse,show,"Action & Adventure, Animation, Comedy, Fantasy, Horror, Science-Fiction, Classic Japanese Anime",2020.0,7.0,2k,SonyLIV,International,Japan,,,https://www.justwatch.com/in/tv-show/noblesse,"['Action & Adventure', 'Animation', 'Comedy', 'Fantasy', 'Horror', 'Science-Fiction', 'Classic Japanese Anime']",English (assumed),False,1,True
AnoHana: The Flower We Saw That Day,show,"Animation, Drama, Fantasy, Romance, Classic Japanese Anime",2011.0,8.1,18k,SonyLIV,International,Japan,,,https://www.justwatch.com/in/tv-show/anohana-the-flower-we-saw-that-day,"['Animation', 'Drama', 'Fantasy', 'Romance', 'Classic Japanese Anime']",English (assumed),False,1,True
"Slime Taoshite 300-nen, Shiranai Uchi ni Level MAX ni Nattemashita",show,"Action & Adventure, Animation, Comedy, Fantasy, Science-Fiction, Classic Japanese Anime",2021.0,6.2,2k,SonyLIV,International,Japan,23.0,UA16+,https://www.justwatch.com/in/tv-show/ive-been-killing-slimes-for-300-years-and-maxed-out-my-level,"['Action & Adventure', 'Animation', 'Comedy', 'Fantasy', 'Science-Fiction', 'Classic Japanese Anime']",English (assumed),False,1,True
Kaguya-sama wa kokurasetai ~ Tensai tachi no ren'ai zunô sen ~,show,"Animation, Comedy, Drama, Romance, Classic Japanese Anime",2019.0,8.5,30k,SonyLIV,International,Japan,24.0,UA16+,https://www.justwatch.com/in/tv-show/kaguya-sama-love-is-war,"['Animation', 'Comedy', 'Drama', 'Romance', 'Classic Japanese Anime']",English (assumed),False,1,True
Scandinavia with Simon Reeve,show,"Documentary, Like, Dislike, Lists, Seen all, Sign in, to sync Watchlist",2025.0,,,SonyLIV,International,United Kingdom,,,https://www.justwatch.com/in/tv-show/scandinavia-with-simon-reeve,"['Documentary', 'Like', 'Dislike', 'Lists', 'Seen all', 'Sign in', 'to sync Watchlist']",English (assumed),True,1,True
The God of High School,show,"Action & Adventure, Animation, Comedy, Fantasy, Science-Fiction, Sport, Classic Japanese Anime",2020.0,7.2,9k,SonyLIV,International,Japan,,,https://www.justwatch.com/in/tv-show/the-god-of-high-school,"['Action & Adventure', 'Animation', 'Comedy', 'Fantasy', 'Science-Fiction', 'Sport', 'Classic Japanese Anime']",English (assumed),False,1,True
Stanley Tucci: Searching for Italy,show,"Documentary, Reality TV",2021.0,8.6,4k,SonyLIV,International,United States,,,https://www.justwatch.com/in/tv-show/stanley-tucci-searching-for-italy,"['Documentary', 'Reality TV']",English (assumed),False,1,True
Kimi no Koto ga Daidaidaidaidaisuki na 100-nin no Kanojo,show,"Animation, Comedy, Romance, Classic Japanese Anime",2023.0,6.9,4k,SonyLIV,International,Japan,,,https://www.justwatch.com/in/tv-show/the-100-girlfriends-who-really-really-really-really-really-love-you,"['Animation', 'Comedy', 'Romance', 'Classic Japanese Anime']",English (assumed),False,1,True
Tabbar,show,"Crime, Drama, Mystery & Thriller, Bollywood",2021.0,8.2,5k,SonyLIV,Indian,India,39.0,A,https://www.justwatch.com/in/tv-show/tabbar,"['Crime', 'Drama', 'Mystery & Thriller', 'Bollywood']",Hindi,False,1,True
CID Squad,show,"Action & Adventure, Animation, Crime, Mystery & Thriller",2025.0,,,SonyLIV,Indian,India,,,https://www.justwatch.com/in/tv-show/cid-squad,"['Action & Adventure', 'Animation', 'Crime', 'Mystery & Thriller']",Regional Indian (unspecified),True,1,True
Soul Eater,show,"Action & Adventure, Animation, Comedy, Fantasy, Horror, Science-Fiction, Classic Japanese Anime",2008.0,7.8,14k,SonyLIV,International,Japan,24.0,UA13+,https://www.justwatch.com/in/tv-show/soul-eater,"['Action & Adventure', 'Animation', 'Comedy', 'Fantasy', 'Horror', 'Science-Fiction', 'Classic Japanese Anime']",English (assumed),False,1,True
Shark Tank India,show,Reality TV,2021.0,8.6,4k,SonyLIV,Indian,India,61.0,U,https://www.justwatch.com/in/tv-show/shark-tank-india,['Reality TV'],Regional Indian (unspecified),False,1,True
Kusunoki's Garden of Gods,show,"Action & Adventure, Animation, Science-Fiction",2026.0,,,SonyLIV,International,Japan,,,https://www.justwatch.com/in/tv-show/kusunokis-garden-of-gods,"['Action & Adventure', 'Animation', 'Science-Fiction']",English (assumed),True,1,True
School Babysitters,show,"Animation, Comedy, Kids & Family, Classic Japanese Anime",2018.0,7.7,1k,SonyLIV,International,Japan,,,https://www.justwatch.com/in/tv-show/school-babysitters,"['Animation', 'Comedy', 'Kids & Family', 'Classic Japanese Anime']",English (assumed),False,1,True
Doc,show,"Drama, Emotional Drama",2025.0,7.3,7k,SonyLIV,International,United States,,,https://www.justwatch.com/in/tv-show/doc,"['Drama', 'Emotional Drama']",English (assumed),True,1,True
The Ancient Magus' Bride,show,"Animation, Drama, Fantasy, Horror, Romance, Science-Fiction, Classic Japanese Anime",2017.0,7.6,5k,SonyLIV,International,Japan,,,https://www.justwatch.com/in/tv-show/the-ancient-magus-bride,"['Animation', 'Drama', 'Fantasy', 'Horror', 'Romance', 'Science-Fiction', 'Classic Japanese Anime']",English (assumed),False,1,True
Gôruden Kamui,show,"Action & Adventure, Animation, Comedy, History, Western, Classic Japanese Anime",2018.0,8.0,3k,SonyLIV,International,Japan,,,https://www.justwatch.com/in/tv-show/golden-kamuy,"['Action & Adventure', 'Animation', 'Comedy', 'History', 'Western', 'Classic Japanese Anime']",English (assumed),False,1,True
The Fated Magical Princess: Who Made Me a Princess,show,"Animation, Comedy, Drama, Fantasy, Romance, Science-Fiction",2025.0,,,SonyLIV,International,China,,,https://www.justwatch.com/in/tv-show/who-made-me-a-princess,"['Animation', 'Comedy', 'Drama', 'Fantasy', 'Romance', 'Science-Fiction']",English (assumed),True,1,True
"Demon Lord, Retry!",show,"Action & Adventure, Animation, Comedy, Fantasy, Science-Fiction, Classic Japanese Anime",2019.0,6.6,1k,SonyLIV,International,Japan,,,https://www.justwatch.com/in/tv-show/demon-lord-retry,"['Action & Adventure', 'Animation', 'Comedy', 'Fantasy', 'Science-Fiction', 'Classic Japanese Anime']",English (assumed),False,1,True
Trapped in a Dating Sim: The World of Otome Games Is Tough for Mobs,show,"Animation, Comedy, Science-Fiction, Classic Japanese Anime",2022.0,,,SonyLIV,International,Japan,,,https://www.justwatch.com/in/tv-show/trapped-in-a-dating-sim-the-world-of-otome-games-is-tough-for-mobs,"['Animation', 'Comedy', 'Science-Fiction', 'Classic Japanese Anime']",English (assumed),False,1,True
Love J Action,show,,2021.0,,,SonyLIV,Indian,India,38.0,UA16+,https://www.justwatch.com/in/tv-show/love-j-action,[],Regional Indian (unspecified),False,1,True
Yeh Un Dinon Ki Baat Hai,show,"Drama, Romance, Romantic Drama, Like, Dislike, Lists, Seen all, Sign in, to sync Watchlist",2017.0,8.5,2k,SonyLIV,Indian,India,21.0,UA,https://www.justwatch.com/in/tv-show/yeh-un-dinon-ki-baat-hai,"['Drama', 'Romance', 'Romantic Drama', 'Like', 'Dislike', 'Lists', 'Seen all', 'Sign in', 'to sync Watchlist']",Regional Indian (unspecified),False,1,True
March Comes In Like a Lion,show,"Animation, Comedy, Drama, Romance, Classic Japanese Anime",2016.0,8.2,4k,SonyLIV,International,Japan,,,https://www.justwatch.com/in/tv-show/march-comes-in-like-a-lion,"['Animation', 'Comedy', 'Drama', 'Romance', 'Classic Japanese Anime']",English (assumed),False,1,True
Welcome to the N-H-K,show,"Animation, Comedy, Drama, Mystery & Thriller, Romance, Classic Japanese Anime",2006.0,8.2,10k,SonyLIV,International,Japan,,,https://www.justwatch.com/in/tv-show/welcome-to-the-n-h-k,"['Animation', 'Comedy', 'Drama', 'Mystery & Thriller', 'Romance', 'Classic Japanese Anime']",English (assumed),False,1,True
Accused,show,"Crime, Drama, Mystery & Thriller, Courtroom",2023.0,7.0,7k,SonyLIV,International,United States,,,https://www.justwatch.com/in/tv-show/accused-2023,"['Crime', 'Drama', 'Mystery & Thriller', 'Courtroom']",English (assumed),False,1,True
Rascal Does Not Dream of Bunny Girl Senpai,show,"Animation, Comedy, Drama, Fantasy, Mystery & Thriller, Romance, Classic Japanese Anime",2018.0,8.1,26k,SonyLIV,International,Japan,,,https://www.justwatch.com/in/tv-show/rascal-does-not-dream-of-bunny-girl-senpai,"['Animation', 'Comedy', 'Drama', 'Fantasy', 'Mystery & Thriller', 'Romance', 'Classic Japanese Anime']",English (assumed),False,1,True
MF Ghost,show,"Action & Adventure, Animation, Sport, Classic Japanese Anime",2023.0,,,SonyLIV,International,Japan,23.0,UA13+,https://www.justwatch.com/in/tv-show/mf-ghost,"['Action & Adventure', 'Animation', 'Sport', 'Classic Japanese Anime']",English (assumed),False,1,True
Ouran High School Host Club,show,"Animation, Comedy, Drama, Romance, Classic Japanese Anime",2006.0,8.1,14k,SonyLIV,International,Japan,23.0,UA13+,https://www.justwatch.com/in/tv-show/ouran-high-school-host-club,"['Animation', 'Comedy', 'Drama', 'Romance', 'Classic Japanese Anime']",English (assumed),False,1,True
Blue Spring Ride,show,"Animation, Comedy, Drama, Romance, Classic Japanese Anime",2014.0,7.5,6k,SonyLIV,International,Japan,,,https://www.justwatch.com/in/tv-show/blue-spring-ride,"['Animation', 'Comedy', 'Drama', 'Romance', 'Classic Japanese Anime']",English (assumed),False,1,True
Agents of the Four Seasons Dance of Spring,show,"Animation, Drama, Fantasy, Romance, Science-Fiction",2026.0,,,SonyLIV,International,Japan,,,https://www.justwatch.com/in/tv-show/agents-of-the-four-seasons-dance-of-spring,"['Animation', 'Drama', 'Fantasy', 'Romance', 'Science-Fiction']",English (assumed),True,1,True
Alert: Missing Persons Unit,show,"Action & Adventure, Crime, Drama, Mystery & Thriller, Romance, Emotional Drama",2023.0,6.0,4k,SonyLIV,International,United States,,,https://www.justwatch.com/in/tv-show/alert-missing-persons-unit,"['Action & Adventure', 'Crime', 'Drama', 'Mystery & Thriller', 'Romance', 'Emotional Drama']",English (assumed),False,1,True
ERASED,show,"Animation, Crime, Drama, Fantasy, Mystery & Thriller, Science-Fiction, Western Animation",2016.0,8.4,75k,SonyLIV,International,Japan,22.0,UA13+,https://www.justwatch.com/in/tv-show/erased,"['Animation', 'Crime', 'Drama', 'Fantasy', 'Mystery & Thriller', 'Science-Fiction', 'Western Animation']",English (assumed),False,1,True
Berserk of Gluttony,show,"Action & Adventure, Animation, Fantasy, Science-Fiction, Classic Japanese Anime",2023.0,6.8,2k,SonyLIV,International,Japan,,,https://www.justwatch.com/in/tv-show/berserk-of-gluttony,"['Action & Adventure', 'Animation', 'Fantasy', 'Science-Fiction', 'Classic Japanese Anime']",English (assumed),False,1,True
SHIBOYUGI: Playing Death Games to Put Food on the Table,show,"Action & Adventure, Animation, Drama, Fantasy, Mystery & Thriller, Classic Japanese Anime",2026.0,,,SonyLIV,International,Japan,26.0,UA16+,https://www.justwatch.com/in/tv-show/shiboyugi-playing-death-games-to-put-food-on-the-table,"['Action & Adventure', 'Animation', 'Drama', 'Fantasy', 'Mystery & Thriller', 'Classic Japanese Anime']",English (assumed),True,1,True
The Devil Is a Part-Timer!,show,"Action & Adventure, Animation, Comedy, Fantasy, Science-Fiction, Classic Japanese Anime",2013.0,7.4,10k,SonyLIV,International,Japan,,,https://www.justwatch.com/in/tv-show/the-devil-is-a-part-timer,"['Action & Adventure', 'Animation', 'Comedy', 'Fantasy', 'Science-Fiction', 'Classic Japanese Anime']",English (assumed),False,1,True
Goblin Slayer,show,"Action & Adventure, Animation, Fantasy, Horror, Science-Fiction, Classic Japanese Anime",2018.0,7.3,13k,SonyLIV,International,Japan,23.0,UA16+,https://www.justwatch.com/in/tv-show/goblin-slayer,"['Action & Adventure', 'Animation', 'Fantasy', 'Horror', 'Science-Fiction', 'Classic Japanese Anime']",English (assumed),False,1,True
The Narrow Road to the Deep North,show,"Drama, Romance, War & Military, Romantic Drama",2025.0,7.2,4k,SonyLIV,International,"Australia, United States",,,https://www.justwatch.com/in/tv-show/the-narrow-road-to-the-deep-north,"['Drama', 'Romance', 'War & Military', 'Romantic Drama']",English (assumed),True,1,True
The Case Study of Vanitas,show,"Action & Adventure, Animation, Fantasy, Horror, Science-Fiction, Classic Japanese Anime",2021.0,7.6,3k,SonyLIV,International,Japan,,,https://www.justwatch.com/in/tv-show/the-case-study-of-vanitas,"['Action & Adventure', 'Animation', 'Fantasy', 'Horror', 'Science-Fiction', 'Classic Japanese Anime']",English (assumed),False,1,True
Shrimad Ramayan,show,"Drama, Fantasy, Kids & Family, Romance, War & Military, Bollywood",2024.0,8.9,2k,SonyLIV,Indian,India,23.0,U,https://www.justwatch.com/in/tv-show/shrimad-ramayan,"['Drama', 'Fantasy', 'Kids & Family', 'Romance', 'War & Military', 'Bollywood']",Hindi,True,1,True
Alex Rider,show,"Drama, Mystery & Thriller, Action Adventure",2020.0,7.5,19k,SonyLIV,International,United Kingdom,44.0,UA16+,https://www.justwatch.com/in/tv-show/alex-rider,"['Drama', 'Mystery & Thriller', 'Action Adventure']",English (assumed),False,1,True
Blue Exorcist,show,"Action & Adventure, Animation, Drama, Fantasy, Horror, Mystery & Thriller, Science-Fiction, Classic Japanese Anime",2011.0,7.4,17k,SonyLIV,International,Japan,,,https://www.justwatch.com/in/tv-show/blue-exorcist,"['Action & Adventure', 'Animation', 'Drama', 'Fantasy', 'Horror', 'Mystery & Thriller', 'Science-Fiction', 'Classic Japanese Anime']",English (assumed),False,1,True
Always a Catch!,show,"Animation, Comedy, Science-Fiction, Classic Japanese Anime",2026.0,,,SonyLIV,International,Japan,,,https://www.justwatch.com/in/tv-show/always-a-catch,"['Animation', 'Comedy', 'Science-Fiction', 'Classic Japanese Anime']",English (assumed),True,1,True
Skip and Loafer,show,"Comedy, Drama, Classic Japanese Anime",2023.0,,,SonyLIV,International,Japan,,,https://www.justwatch.com/in/tv-show/skip-and-loafer,"['Comedy', 'Drama', 'Classic Japanese Anime']",English (assumed),False,1,True
Can a Boy-Girl Friendship Survive?,show,"Animation, Comedy, Romance, Classic Japanese Anime",2025.0,6.3,1k,SonyLIV,International,Japan,23.0,UA16+,https://www.justwatch.com/in/tv-show/can-a-boy-girl-friendship-survive,"['Animation', 'Comedy', 'Romance', 'Classic Japanese Anime']",English (assumed),True,1,True
Amagami-san Chi no Enmusubi,show,"Animation, Comedy, Drama, Romance, Dramedy",2024.0,6.5,1k,SonyLIV,International,Japan,,,https://www.justwatch.com/in/tv-show/tying-the-knot-with-an-amagami-sister,"['Animation', 'Comedy', 'Drama', 'Romance', 'Dramedy']",English (assumed),True,1,True
Vijirante Boku no Hîrô Akademia Irîgarusu,show,"Action & Adventure, Animation, Crime, Drama, Fantasy, Science-Fiction, Classic Japanese Anime",2025.0,7.2,2k,SonyLIV,International,Japan,24.0,UA16+,https://www.justwatch.com/in/tv-show/my-hero-academia-vigilantes,"['Action & Adventure', 'Animation', 'Crime', 'Drama', 'Fantasy', 'Science-Fiction', 'Classic Japanese Anime']",English (assumed),True,1,True
Mischievous Kiss: Love in Tokyo,show,"Comedy, Drama, Romance",2013.0,7.5,1k,SonyLIV,International,Japan,,,https://www.justwatch.com/in/tv-show/mischievous-kiss-love-in-tokyo,"['Comedy', 'Drama', 'Romance']",English (assumed),False,1,True
"Noble Reincarnation: Born Blessed, So I'll Obtain Ultimate Power",show,"Action & Adventure, Animation, Fantasy, Science-Fiction, Classic Japanese Anime",2026.0,,,SonyLIV,International,Japan,,,https://www.justwatch.com/in/tv-show/noble-reincarnation,"['Action & Adventure', 'Animation', 'Fantasy', 'Science-Fiction', 'Classic Japanese Anime']",English (assumed),True,1,True
A Couple of Cuckoos,show,"Animation, Comedy, Romance, Classic Japanese Anime",2022.0,6.8,3k,SonyLIV,International,Japan,,,https://www.justwatch.com/in/tv-show/a-couple-of-cuckoos,"['Animation', 'Comedy', 'Romance', 'Classic Japanese Anime']",English (assumed),False,1,True
The Prince of Tennis,show,"Action & Adventure, Animation, Comedy, Drama, Sport, Classic Japanese Anime",2001.0,,,SonyLIV,International,Japan,,,https://www.justwatch.com/in/tv-show/the-prince-of-tennis,"['Action & Adventure', 'Animation', 'Comedy', 'Drama', 'Sport', 'Classic Japanese Anime']",English (assumed),False,1,True
"The Ossan Newbie Adventurer, Trained to Death by the Most Powerful Party, Became Invincible",show,"Action & Adventure, Animation, Comedy, Fantasy, Science-Fiction, Classic Japanese Anime",2024.0,7.2,2k,SonyLIV,International,Japan,,,https://www.justwatch.com/in/tv-show/the-ossan-newbie-adventurer-trained-to-death-by-the-most-powerful-party-became-invincible-2024,"['Action & Adventure', 'Animation', 'Comedy', 'Fantasy', 'Science-Fiction', 'Classic Japanese Anime']",English (assumed),True,1,True
To Your Eternity,show,"Action & Adventure, Animation, Drama, Fantasy, Science-Fiction, Classic Japanese Anime",2021.0,8.3,13k,SonyLIV,International,Japan,25.0,UA13+,https://www.justwatch.com/in/tv-show/to-your-eternity,"['Action & Adventure', 'Animation', 'Drama', 'Fantasy', 'Science-Fiction', 'Classic Japanese Anime']",English (assumed),False,1,True
Engage Kiss,show,"Action & Adventure, Animation, Comedy, Drama, Fantasy, Romance, Science-Fiction, Classic Japanese Anime",2022.0,6.5,1k,SonyLIV,International,Japan,24.0,A,https://www.justwatch.com/in/tv-show/engage-kiss,"['Action & Adventure', 'Animation', 'Comedy', 'Drama', 'Fantasy', 'Romance', 'Science-Fiction', 'Classic Japanese Anime']",English (assumed),False,1,True
Otaku ni Yasashii Gal wa inai!?,show,"Animation, Comedy, Romance, Classic Japanese Anime",2026.0,,,SonyLIV,International,Japan,,,https://www.justwatch.com/in/tv-show/gals-cant-be-kind-to-otaku,"['Animation', 'Comedy', 'Romance', 'Classic Japanese Anime']",English (assumed),True,1,True
An Archdemon's Dilemma: How to Love Your Elf Bride,show,"Action & Adventure, Animation, Comedy, Fantasy, Romance, Science-Fiction, Classic Japanese Anime",2024.0,7.3,2k,SonyLIV,International,Japan,,,https://www.justwatch.com/in/tv-show/an-archdemons-dilemma-how-to-love-your-elf-bride,"['Action & Adventure', 'Animation', 'Comedy', 'Fantasy', 'Romance', 'Science-Fiction', 'Classic Japanese Anime']",English (assumed),True,1,True
Easygoing Territory Defense by the Optimistic Lord,show,"Action & Adventure, Animation, Comedy, Fantasy, Science-Fiction, Classic Japanese Anime",2026.0,,,SonyLIV,International,Japan,,,https://www.justwatch.com/in/tv-show/easygoing-territory-defense-by-the-optimistic-lord,"['Action & Adventure', 'Animation', 'Comedy', 'Fantasy', 'Science-Fiction', 'Classic Japanese Anime']",English (assumed),True,1,True
The Irregular at Magic High School,show,"Action & Adventure, Animation, Drama, Fantasy, Romance, Science-Fiction, Classic Japanese Anime",2014.0,7.0,4k,SonyLIV,International,Japan,23.0,A,https://www.justwatch.com/in/tv-show/the-irregular-at-magic-high-school,"['Action & Adventure', 'Animation', 'Drama', 'Fantasy', 'Romance', 'Science-Fiction', 'Classic Japanese Anime']",English (assumed),False,1,True
"I'm a Noble on the Brink of Ruin, So I Might as Well Try Mastering Magic",show,"Action & Adventure, Animation, Fantasy, Science-Fiction, Classic Japanese Anime",2025.0,,,SonyLIV,International,Japan,,,https://www.justwatch.com/in/tv-show/im-a-noble-on-the-brink-of-ruin-so-i-might-as-well-try-mastering-magic,"['Action & Adventure', 'Animation', 'Fantasy', 'Science-Fiction', 'Classic Japanese Anime']",English (assumed),True,1,True
India's Got Talent,show,Reality TV,2009.0,,,SonyLIV,Indian,India,,,https://www.justwatch.com/in/tv-show/indias-got-talent,['Reality TV'],Regional Indian (unspecified),False,1,True
A Very Royal Scandal,show,"Drama, Emotional Drama",2024.0,7.2,3k,SonyLIV,International,United Kingdom,,,https://www.justwatch.com/in/tv-show/a-very-royal-scandal,"['Drama', 'Emotional Drama']",English (assumed),True,1,True
Shikimori's Not Just a Cutie,show,"Animation, Comedy, Drama, Romance, Classic Japanese Anime",2022.0,6.7,5k,SonyLIV,International,Japan,,,https://www.justwatch.com/in/tv-show/shikimoris-not-just-a-cutie,"['Animation', 'Comedy', 'Drama', 'Romance', 'Classic Japanese Anime']",English (assumed),False,1,True
Magpie Murders,show,"Crime, Drama, Kids & Family, Mystery Thriller",2022.0,7.6,9k,SonyLIV,International,"United Kingdom, Ireland, United States",45.0,UA16+,https://www.justwatch.com/in/tv-show/magpie-murders,"['Crime', 'Drama', 'Kids & Family', 'Mystery Thriller']",English (assumed),False,1,True
"Please Put Them On, Takamine-san",show,"Animation, Comedy, Romance, Science-Fiction",2025.0,5.8,1k,SonyLIV,International,Japan,23.0,A,https://www.justwatch.com/in/tv-show/please-put-them-on-takamine-san,"['Animation', 'Comedy', 'Romance', 'Science-Fiction']",English (assumed),True,1,True
Fate/strange Fake,show,"Action & Adventure, Animation, Drama, Fantasy, Science-Fiction, Classic Japanese Anime",2024.0,8.1,2k,SonyLIV,International,Japan,23.0,A,https://www.justwatch.com/in/tv-show/fate-strange-fake,"['Action & Adventure', 'Animation', 'Drama', 'Fantasy', 'Science-Fiction', 'Classic Japanese Anime']",English (assumed),True,1,True
Medaka Kuroiwa Is Impervious to My Charms,show,"Animation, Comedy, Romance, Classic Japanese Anime",2025.0,6.6,1k,SonyLIV,International,Japan,,,https://www.justwatch.com/in/tv-show/medaka-kuroiwa-is-impervious-to-my-charms,"['Animation', 'Comedy', 'Romance', 'Classic Japanese Anime']",English (assumed),True,1,True
Oedo Fire Slayer -The Legend of Phoenix-,show,"Action & Adventure, Animation, Drama, History",2026.0,,,SonyLIV,International,Japan,,,https://www.justwatch.com/in/tv-show/oedo-fire-slayer-the-legend-of-phoenix,"['Action & Adventure', 'Animation', 'Drama', 'History']",English (assumed),True,1,True
Date A Live,show,"Action & Adventure, Animation, Comedy, Drama, Fantasy, Mystery & Thriller, Romance, Science-Fiction, Classic Japanese Anime",2013.0,6.9,5k,SonyLIV,International,Japan,24.0,UA16+,https://www.justwatch.com/in/tv-show/date-a-live,"['Action & Adventure', 'Animation', 'Comedy', 'Drama', 'Fantasy', 'Mystery & Thriller', 'Romance', 'Science-Fiction', 'Classic Japanese Anime']",English (assumed),False,1,True
Yuri!!! on Ice,show,"Animation, Comedy, Drama, Romance, Sport, Classic Japanese Anime",2016.0,8.2,12k,SonyLIV,International,Japan,,,https://www.justwatch.com/in/tv-show/yuri-on-ice,"['Animation', 'Comedy', 'Drama', 'Romance', 'Sport', 'Classic Japanese Anime']",English (assumed),False,1,True
"More than a Married Couple, but Not Lovers",show,"Animation, Comedy, Drama, Romance, Classic Japanese Anime",2022.0,7.6,7k,SonyLIV,International,Japan,24.0,UA16+,https://www.justwatch.com/in/tv-show/more-than-a-married-couple-but-not-lovers,"['Animation', 'Comedy', 'Drama', 'Romance', 'Classic Japanese Anime']",English (assumed),False,1,True
Mistress Kanan Is Devilishly Easy,show,"Animation, Comedy, Romance, Science-Fiction",2026.0,,,SonyLIV,International,Japan,,,https://www.justwatch.com/in/tv-show/mistress-kanan-is-devilishly-easy,"['Animation', 'Comedy', 'Romance', 'Science-Fiction']",English (assumed),True,1,True
Adaalat,show,"Comedy, Crime, Drama, Mystery & Thriller",2010.0,8.1,1k,SonyLIV,Indian,India,44.0,U,https://www.justwatch.com/in/tv-show/adaalat,"['Comedy', 'Crime', 'Drama', 'Mystery & Thriller']",Regional Indian (unspecified),False,1,True
Haibara's Teenage New Game+,show,"Animation, Comedy, Drama, Romance, Classic Japanese Anime",2026.0,,,SonyLIV,International,Japan,,,https://www.justwatch.com/in/tv-show/haibaras-teenage-new-game-plus,"['Animation', 'Comedy', 'Drama', 'Romance', 'Classic Japanese Anime']",English (assumed),True,1,True
Kaya-chan Isn't Scary,show,"Animation, Mystery & Thriller, Science-Fiction, Classic Japanese Anime",2026.0,,,SonyLIV,International,Japan,,,https://www.justwatch.com/in/tv-show/kaya-chan-isnt-scary,"['Animation', 'Mystery & Thriller', 'Science-Fiction', 'Classic Japanese Anime']",English (assumed),True,1,True
Aharen-san wa Hakarenai,show,"Animation, Comedy, Romance, Classic Japanese Anime",2022.0,7.0,1k,SonyLIV,International,Japan,24.0,UA7+,https://www.justwatch.com/in/tv-show/aharen-san-wa-hakarenai,"['Animation', 'Comedy', 'Romance', 'Classic Japanese Anime']",English (assumed),False,1,True
Charlotte,show,"Animation, Comedy, Drama, Fantasy, Science-Fiction, Classic Japanese Anime",2015.0,7.5,11k,SonyLIV,International,Japan,,,https://www.justwatch.com/in/tv-show/charlotte,"['Animation', 'Comedy', 'Drama', 'Fantasy', 'Science-Fiction', 'Classic Japanese Anime']",English (assumed),False,1,True
DARLING in the FRANXX,show,"Action & Adventure, Animation, Comedy, Drama, Romance, Science-Fiction, Classic Japanese Anime",2018.0,7.3,20k,SonyLIV,International,Japan,24.0,UA,https://www.justwatch.com/in/tv-show/darling-in-the-franxx,"['Action & Adventure', 'Animation', 'Comedy', 'Drama', 'Romance', 'Science-Fiction', 'Classic Japanese Anime']",English (assumed),False,1,True
The Promised Neverland,show,"Action & Adventure, Animation, Drama, Fantasy, Horror, Mystery & Thriller, Science-Fiction, Classic Japanese Anime",2019.0,8.1,58k,SonyLIV,International,Japan,23.0,UA16+,https://www.justwatch.com/in/tv-show/the-promised-neverland,"['Action & Adventure', 'Animation', 'Drama', 'Fantasy', 'Horror', 'Mystery & Thriller', 'Science-Fiction', 'Classic Japanese Anime']",English (assumed),False,1,True
Gurren Lagann,show,"Action & Adventure, Animation, Comedy, Drama, Science-Fiction, Classic Japanese Anime",2007.0,8.3,21k,SonyLIV,International,Japan,24.0,UA16+,https://www.justwatch.com/in/tv-show/gurren-lagann,"['Action & Adventure', 'Animation', 'Comedy', 'Drama', 'Science-Fiction', 'Classic Japanese Anime']",English (assumed),False,1,True
Saekano: How to Raise a Boring Girlfriend,show,"Animation, Comedy, Drama, Romance, Classic Japanese Anime",2015.0,6.9,2k,SonyLIV,International,Japan,,,https://www.justwatch.com/in/tv-show/saekano-how-to-raise-a-boring-girlfriend,"['Animation', 'Comedy', 'Drama', 'Romance', 'Classic Japanese Anime']",English (assumed),False,1,True
"The Strongest Job Is Apparently Not a Hero or a Sage, But an Appraiser (Provisional)!",show,"Action & Adventure, Animation, Comedy, Drama, Fantasy, Science-Fiction",2026.0,,,SonyLIV,International,Japan,,,https://www.justwatch.com/in/tv-show/the-strongest-job-is-apparently-not-a-hero-or-a-sage-but-an-appraiser-provisional,"['Action & Adventure', 'Animation', 'Comedy', 'Drama', 'Fantasy', 'Science-Fiction']",English (assumed),True,1,True
NieR: Automata Ver 1.1a,show,"Action & Adventure, Animation, Drama, Fantasy, Science-Fiction, Classic Japanese Anime",2023.0,7.3,3k,SonyLIV,International,Japan,,,https://www.justwatch.com/in/tv-show/nier-automata-ver1-1a,"['Action & Adventure', 'Animation', 'Drama', 'Fantasy', 'Science-Fiction', 'Classic Japanese Anime']",English (assumed),False,1,True
"Loop 7-kaime no Akuyaku Reijô wa, Moto Tekikoku de Jiyû Kimama na Hanayome Seikatsu wo Mankitsu suru",show,"Animation, Drama, Fantasy, Romance, Science-Fiction, Classic Japanese Anime",2024.0,7.4,3k,SonyLIV,International,Japan,23.0,UA16+,https://www.justwatch.com/in/tv-show/7th-time-loop-the-villainess-enjoys-a-carefree-life-married-to-her-worst-enemy,"['Animation', 'Drama', 'Fantasy', 'Romance', 'Science-Fiction', 'Classic Japanese Anime']",English (assumed),True,1,True
Natsume's Book of Friends,show,"Animation, Comedy, Drama, Fantasy, Horror, Science-Fiction, Classic Japanese Anime",2008.0,8.1,3k,SonyLIV,International,Japan,,,https://www.justwatch.com/in/tv-show/natsume-yujin-cho,"['Animation', 'Comedy', 'Drama', 'Fantasy', 'Horror', 'Science-Fiction', 'Classic Japanese Anime']",English (assumed),False,1,True
Isekai Office Worker: The Other World's Books Depend on the Bean Counter,show,"Animation, Fantasy, Romance, Science-Fiction",2026.0,,,SonyLIV,International,Japan,,,https://www.justwatch.com/in/tv-show/isekai-office-worker-the-other-worlds-books-depend-on-the-bean-counter,"['Animation', 'Fantasy', 'Romance', 'Science-Fiction']",English (assumed),True,1,True
Kaun Banega Crorepati,show,Reality TV,2000.0,8.1,4k,SonyLIV,Indian,India,72.0,U,https://www.justwatch.com/in/tv-show/kaun-banega-crorepati,['Reality TV'],Regional Indian (unspecified),False,1,True
Mayasabha: Rise of the Titans,show,"Drama, War & Military, Bollywood",2025.0,9.0,2k,SonyLIV,Indian,India,44.0,A,https://www.justwatch.com/in/tv-show/mayasabha,"['Drama', 'War & Military', 'Bollywood']",Hindi,True,1,True
Hyouken no Majutsushi ga Sekai wo Suberu,show,"Action & Adventure, Animation, Fantasy, Science-Fiction, Classic Japanese Anime",2023.0,6.4,1k,SonyLIV,International,Japan,,,https://www.justwatch.com/in/tv-show/the-iceblade-sorcerer-shall-rule-the-world,"['Action & Adventure', 'Animation', 'Fantasy', 'Science-Fiction', 'Classic Japanese Anime']",English (assumed),False,1,True
Why Raeliana Ended Up at the Duke's Mansion,show,"Animation, Comedy, Drama, Fantasy, Mystery & Thriller, Romance, Science-Fiction, Classic Japanese Anime",2023.0,7.4,2k,SonyLIV,International,Japan,23.0,UA16+,https://www.justwatch.com/in/tv-show/the-reason-why-raeliana-ended-up-at-the-dukes-mansion,"['Animation', 'Comedy', 'Drama', 'Fantasy', 'Mystery & Thriller', 'Romance', 'Science-Fiction', 'Classic Japanese Anime']",English (assumed),False,1,True
I'm Getting Married to a Girl I Hate in My Class,show,"Animation, Comedy, Romance, Classic Japanese Anime",2025.0,6.8,2k,SonyLIV,International,Japan,,,https://www.justwatch.com/in/tv-show/im-getting-married-to-a-girl-i-hate-in-my-class,"['Animation', 'Comedy', 'Romance', 'Classic Japanese Anime']",English (assumed),True,1,True
"Tadaima, Okaeri",show,"Animation, Comedy, Drama, Classic Japanese Anime",2024.0,,,SonyLIV,International,Japan,,,https://www.justwatch.com/in/tv-show/tadaima-okaeri,"['Animation', 'Comedy', 'Drama', 'Classic Japanese Anime']",English (assumed),True,1,True
36 Days,show,"Drama, Mystery Thriller",2024.0,5.6,5k,SonyLIV,Indian,India,37.0,A,https://www.justwatch.com/in/tv-show/36-days,"['Drama', 'Mystery Thriller']",Regional Indian (unspecified),True,1,True
Dead Account,show,"Action & Adventure, Animation, Comedy, Drama, Fantasy, Science-Fiction, Classic Japanese Anime",2026.0,,,SonyLIV,International,Japan,,,https://www.justwatch.com/in/tv-show/dead-account,"['Action & Adventure', 'Animation', 'Comedy', 'Drama', 'Fantasy', 'Science-Fiction', 'Classic Japanese Anime']",English (assumed),True,1,True
Re: Monster,show,"Action & Adventure, Animation, Fantasy, Science-Fiction, Classic Japanese Anime",2024.0,6.5,2k,SonyLIV,International,Japan,23.0,UA16+,https://www.justwatch.com/in/tv-show/re-monster,"['Action & Adventure', 'Animation', 'Fantasy', 'Science-Fiction', 'Classic Japanese Anime']",English (assumed),True,1,True
Akuyaku Reijou Level 99: Watashi wa Ura-Boss desu ga Maou dewa Arimasen,show,"Action & Adventure, Animation, Comedy, Fantasy, Science-Fiction, Classic Japanese Anime",2024.0,6.7,1k,SonyLIV,International,Japan,,,https://www.justwatch.com/in/tv-show/villainess-level-99-i-may-be-the-hidden-boss-but-im-not-the-demon-lord,"['Action & Adventure', 'Animation', 'Comedy', 'Fantasy', 'Science-Fiction', 'Classic Japanese Anime']",English (assumed),True,1,True
Angel Beats!,show,"Action & Adventure, Animation, Comedy, Drama, Fantasy, Kids & Family, Science-Fiction, Classic Japanese Anime",2010.0,7.6,18k,SonyLIV,International,Japan,26.0,U,https://www.justwatch.com/in/tv-show/angel-beats,"['Action & Adventure', 'Animation', 'Comedy', 'Drama', 'Fantasy', 'Kids & Family', 'Science-Fiction', 'Classic Japanese Anime']",English (assumed),False,1,True
Inexpressive Kashiwada and Expressive Oota,show,"Animation, Comedy, Romance",2025.0,,,SonyLIV,International,Japan,,,https://www.justwatch.com/in/tv-show/inexpressive-kashiwada-and-expressive-oota,"['Animation', 'Comedy', 'Romance']",English (assumed),True,1,True
Vampire Knight,show,"Action & Adventure, Animation, Drama, Fantasy, Horror, Kids & Family, Mystery & Thriller, Romance, Science-Fiction, Classic Japanese Anime",2008.0,7.1,6k,SonyLIV,International,Japan,,,https://www.justwatch.com/in/tv-show/vampire-knight,"['Action & Adventure', 'Animation', 'Drama', 'Fantasy', 'Horror', 'Kids & Family', 'Mystery & Thriller', 'Romance', 'Science-Fiction', 'Classic Japanese Anime']",English (assumed),False,1,True
Aahat,show,"Drama, Fantasy, Horror, Mystery & Thriller, Romance, Paranormal",1995.0,7.2,1k,SonyLIV,Indian,India,34.0,UA13+,https://www.justwatch.com/in/tv-show/aahat,"['Drama', 'Fantasy', 'Horror', 'Mystery & Thriller', 'Romance', 'Paranormal']",Regional Indian (unspecified),False,1,True
Akudama Drive,show,"Action & Adventure, Animation, Crime, Science-Fiction, Classic Japanese Anime",2020.0,7.2,3k,SonyLIV,International,Japan,,,https://www.justwatch.com/in/tv-show/akudama-drive,"['Action & Adventure', 'Animation', 'Crime', 'Science-Fiction', 'Classic Japanese Anime']",English (assumed),False,1,True
Clevatess,show,"Action & Adventure, Animation, Drama, Fantasy, Science-Fiction",2025.0,7.7,3k,SonyLIV,International,Japan,,,https://www.justwatch.com/in/tv-show/clevatess,"['Action & Adventure', 'Animation', 'Drama', 'Fantasy', 'Science-Fiction']",English (assumed),True,1,True
Faadu - A Love Story,show,Romance,2022.0,,,SonyLIV,Indian,India,43.0,A,https://www.justwatch.com/in/tv-show/faadu-a-love-story,['Romance'],Regional Indian (unspecified),False,1,True
A Playthrough of a Certain Dude's VRMMO Life,show,"Action & Adventure, Animation, Comedy, Fantasy, Science-Fiction, Classic Japanese Anime",2023.0,,,SonyLIV,International,Japan,,,https://www.justwatch.com/in/tv-show/a-playthrough-of-a-certain-dudes-vrmmo-life,"['Action & Adventure', 'Animation', 'Comedy', 'Fantasy', 'Science-Fiction', 'Classic Japanese Anime']",English (assumed),False,1,True
Sword Art Online Alternative: Gun Gale Online,show,"Action & Adventure, Animation, Comedy, Drama, Fantasy, Science-Fiction, Classic Japanese Anime",2018.0,6.8,3k,SonyLIV,International,Japan,23.0,UA16+,https://www.justwatch.com/in/tv-show/sword-art-online-alternative-gun-gale-online,"['Action & Adventure', 'Animation', 'Comedy', 'Drama', 'Fantasy', 'Science-Fiction', 'Classic Japanese Anime']",English (assumed),False,1,True
Planetes,show,"Animation, Drama, Science-Fiction, Classic Japanese Anime",2003.0,8.1,4k,SonyLIV,International,Japan,,,https://www.justwatch.com/in/tv-show/planetes,"['Animation', 'Drama', 'Science-Fiction', 'Classic Japanese Anime']",English (assumed),False,1,True
The Winter King,show,"Action & Adventure, Drama, Fantasy, Science-Fiction, Period Drama",2023.0,6.0,6k,SonyLIV,International,"United Kingdom, United States",,,https://www.justwatch.com/in/tv-show/the-winter-king,"['Action & Adventure', 'Drama', 'Fantasy', 'Science-Fiction', 'Period Drama']",English (assumed),False,1,True
Rurôni Kenshin: Meiji kenkaku romantan,show,"Action & Adventure, Animation, Drama, History, Mystery & Thriller, Romance, Classic Japanese Anime",2023.0,7.9,3k,SonyLIV,International,Japan,,,https://www.justwatch.com/in/tv-show/rurouni-kenshin-2023,"['Action & Adventure', 'Animation', 'Drama', 'History', 'Mystery & Thriller', 'Romance', 'Classic Japanese Anime']",English (assumed),False,1,True
Tomo-chan Is a Girl!,show,"Animation, Comedy, Drama, Romance, Classic Japanese Anime",2023.0,7.5,5k,SonyLIV,International,Japan,,,https://www.justwatch.com/in/tv-show/tomo-chan-is-a-girl,"['Animation', 'Comedy', 'Drama', 'Romance', 'Classic Japanese Anime']",English (assumed),False,1,True
Gutur Gu,show,"Comedy, Kids & Family, Sitcoms",2010.0,,,SonyLIV,Indian,India,23.0,U,https://www.justwatch.com/in/tv-show/gutur-gu,"['Comedy', 'Kids & Family', 'Sitcoms']",Regional Indian (unspecified),False,1,True
Bloom,show,"Drama, Science-Fiction, Sci-Fi Drama",2019.0,6.7,2k,SonyLIV,International,Australia,,,https://www.justwatch.com/in/tv-show/bloom,"['Drama', 'Science-Fiction', 'Sci-Fi Drama']",English (assumed),False,1,True
The Strongest Sage with the Weakest Crest,show,"Action & Adventure, Animation, Comedy, Fantasy, Science-Fiction, Classic Japanese Anime",2022.0,6.3,2k,SonyLIV,International,Japan,,,https://www.justwatch.com/in/tv-show/the-strongest-sage-with-the-weakest-crest,"['Action & Adventure', 'Animation', 'Comedy', 'Fantasy', 'Science-Fiction', 'Classic Japanese Anime']",English (assumed),False,1,True
Our Dating Story: The Experienced You and the Inexperienced Me,show,"Animation, Comedy, Drama, Romance, Classic Japanese Anime",2023.0,6.7,2k,SonyLIV,International,Japan,,,https://www.justwatch.com/in/tv-show/our-dating-story-the-experienced-you-and-the-inexperienced-me,"['Animation', 'Comedy', 'Drama', 'Romance', 'Classic Japanese Anime']",English (assumed),False,1,True
World's Most Dangerous Roads,show,"Documentary, Made in Europe, Reality TV",2011.0,,,SonyLIV,International,United Kingdom,54.0,U,https://www.justwatch.com/in/tv-show/worlds-most-dangerous-roads,"['Documentary', 'Made in Europe', 'Reality TV']",English (assumed),False,1,True
Aladdin - Naam Toh Suna Hoga,show,"Comedy, Drama, Fantasy, Romance, Science-Fiction, Fairytale Fantasy",2018.0,6.5,1k,SonyLIV,Indian,India,23.0,UA7+,https://www.justwatch.com/in/tv-show/aladdin-naam-toh-suna-hoga,"['Comedy', 'Drama', 'Fantasy', 'Romance', 'Science-Fiction', 'Fairytale Fantasy']",Regional Indian (unspecified),False,1,True
The Killing Kind,show,"Crime, Drama, Mystery Thriller",2023.0,5.9,1k,SonyLIV,International,United Kingdom,,,https://www.justwatch.com/in/tv-show/the-killing-kind,"['Crime', 'Drama', 'Mystery Thriller']",English (assumed),False,1,True
Nekopara,show,"Animation, Comedy",2020.0,,,SonyLIV,International,Japan,,,https://www.justwatch.com/in/tv-show/nekopara,"['Animation', 'Comedy']",English (assumed),False,1,True
Zom 100: Zombie ni Naru made ni Shitai 100 no Koto,show,"Action & Adventure, Animation, Comedy, Fantasy, Horror, Science-Fiction, Classic Japanese Anime",2023.0,7.3,13k,SonyLIV,International,Japan,24.0,UA16+,https://www.justwatch.com/in/tv-show/zom-100-bucket-list-of-the-dead,"['Action & Adventure', 'Animation', 'Comedy', 'Fantasy', 'Horror', 'Science-Fiction', 'Classic Japanese Anime']",English (assumed),False,1,True
