url,imdb_rating,imdb_votes,genres,production_country,runtime_min,age_rating,release_year
https://www.justwatch.com/in/movie/10-things-i-hate-about-you,7.4,453k,"Comedy, Drama, Romance, Chick Flicks",United States,97,U,1999
https://www.justwatch.com/in/movie/12-angry-men,9.0,988k,"Crime, Drama, Courtroom",United States,97,U,1957
https://www.justwatch.com/in/movie/12th-fail,8.7,173k,"Drama, Bollywood, Based On A True Story",India,146,U,2023
https://www.justwatch.com/in/movie/18-plus,6.3,1k,"Comedy, Drama, Romance, Dramedy",India,123,U,2023
https://www.justwatch.com/in/movie/2018-2023,8.3,16k,"Action & Adventure, Drama, Mystery Thriller",India,150,UA,2023
https://www.justwatch.com/in/movie/21-grams,7.6,252k,"Crime, Drama, Mystery & Thriller, Emotional Drama",United States,124,UA,2003
https://www.justwatch.com/in/movie/24,7.9,26k,"Action & Adventure, Drama, Mystery & Thriller, Science-Fiction, Bollywood",India,164,U,2016
https://www.justwatch.com/in/movie/300,7.6,914k,"Action & Adventure, Drama, War & Military, Epic Fantasy, Epic","Bulgaria, Canada, United States",117,A,2007
https://www.justwatch.com/in/movie/300-rise-of-an-empire,6.2,329k,"Action & Adventure, Drama, Fantasy, History, War & Military, Epic","Bulgaria, United States",102,A,2014
https://www.justwatch.com/in/movie/5-centimeters-per-second,7.4,71k,"Animation, Drama, Kids & Family, Romance, Classic Japanese Anime",Japan,63,U,2007
https://www.justwatch.com/in/movie/50-first-dates,6.8,416k,"Comedy, Drama, Romance, RomCom, Chick Flicks",United States,99,UA,2004
https://www.justwatch.com/in/movie/500-days-of-summer,7.6,621k,"Comedy, Drama, Romance, RomCom",United States,95,UA16+,2009
https://www.justwatch.com/in/movie/65,5.4,107k,"Action & Adventure, Drama, Mystery & Thriller, Science-Fiction, Sci-Fi Drama","Canada, United States",92,UA,2023
https://www.justwatch.com/in/movie/777-charlie,8.7,47k,"Comedy, Drama, Dramedy",India,166,UA,2022
https://www.justwatch.com/in/movie/96,8.5,45k,"Drama, Romance, Romantic Drama",India,159,U,2018
https://www.justwatch.com/in/movie/a-few-good-men,7.8,318k,"Drama, Mystery & Thriller, Courtroom",United States,138,U,1992
https://www.justwatch.com/in/movie/a-league-of-their-own,7.4,130k,"Comedy, Drama, Sport, Sport Comedy, Chick Flicks, Sports Drama",United States,128,U,1992
https://www.justwatch.com/in/movie/a-quiet-place,7.5,661k,"Drama, Horror, Science-Fiction, Post Apocalyptic World, Monster",United States,91,A,2018
https://www.justwatch.com/in/movie/a-silent-voice,8.2,144k,"Animation, Drama, Romance, Western Animation",Japan,130,UA16+,2016
https://www.justwatch.com/in/movie/a-woman-called-mother,,,"Drama, Horror, Paranormal",Indonesia,,,2025
https://www.justwatch.com/in/movie/aadavaallu-meeku-johaarlu,6.0,3k,"Comedy, Drama, Kids & Family, Romance, Bollywood",India,139,U,2022
https://www.justwatch.com/in/movie/aashaan,,,"Comedy, Drama",India,159,UA13+,2026
https://www.justwatch.com/in/movie/aavasavyuham,,,"Mystery & Thriller, Science-Fiction, Bollywood",India,114,UA,2022
https://www.justwatch.com/in/movie/aaviri,,,"Drama, Mystery & Thriller, Bollywood",India,113,UA,2019
https://www.justwatch.com/in/movie/ab-tak-chhappan,7.8,10k,"Crime, Drama, Bollywood",India,129,A,2004
https://www.justwatch.com/in/movie/ab-tak-chhappan-2,5.8,1k,"Action & Adventure, Crime, Mystery & Thriller, Action Thriller",India,106,UA,2015
https://www.justwatch.com/in/movie/about-time,7.8,436k,"Comedy, Drama, Fantasy, Romance, Science-Fiction, Made in Europe, RomCom, Modern Fantasy, Dramedy, Romantic Drama","United Kingdom, United States",123,UA16+,2013
https://www.justwatch.com/in/movie/across-the-universe,7.3,117k,"Drama, Fantasy, History, Music & Musical, Romance, Musical",United States,,,2007
https://www.justwatch.com/in/movie/adiyae,6.3,1k,"Comedy, Romance, Science-Fiction, RomCom, Sci-Fi Comedy, Bollywood",India,139,UA,2023
https://www.justwatch.com/in/movie/after,5.3,76k,"Drama, Romance, Romantic Drama",United States,106,UA,2019
https://www.justwatch.com/in/movie/agent,4.0,1k,"Action & Adventure, Mystery & Thriller, Action Thriller",India,155,UA,2023
https://www.justwatch.com/in/movie/agra,5.4,1k,"Drama, Bollywood","France, India",115,A,2025
https://www.justwatch.com/in/movie/aladdin-2019,6.9,315k,"Comedy, Drama, Fantasy, Kids & Family, Romance, Live Action, Fairytale Fantasy",United States,128,U,2019
https://www.justwatch.com/in/movie/alappuzha-gymkhana,6.7,5k,"Action & Adventure, Comedy, Drama, Dramedy, Action Comedy",India,140,UA7+,2025
https://www.justwatch.com/in/movie/almost-famous,7.9,315k,"Comedy, Drama, Music & Musical, Dramedy",United States,124,UA,2000
https://www.justwatch.com/in/movie/alpha,6.6,71k,"Drama, Action Adventure","Canada, China, United States",97,UA,2018
https://www.justwatch.com/in/movie/alpha-adimai,,,Mystery & Thriller,India,89,S,2021
https://www.justwatch.com/in/movie/american-psycho,7.6,843k,"Crime, Drama, Horror, Mystery & Thriller, Dark Crime, Horror Thriller","Canada, United States",102,A,2000
https://www.justwatch.com/in/movie/american-underdog,7.1,28k,"Drama, Kids & Family, Romance, Sport, Sports Drama",United States,112,UA7+,2021
https://www.justwatch.com/in/movie/angels-and-demons,6.7,326k,,"Italy, United States",138,A,2009
https://www.justwatch.com/in/movie/annihilation,6.8,395k,"Drama, Horror, Mystery & Thriller, Science-Fiction, SciFi Horror, Cerebral","United Kingdom, United States",115,A,2018
https://www.justwatch.com/in/movie/apocalypto,7.9,360k,"Drama, Mystery & Thriller, Action Adventure","United Kingdom, United States",138,A,2006
https://www.justwatch.com/in/movie/arjun-reddy,7.9,30k,"Drama, Romance, Bollywood",India,187,A,2017
https://www.justwatch.com/in/movie/arjun-ustara,5.8,21k,"Action & Adventure, Crime, Drama, Mystery & Thriller, Romance, Action Thriller",India,178,A,2026
https://www.justwatch.com/in/movie/as-good-as-it-gets,7.7,338k,"Comedy, Drama, Romance, RomCom, Dramedy, Romantic Drama",United States,139,U,1997
https://www.justwatch.com/in/movie/athiradi,7.1,1k,"Action & Adventure, Comedy, Drama, Bollywood",India,156,UA13+,2026
https://www.justwatch.com/in/movie/atonement,7.8,330k,"Drama, Romance, War & Military, Romantic Epic","France, United Kingdom, United States",123,UA,2007
https://www.justwatch.com/in/movie/avatar,,,"Action & Adventure, Fantasy, Science-Fiction, Sci-Fi Military, Epic Fantasy","United Kingdom, United States",162,UA,2009
https://www.justwatch.com/in/movie/avatar-2,7.5,631k,"Fantasy, Science-Fiction, Action Adventure",United States,192,UA,2022
https://www.justwatch.com/in/movie/avatar-3,7.2,176k,"Drama, Fantasy, Science-Fiction, Action Adventure",United States,198,UA16+,2025
https://www.justwatch.com/in/movie/avengers-age-of-ultron,,,"Action & Adventure, Science-Fiction, Superhero",United States,141,U,2015
https://www.justwatch.com/in/movie/avengers-endgame,,,"Action & Adventure, Drama, Science-Fiction, Superhero",United States,181,UA,2019
https://www.justwatch.com/in/movie/avengers-infinity-war,,,"Action & Adventure, Science-Fiction, Superhero",United States,149,UA,2018
https://www.justwatch.com/in/movie/azhar,5.7,6k,"Drama, Sport, Sports Drama",India,130,A,2016
https://www.justwatch.com/in/movie/baaghi-4,2.5,9k,"Action & Adventure, Drama, Mystery & Thriller, Bollywood, Action Thriller",India,157,A,2025
https://www.justwatch.com/in/movie/baahubali-2-the-conclusion,,,,,,,
https://www.justwatch.com/in/movie/baahubali-the-beginning,8.0,154k,"Action & Adventure, Drama, Bollywood",India,159,UA,2015
https://www.justwatch.com/in/movie/baby-girl,5.9,3k,"Drama, Kids & Family, Mystery & Thriller, Emotional Drama",India,125,UA7+,2026
https://www.justwatch.com/in/movie/bachelor,6.0,2k,"Drama, Emotional Drama, Bollywood",India,175,A,2021
https://www.justwatch.com/in/movie/back-to-the-future,,,"Action & Adventure, Comedy, Science-Fiction, Sci-Fi Comedy",United States,116,U,1985
https://www.justwatch.com/in/movie/bad-boys-for-life,6.5,197k,"Action & Adventure, Comedy, Crime, Mystery & Thriller, Action Comedy, Action Thriller",United States,124,A,2020
https://www.justwatch.com/in/movie/bade-achhe-lagte-hai,,,"Crime, Dark Crime",India,,,2017
https://www.justwatch.com/in/movie/ballerina-2024,6.8,156k,"Action & Adventure, Crime, Drama, Mystery & Thriller, Action Thriller",United States,125,A,2025
https://www.justwatch.com/in/movie/balti,6.4,1k,"Action & Adventure, Comedy, Drama, Romance, Sport",India,151,UA16+,2025
https://www.justwatch.com/in/movie/bang-my-box-the-robin-byrd-story,,,Documentary,United States,,,2026
https://www.justwatch.com/in/movie/batman-begins,,,"Action & Adventure, Crime, Drama, Superhero","United Kingdom, United States",140,UA,2005
https://www.justwatch.com/in/movie/batman-v-superman-dawn-of-justice,6.5,759k,"Action & Adventure, Fantasy, Science-Fiction, Superhero",United States,152,UA,2016
https://www.justwatch.com/in/movie/bhaag-milkha-bhaag,8.2,79k,"Drama, History, Sport, Bollywood",India,186,U,2013
https://www.justwatch.com/in/movie/bharathanatyam-2024,6.7,2k,"Comedy, Drama, Dramedy",India,121,U,2024
https://www.justwatch.com/in/movie/bhishmar,4.0,1k,"Comedy, Music & Musical, Mystery & Thriller, Romance",India,140,UA13+,2026
https://www.justwatch.com/in/movie/bhoothakaalam,7.4,5k,"Drama, Horror, Bollywood, Mystery Thriller",India,105,UA,2022
https://www.justwatch.com/in/movie/bhoothakkannadi,,,Drama,India,110,U,1997
https://www.justwatch.com/in/movie/bicentennial-man,6.9,134k,"Drama, Romance, Science-Fiction, Sci-Fi Drama","Germany, United States",131,UA,1999
https://www.justwatch.com/in/movie/big-daddy,6.5,252k,"Comedy, Drama, Made in Europe, Raunchy Comedy",United States,93,U,1999
https://www.justwatch.com/in/movie/big-fish,7.9,477k,"Action & Adventure, Drama, Fantasy, Romance, Epic Fantasy, Modern Fantasy, Dramedy",United States,125,U,2003
https://www.justwatch.com/in/movie/black-butler-book-of-the-atlantic,7.6,2k,"Action & Adventure, Animation, Fantasy, Horror, Classic Japanese Anime",Japan,,,2017
https://www.justwatch.com/in/movie/black-hawk-down,7.7,455k,"Action & Adventure, Drama, History, War & Military, War Epics","United Kingdom, United States",145,UA,2001
https://www.justwatch.com/in/movie/blade-runner-2049,8.0,757k,"Action & Adventure, Drama, Mystery & Thriller, Science-Fiction, Post Apocalyptic World, Cyberpunk","Canada, United Kingdom, United States",164,A,2017
https://www.justwatch.com/in/movie/boku-ga-aishita-subete-no-kimi-e,7.0,1k,"Animation, Fantasy, Romance, Science-Fiction, Classic Japanese Anime",Japan,,,2022
https://www.justwatch.com/in/movie/born-on-the-fourth-of-july,7.2,124k,"Drama, War & Military, War Drama",United States,145,A,1989
https://www.justwatch.com/in/movie/bougainvillea,6.4,3k,"Action & Adventure, Crime, Mystery & Thriller, Action Thriller",India,138,UA,2024
https://www.justwatch.com/in/movie/bramayugam,7.7,18k,"Drama, Horror, Mystery & Thriller, Bollywood",India,139,UA,2024
https://www.justwatch.com/in/movie/broker-2022,7.1,20k,"Comedy, Crime, Drama, Emotional Drama",South Korea,129,A,2022
https://www.justwatch.com/in/movie/bromance-2025,5.4,1k,"Action & Adventure, Comedy, Drama, Bollywood, Action Comedy, Like, Dislike, Watchlist, Seen, Sign in, to sync Watchlist",India,150,UA13+,2025
https://www.justwatch.com/in/movie/bruce-almighty,6.8,471k,"Comedy, Fantasy, Modern Fantasy",United States,101,UA,2003
https://www.justwatch.com/in/movie/bugonia,7.4,202k,"Comedy, Crime, Mystery & Thriller, Science-Fiction, Sci-Fi Comedy","Canada, Ireland, South Korea, United States",119,A,2025
https://www.justwatch.com/in/movie/bulandi,,,"Action & Adventure, Drama",India,175,U,2000
https://www.justwatch.com/in/movie/bullet-train,7.3,539k,"Action & Adventure, Comedy, Mystery & Thriller, Action Thriller",United States,126,A,2022
https://www.justwatch.com/in/movie/c-o-kancharapalem,8.8,10k,"Drama, Romance, Emotional Drama",India,142,UA,2018
https://www.justwatch.com/in/movie/call-me-by-your-name,7.8,328k,"Drama, Romance, Made in Europe","Brazil, France, Italy, United States",132,UA,2017
https://www.justwatch.com/in/movie/captain-america-civil-war,7.8,931k,"Action & Adventure, Science-Fiction, Superhero",United States,147,UA,2016
https://www.justwatch.com/in/movie/captain-phillips,7.8,520k,"Action & Adventure, Crime, Drama, Mystery & Thriller, Based On A True Story",United States,134,UA,2013
https://www.justwatch.com/in/movie/carmeni-selvam-2026,,,"Comedy, Drama, Mystery & Thriller",India,144,U,2026
https://www.justwatch.com/in/movie/case-137-2025,7.2,3k,"Crime, Drama, Detective Crime",France,,,2025
https://www.justwatch.com/in/movie/catch-me-if-you-can,,,"Crime, Drama, Based On A True Story",United States,141,A,2002
https://www.justwatch.com/in/movie/chaaver,6.2,2k,"Action & Adventure, Crime, Mystery & Thriller, Bollywood, Action Thriller",India,128,UA,2023
https://www.justwatch.com/in/movie/charusheela,,,"Mystery & Thriller, Like, Dislike, Watchlist, Seen, Sign in, to sync Watchlist",Cast,,,2016
https://www.justwatch.com/in/movie/check,,,"Crime, Mystery & Thriller",India,,,2021
https://www.justwatch.com/in/movie/chhalle-mundiyan,,,"Comedy, Romance, Bollywood",India,111,UA16+,2022
https://www.justwatch.com/in/movie/chhichhore,8.3,73k,"Comedy, Drama, Romance, Bollywood",India,146,U,2019
https://www.justwatch.com/in/movie/chien-51-2025,5.8,2k,"Crime, Mystery & Thriller, Science-Fiction, Cyberpunk","Belgium, France",,,2025
https://www.justwatch.com/in/movie/children-who-chase-lost-voices,7.1,18k,"Animation, Drama, Fantasy, Kids & Family, Classic Japanese Anime",Japan,116,U,2011
https://www.justwatch.com/in/movie/christy,4.9,2k,"Comedy, Drama, Romance, Bollywood",India,140,U,2023
https://www.justwatch.com/in/movie/churuli,7.0,6k,"Fantasy, Horror, Mystery & Thriller, Science-Fiction, Bollywood",India,,,2021
https://www.justwatch.com/in/movie/close-encounters-of-the-third-kind,7.6,235k,"Drama, Science-Fiction, Sci-Fi Drama","United Kingdom, United States",137,U,1977
https://www.justwatch.com/in/movie/cloudy-with-a-chance-of-meatballs-2,6.3,126k,"Animation, Comedy, Fantasy, Kids & Family, Science-Fiction, Family Animation",United States,95,U,2013
https://www.justwatch.com/in/movie/cobra-2022,6.0,10k,"Action & Adventure, Crime, Mystery & Thriller, Action Thriller",India,183,UA,2022
https://www.justwatch.com/in/movie/color-out-of-space,6.1,65k,"Horror, Mystery & Thriller, Science-Fiction, SciFi Horror","Malaysia, Portugal, United States",111,UA,2020
https://www.justwatch.com/in/movie/companion-2025,6.9,180k,"Horror, Science-Fiction, Mystery Thriller",United States,97,A,2025
https://www.justwatch.com/in/movie/confessions-of-a-dangerous-mind,7.0,92k,"Comedy, Crime, Drama, Mystery & Thriller, Romance, Made in Europe, Spies","Germany, United Kingdom, United States",113,A,2002
https://www.justwatch.com/in/movie/coolie-2025,6.0,24k,"Action & Adventure, Crime, Mystery & Thriller, Action Thriller",India,170,A,2025
https://www.justwatch.com/in/movie/couple-friendly,7.2,1k,"Drama, Romance, Romantic Drama",India,118,A,2026
https://www.justwatch.com/in/movie/crazy-stupid-love,7.4,622k,"Comedy, Drama, Romance, RomCom, Chick Flicks",United States,118,A,2011
https://www.justwatch.com/in/movie/crime-101,6.8,83k,"Crime, Drama, Mystery & Thriller, Heist, Detective Crime","United Kingdom, United States",141,A,2026
https://www.justwatch.com/in/movie/crossing-lines,,,"Action & Adventure, Drama, Mystery & Thriller, Action Thriller",Denmark,,,2025
https://www.justwatch.com/in/movie/crouching-tiger-hidden-dragon,7.9,295k,"Action & Adventure, Drama, Fantasy, Romance, Martial Art","China, Hong Kong, Taiwan, United States",120,UA,2000
https://www.justwatch.com/in/movie/culpa-mia,6.1,45k,"Drama, Mystery & Thriller, Romance, Romantic Drama",Spain,117,A,2023
https://www.justwatch.com/in/movie/cup,,,"Drama, Kids & Family, Sport, Bollywood, Sports Drama",India,125,U,2024
https://www.justwatch.com/in/movie/dacoit-a-love-story,7.5,9k,"Action & Adventure, Drama, Mystery & Thriller, Romance, Bollywood",India,149,UA,2026
https://www.justwatch.com/in/movie/dangal,8.3,244k,"Action & Adventure, Comedy, Drama, Kids & Family, Sport, Bollywood",India,161,U,2016
https://www.justwatch.com/in/movie/darna-zaroori-hai,5.5,2k,"Comedy, Drama, Horror, Mystery & Thriller",India,108,A,2006
https://www.justwatch.com/in/movie/dead-poets-society,8.1,657k,"Comedy, Drama, Dramedy",United States,129,U,1989
https://www.justwatch.com/in/movie/deadpool,,,"Action & Adventure, Comedy, Science-Fiction, Superhero, Action Comedy",United States,108,A,2016
https://www.justwatch.com/in/movie/death-at-a-funeral,5.7,57k,"Comedy, Drama, Raunchy Comedy",United States,92,UA16+,2010
https://www.justwatch.com/in/movie/dedh-ishqiya,7.0,7k,"Comedy, Drama, Mystery & Thriller, Romance, Bollywood",India,152,UA,2014
https://www.justwatch.com/in/movie/deep-water-2021,5.5,72k,"Crime, Drama, Mystery & Thriller, Romance, Romantic Thriller",United States,116,A,2022
https://www.justwatch.com/in/movie/deepwater-horizon,7.1,200k,"Action & Adventure, Drama, History, Mystery & Thriller, Disaster",United States,107,UA,2016
https://www.justwatch.com/in/movie/demon-slayer-kimetsu-no-yaiba-the-movie-mugen-train,8.2,101k,"Action & Adventure, Animation, Fantasy, Mystery & Thriller, Classic Japanese Anime",Japan,117,UA,2020
https://www.justwatch.com/in/movie/dev-d,7.9,34k,"Comedy, Drama, Romance, Bollywood",India,144,A,2009
https://www.justwatch.com/in/movie/dhamaal,7.6,22k,"Action & Adventure, Comedy, Bollywood",India,135,UA,2007
https://www.justwatch.com/in/movie/dhurandhar-2025,8.3,143k,"Action & Adventure, Crime, Drama, Mystery & Thriller, Action Thriller",India,214,A,2025
https://www.justwatch.com/in/movie/dhurandhar-the-revenge,8.3,62k,"Action & Adventure, Crime, Mystery & Thriller",India,235,A,2026
https://www.justwatch.com/in/movie/dillagi-1978,,,"Drama, Comedy, Romance",India,,,1978
https://www.justwatch.com/in/movie/dj-tillu,7.2,4k,"Action & Adventure, Comedy, Crime, Mystery & Thriller, Romance, RomCom",India,121,UA,2022
https://www.justwatch.com/in/movie/django-unchained,,,"Comedy, Drama, Western, Revenge Western, Epic Western",United States,165,A,2012
https://www.justwatch.com/in/movie/don-jon,6.5,255k,"Comedy, Drama, Romance, RomCom",United States,90,UA,2013
https://www.justwatch.com/in/movie/dont-breathe,7.1,332k,"Crime, Horror, Mystery & Thriller, Horror Thriller",United States,89,A,2016
https://www.justwatch.com/in/movie/dont-breathe-2,6.0,82k,"Action & Adventure, Crime, Horror, Mystery & Thriller, Horror Thriller",United States,98,UA,2021
https://www.justwatch.com/in/movie/dose,,,Mystery & Thriller,India,140,UA16+,2026
https://www.justwatch.com/in/movie/double-occupancy,,,"Comedy, Drama, Fantasy, Romance",India,132,UA16+,2026
https://www.justwatch.com/in/movie/dracula-a-love-tale,6.2,39k,"Fantasy, Horror, Romance, Dark Fantasy",France,,,2025
https://www.justwatch.com/in/movie/dragon-ball-super-super-hero-2022,7.1,15k,"Action & Adventure, Animation, Fantasy, Science-Fiction, Classic Japanese Anime",Japan,100,UA,2022
https://www.justwatch.com/in/movie/dridam,7.0,3k,"Crime, Drama, Mystery & Thriller, Bollywood",India,127,UA16+,2026
https://www.justwatch.com/in/movie/drishyam,8.2,109k,"Crime, Drama, Mystery & Thriller, Bollywood",India,169,UA13+,2015
https://www.justwatch.com/in/movie/drishyam-2,8.4,45k,"Crime, Drama, Mystery & Thriller, Bollywood",India,153,UA,2021
https://www.justwatch.com/in/movie/drishyam-2-2022,8.2,52k,"Crime, Drama, Mystery & Thriller, Bollywood",India,140,UA,2022
https://www.justwatch.com/in/movie/drishyam-2013,8.4,47k,"Crime, Drama, Mystery & Thriller, Bollywood",India,164,U,2013
https://www.justwatch.com/in/movie/drishyam-3,6.8,3k,"Crime, Drama, Kids & Family, Mystery & Thriller",India,157,UA13+,2026
https://www.justwatch.com/in/movie/dug-dug,,,"Comedy, Drama, Music & Musical",India,,,2026
https://www.justwatch.com/in/movie/dune-2021,,,"Drama, Science-Fiction, War & Military, Sci-Fi Drama, Action Adventure",United States,155,UA,2021
https://www.justwatch.com/in/movie/eden-2024,6.5,45k,"Drama, History, Mystery Thriller",United States,,,2025
https://www.justwatch.com/in/movie/edge-of-tomorrow,7.9,807k,"Action & Adventure, Science-Fiction, Sci-Fi Military",United States,113,UA,2014
https://www.justwatch.com/in/movie/eesha-2025,8.3,1k,"Horror, Mystery & Thriller, Horror Thriller, Like, Dislike, Watchlist, Seen, Sign in, to sync Watchlist",India,135,A,2025
https://www.justwatch.com/in/movie/eesho,,,"Drama, Mystery & Thriller, Bollywood",India,107,UA,2022
https://www.justwatch.com/in/movie/ek-vivaah-aisa-bhi,,,"Drama, Romance, Bollywood",India,126,U,2008
https://www.justwatch.com/in/movie/ekkis,6.1,26k,"Action & Adventure, Drama, History, War & Military, War Drama",India,144,UA13+,2026
https://www.justwatch.com/in/movie/eleven-2025,7.4,12k,"Crime, Mystery Thriller",India,135,UA,2025
https://www.justwatch.com/in/movie/enemy-2021,,,"Action & Adventure, Mystery & Thriller, Action Thriller",India,159,UA,2021
https://www.justwatch.com/in/movie/episode-2,,,,United Kingdom,,,2005
https://www.justwatch.com/in/movie/erin-brockovich,7.5,247k,"Drama, Biopics",United States,131,A,2000
https://www.justwatch.com/in/movie/escape-room,6.4,145k,"Action & Adventure, Horror, Mystery & Thriller, Science-Fiction, Psychological Thriller",United States,99,A,2019
https://www.justwatch.com/in/movie/escape-room-tournament-of-champions,5.8,68k,"Action & Adventure, Horror, Science-Fiction, Mystery Thriller",United States,88,UA,2021
https://www.justwatch.com/in/movie/evaru,8.1,10k,"Crime, Mystery & Thriller, Bollywood",India,118,UA,2019
https://www.justwatch.com/in/movie/everything-everywhere-all-at-once,7.7,648k,"Comedy, Drama, Fantasy, Science-Fiction, Action Adventure, Action Comedy",United States,139,A,2022
https://www.justwatch.com/in/movie/evil-dead,6.5,213k,"Horror, Mystery & Thriller, Splatter, Paranormal",United States,91,A,2013
https://www.justwatch.com/in/movie/evil-dead-rise,6.5,169k,"Horror, Mystery & Thriller, Horror Thriller, Dark Fantasy","Ireland, New Zealand, United States",96,A,2023
https://www.justwatch.com/in/movie/exhuma,6.9,29k,"Drama, Horror, Mystery & Thriller, Horror Thriller",South Korea,134,UA,2024
https://www.justwatch.com/in/movie/f3-fun-and-frustration,4.7,2k,"Comedy, Kids & Family, Romance, Bollywood",India,148,U,2022
https://www.justwatch.com/in/movie/family-drama,,,"Drama, Mystery & Thriller, Bollywood",India,124,A,2021
https://www.justwatch.com/in/movie/family-star,5.4,6k,"Action & Adventure, Comedy, Drama, Romance, Bollywood",India,159,UA13+,2024
https://www.justwatch.com/in/movie/farhana,,,"Drama, Mystery & Thriller, Emotional Drama",India,140,UA,2023
https://www.justwatch.com/in/movie/fatafati,7.2,1k,"Drama, Emotional Drama, Bollywood",India,131,U,2023
https://www.justwatch.com/in/movie/fate-grand-order-first-order,5.8,1k,"Action & Adventure, Animation, Fantasy, Classic Japanese Anime",Japan,,,2016
https://www.justwatch.com/in/movie/fifty-shades-darker,4.6,114k,"Drama, Mystery & Thriller, Romance, Romantic Drama",United States,118,A,2017
https://www.justwatch.com/in/movie/fifty-shades-freed,4.6,83k,"Drama, Mystery & Thriller, Romance, Romantic Drama",United States,105,S,2018
https://www.justwatch.com/in/movie/fifty-shades-of-grey,4.2,357k,"Drama, Mystery & Thriller, Romance, Romantic Thriller, Chick Flicks, Romantic Drama",United States,,,2015
https://www.justwatch.com/in/movie/finding-nemo,,,"Action & Adventure, Animation, Comedy, Kids & Family, Pixar, Family Animation",United States,100,U,2003
https://www.justwatch.com/in/movie/firangi,4.3,1k,"Comedy, Drama, Bollywood, Dramedy",India,153,UA7+,2017
https://www.justwatch.com/in/movie/first-man,7.3,217k,"Drama, History, Biopics",United States,138,UA,2018
https://www.justwatch.com/in/movie/ford-v-ferrari,8.1,495k,"Action & Adventure, Drama, History, Sport, Biopics, Based On A True Story",United States,153,UA,2019
https://www.justwatch.com/in/movie/forrest-gump,,,"Comedy, Drama, Romance, Dramedy, Romantic Drama",United States,142,UA,1994
https://www.justwatch.com/in/movie/friends-with-benefits,6.5,421k,"Comedy, Romance, RomCom, Chick Flicks",United States,105,A,2011
https://www.justwatch.com/in/movie/gaami,6.3,2k,"Action & Adventure, Drama, Fantasy, Mystery & Thriller, Science-Fiction, Emotional Drama",India,147,A,2024
https://www.justwatch.com/in/movie/gabbar-is-back,7.0,29k,"Action & Adventure, Crime, Drama, Bollywood",India,130,UA,2015
https://www.justwatch.com/in/movie/gargi,8.1,8k,"Drama, Mystery & Thriller, Bollywood",India,137,U,2022
https://www.justwatch.com/in/movie/gatta-kusthi,6.5,3k,"Comedy, Drama, Romance, Sport, Dramedy",India,146,UA,2022
https://www.justwatch.com/in/movie/geetha-govindam,7.7,17k,"Comedy, Drama, Romance, Bollywood",India,148,UA,2018
https://www.justwatch.com/in/movie/get-out,7.8,823k,"Horror, Mystery & Thriller, Black Culture, Psychological Thriller",United States,104,UA16+,2017
https://www.justwatch.com/in/movie/ghostbusters,6.8,249k,"Action & Adventure, Comedy, Fantasy, Science-Fiction, Sci-Fi Comedy, Chick Flicks, Action Comedy",United States,116,UA,2016
https://www.justwatch.com/in/movie/ghostbusters-afterlife,7.0,241k,"Comedy, Fantasy, Science-Fiction, Sci-Fi Comedy, Modern Fantasy","Canada, United States",124,UA,2021
https://www.justwatch.com/in/movie/ginny-wedss-sunny-2,,,"Comedy, Drama, Kids & Family, Romance",India,134,UA16+,2026
https://www.justwatch.com/in/movie/gladiator,,,"Action & Adventure, Drama, Epic","United Kingdom, United States",155,UA,2000
https://www.justwatch.com/in/movie/godari-gattupaina,,,"Kids & Family, Romance, Comedy, RomCom, Romantic Drama",India,,,2026
https://www.justwatch.com/in/movie/gods-of-egypt,5.4,136k,"Action & Adventure, Drama, Fantasy, Epic Fantasy","Australia, Hong Kong, United States",127,UA,2016
https://www.justwatch.com/in/movie/good-luck-have-fun-dont-die,7.0,55k,"Comedy, Science-Fiction, Sci-Fi Drama, Action Adventure","Germany, United States",,,2026
https://www.justwatch.com/in/movie/goodachari,7.8,12k,"Action & Adventure, Crime, Mystery & Thriller, Bollywood",India,147,UA,2018
https://www.justwatch.com/in/movie/happy-gilmore,7.0,308k,"Comedy, Sport, Sport Comedy",United States,92,U,1996
https://www.justwatch.com/in/movie/happy-raj,,,"Drama, Romance, RomCom, Dramedy",India,159,UA7+,2026
https://www.justwatch.com/in/movie/harry-potter-and-the-philosophers-stone,7.7,954k,"Action & Adventure, Fantasy, Kids & Family, Epic Fantasy","United Kingdom, United States",152,U,2001
https://www.justwatch.com/in/movie/hawa-2022-1,,,Drama,Where does Hawa rank today?,,,2022
https://www.justwatch.com/in/movie/heaven-2022,6.5,2k,"Crime, Mystery & Thriller, Bollywood",India,130,U,2022
https://www.justwatch.com/in/movie/heldin,7.7,10k,"Drama, Mystery & Thriller","Switzerland, Germany",,,2025
https://www.justwatch.com/in/movie/hell-in-paradise,,,"Action & Adventure, Drama, Mystery & Thriller",France,,,2025
https://www.justwatch.com/in/movie/hello-2017,7.4,3k,"Action & Adventure, Drama, Horror, Mystery & Thriller, Romance, Bollywood",India,131,U,2017
https://www.justwatch.com/in/movie/hereditary,7.3,459k,"Drama, Horror, Paranormal, Mystery Thriller, Psychological Thriller","United Kingdom, United States",127,A,2018
https://www.justwatch.com/in/movie/hidden-figures,7.8,290k,"Drama, History, Biopics, Based On A True Story",United States,127,UA,2016
https://www.justwatch.com/in/movie/hollow-man,5.9,147k,"Action & Adventure, Horror, Mystery & Thriller, Science-Fiction, SciFi Horror","Germany, United States",113,A,2000
https://www.justwatch.com/in/movie/homecoming-2009,5.3,4k,"Drama, Horror, Mystery & Thriller, Horror Thriller",United States,,,2009
https://www.justwatch.com/in/movie/honey-2026-1,3.7,2k,"Horror, Mystery & Thriller, Horror Thriller",India,118,A,2026
https://www.justwatch.com/in/movie/hook,6.8,292k,"Comedy, Fantasy, Kids & Family, Live Action, Action Adventure, Fairytale Fantasy",United States,142,U,1991
https://www.justwatch.com/in/movie/hoppers,7.3,65k,"Action & Adventure, Animation, Comedy, Kids & Family, Science-Fiction, Family Animation",United States,104,UA7+,2026
https://www.justwatch.com/in/movie/housefull-4,3.7,16k,"Action & Adventure, Comedy, Drama, Fantasy, Romance, Bollywood",India,145,UA,2019
https://www.justwatch.com/in/movie/housefull-5,3.3,18k,"Comedy, Mystery & Thriller, Bollywood","United Kingdom, India",163,UA16+,2025
https://www.justwatch.com/in/movie/how-to-have-sex,6.4,23k,"Drama, Emotional Drama","Belgium, France, United Kingdom, Greece",,,2023
https://www.justwatch.com/in/movie/hridayam,8.0,21k,"Drama, Romance, Romantic Drama",India,172,U,2022
https://www.justwatch.com/in/movie/hum-saath-saath-hain,6.4,10k,"Drama, Kids & Family, Romance, Bollywood",India,177,U,1999
https://www.justwatch.com/in/movie/hunting-jessica-brok,5.9,1k,"Action & Adventure, Mystery & Thriller","United States, South Africa",,,2025
https://www.justwatch.com/in/movie/i-saw-the-devil,7.8,166k,"Action & Adventure, Horror, Mystery & Thriller, Dark Crime",South Korea,,,2010
https://www.justwatch.com/in/movie/i-wanna-dance-with-somebody,6.6,27k,"Drama, Music & Musical, Music Biopics",United States,144,UA13+,2022
https://www.justwatch.com/in/movie/immaculate-2024,5.8,61k,"Horror, Mystery & Thriller, Horror Thriller",United States,89,A,2024
https://www.justwatch.com/in/movie/in-the-blink-of-an-eye,6.1,6k,"Drama, Science-Fiction, Sci-Fi Drama",United States,,,2026
https://www.justwatch.com/in/movie/in-this-corner-of-the-world,7.8,12k,"Animation, Drama, History, Kids & Family, War & Military, Classic Japanese Anime",Japan,130,U,2016
https://www.justwatch.com/in/movie/inception,,,"Action & Adventure, Mystery & Thriller, Science-Fiction, Cerebral, Action Thriller","United Kingdom, United States",148,UA,2010
https://www.justwatch.com/in/movie/independence-day,7.0,648k,"Action & Adventure, Science-Fiction, Invasion, End of the World",United States,145,UA,1996
https://www.justwatch.com/in/movie/inferno,6.2,202k,"Crime, Drama, Mystery & Thriller, Action Adventure",United States,122,UA,2016
https://www.justwatch.com/in/movie/inglourious-basterds,,,"Drama, Mystery & Thriller, War & Military, War Drama, War Epics","Germany, United States",153,A,2009
https://www.justwatch.com/in/movie/innale-vare,,,"Drama, Mystery & Thriller",India,136,UA,2022
https://www.justwatch.com/in/movie/inside-man,7.6,425k,"Crime, Drama, Mystery & Thriller, Heist",United States,129,UA,2006
https://www.justwatch.com/in/movie/insidious-chapter-4,5.7,80k,"Documentary, Horror, Mystery & Thriller, Paranormal",United States,103,A,2018
https://www.justwatch.com/in/movie/insomnia-2002,7.2,344k,"Drama, Mystery Thriller",United States,118,UA,2002
https://www.justwatch.com/in/movie/interstellar,,,"Action & Adventure, Drama, Science-Fiction, Sci-Fi Drama","Canada, United Kingdom, United States",169,UA,2014
https://www.justwatch.com/in/movie/iron-man,,,"Action & Adventure, Science-Fiction, Superhero",United States,126,UA,2008
https://www.justwatch.com/in/movie/iron-man-3,7.1,969k,"Action & Adventure, Science-Fiction, Superhero",United States,130,UA,2013
https://www.justwatch.com/in/movie/jab-we-met,7.9,65k,"Comedy, Drama, Romance, Bollywood",India,138,U,2007
https://www.justwatch.com/in/movie/jerry-maguire,7.3,312k,"Comedy, Drama, Romance, Sport, RomCom",United States,138,U,1996
https://www.justwatch.com/in/movie/jigris,7.8,2k,"Comedy, Bollywood",India,150,UA16+,2025
https://www.justwatch.com/in/movie/jodi-2019,,,"Action & Adventure, Drama, Romance, Bollywood, Romantic Drama",India,140,U,2019
https://www.justwatch.com/in/movie/joseph,8.0,7k,"Crime, Drama, Mystery & Thriller, Bollywood",India,138,UA,2018
https://www.justwatch.com/in/movie/journey-to-bethlehem,6.4,2k,"Drama, Kids & Family, Romance, Holiday, Musical, Religious Drama",United States,,,2023
https://www.justwatch.com/in/movie/jugeodo-doeneun-ai,6.7,5k,"Action & Adventure, Crime, Mystery & Thriller, Action Thriller",South Korea,,,2022
https://www.justwatch.com/in/movie/jujutsu-kaisen-0-the-movie,7.8,64k,"Action & Adventure, Animation, Fantasy, Classic Japanese Anime",Japan,105,UA,2021
https://www.justwatch.com/in/movie/jumanji-the-next-level,6.6,320k,"Comedy, Fantasy, Action Adventure",United States,123,UA,2019
https://www.justwatch.com/in/movie/jumanji-welcome-to-the-jungle,6.9,505k,"Comedy, Fantasy, Action Adventure",United States,119,UA,2017
https://www.justwatch.com/in/movie/junior-2025,4.7,1k,"Drama, Emotional Drama, Bollywood",India,151,UA13+,2025
https://www.justwatch.com/in/movie/jurassic-park,,,"Action & Adventure, Science-Fiction, Invasion",United States,127,UA,1993
https://www.justwatch.com/in/movie/jurassic-world-dominion,5.6,247k,"Mystery & Thriller, Science-Fiction, Invasion, Action Adventure",United States,147,UA,2022
https://www.justwatch.com/in/movie/k-g-f-chapter-1,8.1,111k,"Action & Adventure, Crime, Drama, Mystery & Thriller, Bollywood",India,156,UA,2018
https://www.justwatch.com/in/movie/k-g-f-chapter-2,8.2,170k,"Action & Adventure, Crime, Drama, Mystery & Thriller, Bollywood",India,166,UA,2022
https://www.justwatch.com/in/movie/kabir-singh,7.0,45k,"Drama, Romance, Bollywood",India,172,A,2019
https://www.justwatch.com/in/movie/kadaisi-vivasayi-2022,8.7,10k,"Drama, Dramedy",India,145,U,2022
https://www.justwatch.com/in/movie/kadakh,6.9,2k,"Comedy, Crime, Drama, Dramedy, Mystery Thriller",India,108,UA,2020
https://www.justwatch.com/in/movie/kadina-kadoramee-andakadaham,6.4,2k,"Comedy, Drama, Kids & Family, Bollywood, Dramedy",India,120,U,2023
https://www.justwatch.com/in/movie/kalamkaval,7.2,3k,"Crime, Drama, Bollywood",India,144,UA16+,2025
https://www.justwatch.com/in/movie/kalki-2898-ad,7.1,55k,"Action & Adventure, Drama, Fantasy, Mystery & Thriller, Science-Fiction, Bollywood",India,180,UA,2024
https://www.justwatch.com/in/movie/kanam,7.8,3k,"Drama, Mystery & Thriller, Science-Fiction, Sci-Fi Drama",India,154,U,2022
https://www.justwatch.com/in/movie/kantara,8.1,117k,"Action & Adventure, Drama, Mystery & Thriller, Bollywood, Action Thriller",India,147,UA,2022
https://www.justwatch.com/in/movie/kantara-chapter-1,8.1,57k,"Action & Adventure, Drama, Fantasy, Mystery & Thriller, Bollywood, Action Thriller",India,165,UA16+,2025
https://www.justwatch.com/in/movie/karakkam,,,"Comedy, Horror",India,104,UA13+,2026
https://www.justwatch.com/in/movie/karuppu,6.3,9k,"Action & Adventure, Comedy, Drama, Fantasy, Bollywood",India,150,UA13+,2026
https://www.justwatch.com/in/movie/kill-2024,7.4,46k,"Action & Adventure, Crime, Drama, Mystery & Thriller, Action Thriller",India,105,A,2024
https://www.justwatch.com/in/movie/kill-bill-vol-1,,,"Action & Adventure, Crime, Mystery & Thriller, Martial Art",United States,111,A,2003
https://www.justwatch.com/in/movie/kimi-o-aishita-hitori-no-boku-e,7.0,1k,"Animation, Fantasy, Romance, Science-Fiction, Classic Japanese Anime",Japan,,,2022
https://www.justwatch.com/in/movie/king-of-thorn,6.3,3k,"Animation, Fantasy, Horror, Mystery & Thriller, Science-Fiction, Classic Japanese Anime",Japan,,,2010
https://www.justwatch.com/in/movie/kishkindhapuri-2025,6.9,3k,"Comedy, Drama, Horror, Mystery & Thriller, Bollywood, Horror Thriller",India,125,A,2025
https://www.justwatch.com/in/movie/knives-out,7.9,881k,"Comedy, Crime, Drama, Dramedy, Detective Crime, Mystery Thriller",United States,130,UA,2019
https://www.justwatch.com/in/movie/knowing,6.2,262k,"Drama, Fantasy, Mystery & Thriller, Science-Fiction, Disaster","Australia, United Kingdom, United States",121,UA,2009
https://www.justwatch.com/in/movie/kothanodi,,,"Fantasy, Horror, Mystery & Thriller, Dark Fantasy",India,120,U,2015
https://www.justwatch.com/in/movie/krrish-3,5.4,28k,"Action & Adventure, Science-Fiction, Bollywood",India,152,U,2013
https://www.justwatch.com/in/movie/kumbalangi-nights,8.5,21k,"Comedy, Drama, Romance, Dramedy",India,135,U,2019
https://www.justwatch.com/in/movie/la-la-land,8.0,766k,"Comedy, Drama, Music & Musical, Romance, Musical",United States,129,A,2016
https://www.justwatch.com/in/movie/laalo-krishna-sada-sahaayate,8.1,2k,"Drama, Kids & Family, Bollywood",India,135,UA13+,2025
https://www.justwatch.com/in/movie/laila-majnu,7.6,9k,"Drama, Romance",India,139,UA,2018
https://www.justwatch.com/in/movie/latency,4.2,3k,"Action & Adventure, Horror, Mystery & Thriller, Science-Fiction, Action Thriller","Thailand, United States",94,UA16+,2024
https://www.justwatch.com/in/movie/legally-blonde,6.5,287k,"Comedy, Romance, RomCom, Chick Flicks",United States,96,U,2001
https://www.justwatch.com/in/movie/life-of-pi,7.9,701k,"Drama, Fantasy, Action Adventure",United States,127,U,2012
https://www.justwatch.com/in/movie/liger,2.6,49k,"Action & Adventure, Drama, Romance, Sport, Bollywood",India,138,UA,2022
https://www.justwatch.com/in/movie/like-share-and-subscribe,,,"Action & Adventure, Comedy, Drama, Bollywood, Action Comedy",India,134,UA,2022
https://www.justwatch.com/in/movie/limitless,7.4,650k,"Mystery & Thriller, Science-Fiction, Cerebral, Cyberpunk, Action Thriller",United States,106,A,2011
https://www.justwatch.com/in/movie/lipstick-under-my-burkha,6.8,7k,"Comedy, Drama, Bollywood",India,116,A,2017
https://www.justwatch.com/in/movie/little-women-2019,7.8,285k,"Drama, Romance, Period Drama",United States,135,U,2019
https://www.justwatch.com/in/movie/lokah-chapter-one-chandra,7.6,20k,"Action & Adventure, Fantasy, Epic Fantasy",India,151,UA16+,2025
https://www.justwatch.com/in/movie/lorni-the-flaneur,,,"Crime, Mystery & Thriller",India,107,UA16+,2019
https://www.justwatch.com/in/movie/lottery,,,"Drama, Mystery & Thriller, Emotional Drama",India,118,UA,2018
https://www.justwatch.com/in/movie/love-aaj-kal-2020,6.8,18k,"Comedy, Drama, Romance, Bollywood",India,128,UA,2009
https://www.justwatch.com/in/movie/love-insurance-kompany,,,"Comedy, Romance, Science-Fiction, RomCom, Bollywood",India,157,UA13+,2026
https://www.justwatch.com/in/movie/love-life-2022,6.9,2k,"Drama, Emotional Drama","France, Japan",,,2022
https://www.justwatch.com/in/movie/love-sonia,7.4,2k,"Drama, Bollywood",India,126,A,2018
https://www.justwatch.com/in/movie/lucifer,7.5,16k,"Action & Adventure, Crime, Drama, Mystery & Thriller, Action Thriller",India,174,UA,2019
https://www.justwatch.com/in/movie/lyle-lyle-crocodile,6.1,18k,"Comedy, Fantasy, Kids & Family, Music & Musical, Family Animation","United Kingdom, Italy, United States",106,U,2022
https://www.justwatch.com/in/movie/maacher-jhol,,,"Drama, Kids & Family, Made in Europe","France, India",108,UA,2017
https://www.justwatch.com/in/movie/maanaadu,8.1,27k,"Action & Adventure, Mystery & Thriller, Science-Fiction, Action Thriller",India,147,UA,2021
https://www.justwatch.com/in/movie/maari-2,5.7,4k,"Action & Adventure, Comedy, Bollywood",India,150,UA,2018
https://www.justwatch.com/in/movie/mad-max-fury-road,,,"Science-Fiction, Post Apocalyptic World, Action Adventure","Australia, United States",121,A,2015
https://www.justwatch.com/in/movie/madagascar,7.0,482k,"Action & Adventure, Animation, Comedy, Kids & Family, Family Animation",United States,86,U,2005
https://www.justwatch.com/in/movie/madgaon-express,7.0,42k,"Comedy, Drama, Dramedy",India,143,UA,2024
https://www.justwatch.com/in/movie/madhuram-2021,7.6,3k,"Drama, Romance, Romantic Drama",India,122,UA13+,2021
https://www.justwatch.com/in/movie/madhuvidhu-2026,6.5,1k,"Comedy, Drama, Kids & Family, Romance, Dramedy",India,125,U,2026
https://www.justwatch.com/in/movie/maleficent,6.9,425k,"Action & Adventure, Drama, Kids & Family, Romance, Epic Fantasy, Live Action, Dark Fantasy, Fairytale Fantasy",United States,97,U,2014
https://www.justwatch.com/in/movie/man-of-steel,7.1,869k,"Action & Adventure, Science-Fiction, Superhero","United Kingdom, United States",143,UA,2013
https://www.justwatch.com/in/movie/manam,8.0,13k,"Comedy, Drama, Fantasy, Kids & Family, Dramedy",India,163,U,2014
https://www.justwatch.com/in/movie/mangalavaram,6.8,4k,"Action & Adventure, Drama, Horror, Mystery & Thriller, Action Thriller",India,149,A,2023
https://www.justwatch.com/in/movie/manjummel-boys,8.2,34k,"Action & Adventure, Drama, Mystery & Thriller, Dramedy",India,135,UA,2024
https://www.justwatch.com/in/movie/maranamass,,,"Comedy, Crime, Mystery & Thriller, Dramedy",India,139,UA16+,2025
https://www.justwatch.com/in/movie/marco-2024,6.5,25k,"Action & Adventure, Crime, Mystery & Thriller, Bollywood",India,145,A,2024
https://www.justwatch.com/in/movie/mareechika,,,"Mystery & Thriller, Romance",India,138,UA13+,2026
https://www.justwatch.com/in/movie/mario-2025,8.4,1k,Comedy,India,137,A,2025
https://www.justwatch.com/in/movie/mark-2025,,,"Mystery & Thriller, Action Thriller",India,144,UA16+,2025
https://www.justwatch.com/in/movie/marty-supreme,7.6,192k,"Comedy, Drama, Mystery & Thriller, Sport, Dramedy, Sports Drama","Finland, United States",149,A,2025
https://www.justwatch.com/in/movie/maxxxine,6.2,88k,"Crime, Horror, Mystery & Thriller, Horror Thriller",United States,103,A,2024
https://www.justwatch.com/in/movie/me-shivajiraje-bhosale-boltoy-2009,8.0,2k,"Drama, Emotional Drama",India,141,U,2009
https://www.justwatch.com/in/movie/mehandi-circus,,,"Drama, Bollywood",India,135,U,2019
https://www.justwatch.com/in/movie/men-in-black,7.3,666k,"Action & Adventure, Comedy, Science-Fiction, Sci-Fi Comedy",United States,94,UA,1997
https://www.justwatch.com/in/movie/men-in-black-3,6.8,412k,"Action & Adventure, Comedy, Science-Fiction, Sci-Fi Comedy, Action Comedy","United Arab Emirates, United States",106,UA,2012
https://www.justwatch.com/in/movie/mension-house-mallesh,9.1,3k,"Comedy, Drama, Dramedy",India,121,A,2026
https://www.justwatch.com/in/movie/mermaid,,,"Action & Adventure, Comedy, Horror, Mystery & Thriller, Horror Comedy",United States,105,A,2026
https://www.justwatch.com/in/movie/mersal,7.5,42k,"Action & Adventure, Crime, Fantasy, Mystery & Thriller, Bollywood",India,161,UA,2017
https://www.justwatch.com/in/movie/minions-the-rise-of-gru,6.5,92k,"Animation, Comedy, Crime, Kids & Family, Science-Fiction, Family Animation",United States,87,U,2022
https://www.justwatch.com/in/movie/mirage-2025,,,,India,150,UA,2025
https://www.justwatch.com/in/movie/mission-impossible-dead-reckoning-part-two,7.1,233k,"Action & Adventure, Mystery & Thriller, Spies, Action Thriller",United States,170,UA13+,2025
https://www.justwatch.com/in/movie/moana,7.6,443k,"Action & Adventure, Animation, Comedy, Fantasy, Kids & Family, Animated Musical",United States,107,U,2016
https://www.justwatch.com/in/movie/mollywood-times,7.5,2k,"Comedy, Drama",India,150,UA16+,2026
https://www.justwatch.com/in/movie/moneyball,7.6,511k,"Drama, Sport, Biopics, Sports Drama",United States,134,A,2011
https://www.justwatch.com/in/movie/monster-hunter-2020,5.2,75k,"Fantasy, Video Game, Action Adventure","Canada, China, Germany, Japan",104,UA,2020
https://www.justwatch.com/in/movie/morbius,5.1,157k,"Action & Adventure, Fantasy, Horror, Mystery & Thriller, Science-Fiction, SciFi Horror",United States,105,UA,2022
https://www.justwatch.com/in/movie/mortal-kombat-2021,6.1,215k,"Action & Adventure, Fantasy, Mystery & Thriller, Science-Fiction, Video Game",United States,110,A,2021
https://www.justwatch.com/in/movie/morya,,,"Drama, Emotional Drama, Bollywood",India,19,UA16+,2011
https://www.justwatch.com/in/movie/mr-housekeeping,,,,Where does Mr. Housekeeping rank today?,,,2025
https://www.justwatch.com/in/movie/mubarakan,5.6,4k,"Comedy, Drama, Romance, RomCom, Bollywood",India,156,UA,2017
https://www.justwatch.com/in/movie/mumbai-express,6.1,1k,"Action & Adventure, Comedy, Crime, Drama, Action Comedy",India,145,U,2005
https://www.justwatch.com/in/movie/my-best-friends-wedding,6.4,167k,"Comedy, Drama, Romance, RomCom, Chick Flicks",United States,105,UA,1997
https://www.justwatch.com/in/movie/my-fault-london,6.2,17k,"Drama, Romance, Romantic Drama",United Kingdom,,,2025
https://www.justwatch.com/in/movie/narivetta,6.5,3k,"Action & Adventure, Drama, Mystery & Thriller, Action Thriller",India,139,UA16+,2025
https://www.justwatch.com/in/movie/ne-zha-2,7.9,24k,"Action & Adventure, Animation, Comedy, Drama, Fantasy, Western Animation",China,144,UA7+,2025
https://www.justwatch.com/in/movie/nkr21,,,"Action & Adventure, Crime, Drama, Mystery & Thriller, Action Thriller",India,142,UA,2025
https://www.justwatch.com/in/movie/nobody,7.4,396k,"Action & Adventure, Crime, Drama, Mystery & Thriller, Action Thriller",United States,91,A,2021
https://www.justwatch.com/in/movie/nocturnal-animals,7.5,317k,"Drama, Psychological Drama, Mystery Thriller","China, United Kingdom, United States",116,UA13+,2016
https://www.justwatch.com/in/movie/nosferatu-2023,7.1,268k,"Fantasy, Horror, Dark Fantasy",United States,133,A,2024
https://www.justwatch.com/in/movie/notting-hill,7.2,386k,"Comedy, Drama, Romance, RomCom, Chick Flicks","United Kingdom, United States",124,U,1999
https://www.justwatch.com/in/movie/now-you-see-me,7.2,773k,"Crime, Mystery Thriller","France, United States",115,UA13+,2013
https://www.justwatch.com/in/movie/now-you-see-me-3,5.9,70k,"Crime, Mystery Thriller","United Arab Emirates, Canada, Hungary, United States",113,UA16+,2025
https://www.justwatch.com/in/movie/nuremberg,7.4,101k,"Drama, History, Mystery & Thriller, War & Military, War Drama","Hungary, United States",149,UA16+,2025
https://www.justwatch.com/in/movie/odela2,4.6,6k,"Action & Adventure, Crime, Drama, Horror, Mystery & Thriller, Bollywood",India,147,A,2025
https://www.justwatch.com/in/movie/oh-my-kadavule,8.0,6k,"Comedy, Fantasy, Romance, RomCom",India,154,UA,2020
https://www.justwatch.com/in/movie/ok-jaanu,5.4,5k,"Drama, Romance, Bollywood",India,135,UA,2017
https://www.justwatch.com/in/movie/oldboy-2003,8.3,722k,"Action & Adventure, Drama, No Superhero, Action Thriller, Mystery Thriller",South Korea,120,A,2003
https://www.justwatch.com/in/movie/once-upon-a-time-in-hollywood,7.6,966k,"Comedy, Drama, Mystery & Thriller, Dramedy","China, United Kingdom, United States",162,A,2019
https://www.justwatch.com/in/movie/oppenheimer,,,"Drama, History, War Drama, Biopics","United Kingdom, United States",181,UA,2023
https://www.justwatch.com/in/movie/orey-bujjiga,,,"Drama, Romance, Bollywood",India,164,UA,2020
https://www.justwatch.com/in/movie/over-your-dead-body-2026,6.3,18k,"Action & Adventure, Comedy, Mystery & Thriller, Action Comedy","Finland, Norway, United States",,,2026
https://www.justwatch.com/in/movie/oye-lucky-lucky-oye,7.7,19k,"Action & Adventure, Comedy, Crime, Drama",India,126,UA,2008
https://www.justwatch.com/in/movie/paan-singh-tomar,8.2,40k,"Action & Adventure, Crime, Drama, Mystery & Thriller, Sport, Bollywood",India,135,UA,2012
https://www.justwatch.com/in/movie/pacific-rim,6.9,560k,"Action & Adventure, Science-Fiction, Invasion","Mexico, United States",131,UA,2013
https://www.justwatch.com/in/movie/pani,6.9,4k,"Action & Adventure, Crime, Drama, Mystery & Thriller, Bollywood",India,143,UA,2024
https://www.justwatch.com/in/movie/papa-o-naanna,,,"Comedy, Drama, Kids & Family, Romance, Romantic Drama",India,131,U,2025
https://www.justwatch.com/in/movie/pathaan,5.8,166k,"Action & Adventure, Mystery & Thriller, Action Thriller","Spain, India, Italy, Turkey",146,UA,2023
https://www.justwatch.com/in/movie/pearl-2022,7.0,160k,"Drama, Horror, Mystery & Thriller, Slasher, Horror Thriller",United States,102,A,2022
https://www.justwatch.com/in/movie/pebbles,7.0,1k,"Drama, Emotional Drama",India,,,2021
https://www.justwatch.com/in/movie/pehlwaan,6.2,2k,"Action & Adventure, Drama, Sport, Sports Drama",India,166,UA,2019
https://www.justwatch.com/in/movie/peter-rabbit,6.6,53k,"Action & Adventure, Animation, Comedy, Drama, Fantasy, Kids & Family, Live Action, Action Comedy","Australia, United States",93,U,2018
https://www.justwatch.com/in/movie/peter-rabbit-2-the-runaway,6.2,17k,"Animation, Comedy, Drama, Fantasy, Kids & Family, Live Action","Australia, United States",93,U,2021
https://www.justwatch.com/in/movie/phantom-2023,6.2,1k,"Action & Adventure, Crime, History, Mystery & Thriller, Action Thriller",South Korea,,,2023
https://www.justwatch.com/in/movie/philadelphia,7.7,274k,"Drama, Courtroom",United States,126,UA,1993
https://www.justwatch.com/in/movie/phir-hera-pheri,7.4,31k,"Comedy, Crime, Bollywood",India,150,UA,2006
https://www.justwatch.com/in/movie/pideme-lo-que-quieras,4.1,2k,"Documentary, Drama, Mystery & Thriller, Romance, Romantic Thriller, Romantic Drama",Spain,114,A,2024
https://www.justwatch.com/in/movie/pineapple-express,6.9,373k,"Action & Adventure, Comedy, Crime, Raunchy Comedy",United States,112,A,2008
https://www.justwatch.com/in/movie/pirates-of-the-caribbean-the-curse-of-the-black-pearl,,,"Fantasy, Epic Fantasy, Action Adventure",United States,143,UA,2003
https://www.justwatch.com/in/movie/pitch-perfect,7.1,351k,"Comedy, Music & Musical, Romance, Female Comedy, Chick Flicks",United States,112,U,2012
https://www.justwatch.com/in/movie/pitruroon,,,"Drama, Kids & Family, Romance",India,,,2013
https://www.justwatch.com/in/movie/pixels,5.6,180k,"Action & Adventure, Comedy, Fantasy, Mystery & Thriller, Science-Fiction, Sci-Fi Comedy, Video Game","China, France, India, United States",106,UA,2015
https://www.justwatch.com/in/movie/platoon,8.1,472k,"Action & Adventure, Drama, War & Military, War Drama","United Kingdom, United States",120,UA,1986
https://www.justwatch.com/in/movie/play-dead-2022,5.2,5k,"Horror, Mystery & Thriller, Horror Thriller",United States,106,A,2022
https://www.justwatch.com/in/movie/pongala,,,"Action & Adventure, Drama",India,158,A,2025
https://www.justwatch.com/in/movie/poorna,7.7,1k,"Action & Adventure, Drama, Biopics",India,105,U,2017
https://www.justwatch.com/in/movie/por-thozhil,8.0,13k,"Action & Adventure, Crime, Mystery & Thriller, Bollywood, Action Thriller",India,147,UA,2023
https://www.justwatch.com/in/movie/poster-boys,5.4,1k,"Comedy, Bollywood","India, United States",128,UA,2017
https://www.justwatch.com/in/movie/pravinkoodu-shappu,6.6,3k,"Crime, Mystery Thriller",India,146,UA16+,2025
https://www.justwatch.com/in/movie/predator-badlands,7.2,156k,"Action & Adventure, Mystery & Thriller, Science-Fiction, Invasion",United States,107,UA16+,2025
https://www.justwatch.com/in/movie/predestination,7.4,336k,"Action & Adventure, Drama, Mystery & Thriller, Science-Fiction, Cerebral",Australia,97,S,2014
https://www.justwatch.com/in/movie/prem-ratan-dhan-payo,4.4,23k,"Action & Adventure, Drama, Romance, Bollywood",India,163,U,2015
https://www.justwatch.com/in/movie/pride-and-prejudice-2005,7.8,378k,"Drama, Romance, Chick Flicks, Romantic Drama, Romantic Epic","France, United Kingdom, United States",128,UA13+,2005
https://www.justwatch.com/in/movie/primate,5.8,30k,"Horror, Mystery & Thriller, Horror Thriller","Australia, Canada, United Kingdom, United States",92,A,2026
https://www.justwatch.com/in/movie/prisoners,8.2,941k,"Crime, Drama, Mystery Thriller",United States,153,A,2013
https://www.justwatch.com/in/movie/priyuraalu,,,"Drama, Romance",India,114,UA,2021
https://www.justwatch.com/in/movie/project-hail-mary,8.2,370k,"Action & Adventure, Comedy, Drama, Science-Fiction, Sci-Fi Drama",United States,156,UA13+,2026
https://www.justwatch.com/in/movie/pulp-fiction,,,"Comedy, Crime, Drama, Mystery & Thriller, Organized Crime, Dark Crime",United States,154,A,1994
https://www.justwatch.com/in/movie/purusha-pretham,7.2,1k,"Comedy, Crime, Drama, Bollywood",India,152,UA16+,2023
https://www.justwatch.com/in/movie/pushpa,7.6,100k,"Action & Adventure, Crime, Drama, Mystery & Thriller, Bollywood",India,179,UA,2021
https://www.justwatch.com/in/movie/puzhu,6.2,3k,"Crime, Drama, Mystery & Thriller, Bollywood",India,122,U,2022
https://www.justwatch.com/in/movie/pyaar-kiya-nahin-jaata,,,"Drama, Romance",India,,,2003
https://www.justwatch.com/in/movie/quarantine,6.0,83k,"Comedy, Drama, Horror, Mystery & Thriller, Science-Fiction, Found Footage","Spain, United States",89,A,2008
https://www.justwatch.com/in/movie/r-l-stines-pumpkinhead,5.8,1k,"Comedy, Fantasy, Horror, Horror Thriller, Monster",Canada,91,UA16+,2025
https://www.justwatch.com/in/movie/race-gurram,7.3,12k,"Action & Adventure, Comedy, Action Comedy",India,162,UA,2014
https://www.justwatch.com/in/movie/radhe-shyam,5.2,33k,"Drama, Romance, Romantic Drama",India,138,UA,2022
https://www.justwatch.com/in/movie/raghu-cng,,,"Crime, Mystery & Thriller",India,,,2019
https://www.justwatch.com/in/movie/rahu-ketu-2026,6.4,2k,"Comedy, Fantasy, Romance, Action Adventure",India,140,UA16+,2026
https://www.justwatch.com/in/movie/raid,7.4,23k,"Crime, Drama, Mystery & Thriller, Bollywood",India,120,UA,2018
https://www.justwatch.com/in/movie/rama-rao-on-duty,5.0,1k,"Action & Adventure, Crime, Drama, Mystery & Thriller, Bollywood","India, United States",150,UA,2022
https://www.justwatch.com/in/movie/ramani-kalyanam,,,"Drama, Romance",India,,,2026
https://www.justwatch.com/in/movie/rangasthalam,8.2,31k,"Action & Adventure, Drama, Bollywood",India,179,UA,2018
https://www.justwatch.com/in/movie/ransomed,6.6,1k,"Action & Adventure, Comedy, Drama, Mystery & Thriller, Action Thriller",South Korea,,,2023
https://www.justwatch.com/in/movie/ratsasan,8.3,51k,"Action & Adventure, Crime, Drama, Mystery & Thriller, Action Thriller",India,170,UA,2018
https://www.justwatch.com/in/movie/ravening,7.7,4k,"Drama, Fantasy, Horror, Romance, Dark Fantasy",India,107,UA,2019
https://www.justwatch.com/in/movie/razor,,,"Action & Adventure, Drama, Mystery & Thriller",India,130,A,2026
https://www.justwatch.com/in/movie/ready-or-not-2019,6.9,253k,"Comedy, Horror, Horror Comedy",United States,96,A,2019
https://www.justwatch.com/in/movie/rekhachithram,7.8,17k,"Crime, Drama, Mystery Thriller",India,147,UA13+,2025
https://www.justwatch.com/in/movie/rental-family,7.6,59k,"Comedy, Drama, Dramedy",United States,,,2025
https://www.justwatch.com/in/movie/resident-evil-retribution,5.3,159k,"Action & Adventure, Horror, Mystery & Thriller, Science-Fiction, Zombie, Video Game","Canada, Germany, United States",95,A,2012
https://www.justwatch.com/in/movie/resident-evil-the-final-chapter,5.5,108k,"Action & Adventure, Horror, Mystery & Thriller, Science-Fiction, Made in Europe, Post Apocalyptic World, Video Game","Canada, Germany, France, United States",107,UA,2016
https://www.justwatch.com/in/movie/revolver-rani,4.6,2k,"Action & Adventure, Comedy, Crime, Drama, Romance, Action Comedy",India,132,UA,2014
https://www.justwatch.com/in/movie/road-house-2024,6.2,187k,"Action & Adventure, Drama, Mystery & Thriller, Action Thriller",United States,,,2024
https://www.justwatch.com/in/movie/robotech-the-shadow-chronicles,6.3,1k,"Action & Adventure, Animation, Science-Fiction, Western Animation",United States,,,2006
https://www.justwatch.com/in/movie/roy-2022,,,"Drama, Mystery & Thriller, Bollywood",India,126,UA16+,2022
https://www.justwatch.com/in/movie/saaho,5.1,26k,"Action & Adventure, Mystery & Thriller, Bollywood",India,170,UA13+,2019
https://www.justwatch.com/in/movie/sabhaapathy,5.7,2k,"Comedy, Drama",India,123,U,2021
https://www.justwatch.com/in/movie/salbardi-2026,,,Drama,India,,,2026
https://www.justwatch.com/in/movie/salt,6.5,343k,"Action & Adventure, Mystery & Thriller, Spies, Action Thriller",United States,100,UA,2010
https://www.justwatch.com/in/movie/salute-2022,7.0,6k,"Action & Adventure, Crime, Drama, Mystery & Thriller, Action Thriller",India,145,UA,2022
https://www.justwatch.com/in/movie/sambhavam-adhyayam-onnu,7.4,6k,"Drama, Fantasy, Mystery & Thriller, Psychological Thriller",India,127,UA13+,2026
https://www.justwatch.com/in/movie/sarileru-neekevvaru,,,"Action & Adventure, Bollywood",India,169,UA,2020
https://www.justwatch.com/in/movie/sarkar-2018,6.7,22k,"Action & Adventure, Drama, Bollywood",India,164,UA,2018
https://www.justwatch.com/in/movie/sarvam-maya,7.7,10k,"Comedy, Fantasy, Horror, Kids & Family, Horror Comedy",India,146,U,2025
https://www.justwatch.com/in/movie/sathi-leelavathi-2025,,,Drama,India,131,UA13+,2026
https://www.justwatch.com/in/movie/saudi-vellakka,8.0,2k,"Drama, Bollywood",India,146,U,2022
https://www.justwatch.com/in/movie/scarface,,,"Action & Adventure, Crime, Drama, Organized Crime",United States,170,A,1983
https://www.justwatch.com/in/movie/schindlers-list,,,"Drama, History, War & Military, Biopics, Based On A True Story",United States,195,UA,1993
https://www.justwatch.com/in/movie/scream-7,5.5,58k,"Crime, Horror, Mystery & Thriller, Slasher","Canada, United States",114,A,2026
https://www.justwatch.com/in/movie/second-case-of-seetharam,,,"Crime, Mystery & Thriller, Detective Crime",India,120,UA16+,2026
https://www.justwatch.com/in/movie/seeru,,,"Action & Adventure, Drama, Bollywood",India,124,UA,2020
https://www.justwatch.com/in/movie/seetharam-benoy,,,"Drama, Mystery Thriller",India,125,UA,2021
https://www.justwatch.com/in/movie/send-help,6.7,126k,"Comedy, Horror, Mystery & Thriller, Horror Thriller",United States,113,A,2026
https://www.justwatch.com/in/movie/seththumaan,,,Drama,India,117,U,2022
https://www.justwatch.com/in/movie/seven-pounds,7.6,326k,"Drama, Mystery & Thriller, Emotional Drama",United States,123,A,2008
https://www.justwatch.com/in/movie/shershaah,8.3,136k,"Action & Adventure, Drama, Mystery & Thriller, War & Military, Bollywood, Biopics",India,135,UA,2021
https://www.justwatch.com/in/movie/shiddat-2021,7.6,27k,"Drama, Romance, Bollywood","United Kingdom, India",146,UA,2021
https://www.justwatch.com/in/movie/shikshanachya-aaicha-gho,,,"Comedy, Drama, Dramedy",India,103,UA16+,2010
https://www.justwatch.com/in/movie/shutter-island,,,"Drama, Horror Thriller, Mystery Thriller, Psychological Thriller",United States,138,A,2010
https://www.justwatch.com/in/movie/silent-night-deadly-night-0,6.1,7k,"Horror, Mystery & Thriller, Horror Thriller","Canada, France, United States",96,A,2025
https://www.justwatch.com/in/movie/sing-2,7.3,101k,"Animation, Comedy, Kids & Family, Music & Musical, Animated Musical",United States,110,U,2021
https://www.justwatch.com/in/movie/singham-again-2024-0,4.3,76k,"Action & Adventure, Crime, Drama, Mystery & Thriller, Bollywood, Action Thriller",India,145,UA16+,2024
https://www.justwatch.com/in/movie/sinners-2025,7.5,494k,"Action & Adventure, Horror, Mystery & Thriller, Horror Thriller","Australia, Canada, United States",137,A,2025
https://www.justwatch.com/in/movie/sister-midnight,5.7,3k,"Comedy, Drama, Horror, Dramedy","United Kingdom, India, Sweden",107,A,2025
https://www.justwatch.com/in/movie/sisu-2023,6.9,123k,"Action & Adventure, Mystery & Thriller, War & Military, War Epics","Finland, United Kingdom, United States",91,A,2023
https://www.justwatch.com/in/movie/sita-ramam,8.5,84k,"Action & Adventure, Drama, History, Romance, Bollywood",India,158,U,2022
https://www.justwatch.com/in/movie/sitaare-zameen-par,6.9,33k,"Comedy, Drama, Sport, Bollywood, Sports Drama",India,155,UA13+,2025
https://www.justwatch.com/in/movie/sivaranjiniyum-innum-sila-pengalum,,,"Drama, Bollywood",India,112,U,2021
https://www.justwatch.com/in/movie/sleepless,5.6,36k,"Action & Adventure, Crime, Drama, Mystery & Thriller, War & Military, Action Thriller","United Kingdom, United States",95,A,2017
https://www.justwatch.com/in/movie/soorma,7.3,6k,"Drama, Sport, Bollywood","India, United States",131,U,2018
https://www.justwatch.com/in/movie/speak-no-evil-2024,6.8,139k,"Drama, Horror, Mystery & Thriller, Horror Thriller",United States,110,A,2024
https://www.justwatch.com/in/movie/spider-man,7.4,971k,"Action & Adventure, Science-Fiction, Superhero",United States,121,U,2002
https://www.justwatch.com/in/movie/spider-man-2,7.5,788k,"Action & Adventure, Science-Fiction, Superhero",United States,127,U,2004
https://www.justwatch.com/in/movie/spider-man-3,6.3,702k,"Action & Adventure, Science-Fiction, Made in Europe, Superhero",United States,139,UA,2007
https://www.justwatch.com/in/movie/spider-man-far-from-home,7.3,643k,"Action & Adventure, Comedy, Fantasy, Science-Fiction, Superhero",United States,130,UA,2019
https://www.justwatch.com/in/movie/spider-man-homecoming,7.4,734k,"Action & Adventure, Science-Fiction, Superhero",United States,133,UA,2017
https://www.justwatch.com/in/movie/spider-man-into-the-spider-verse,8.4,795k,"Action & Adventure, Animation, Fantasy, Kids & Family, Science-Fiction, Superhero, Western Animation",United States,117,U,2018
https://www.justwatch.com/in/movie/spider-man-no-way-home,,,"Action & Adventure, Fantasy, Science-Fiction, Superhero",United States,148,UA,2021
https://www.justwatch.com/in/movie/splitsville,6.4,16k,"Comedy, Raunchy Comedy",United States,105,UA16+,2025
https://www.justwatch.com/in/movie/star-2024,6.6,2k,"Drama, Romance, Bollywood",India,157,U,2024
https://www.justwatch.com/in/movie/strange-days,7.2,85k,"Crime, Drama, Mystery & Thriller, Science-Fiction, Cyberpunk, Action Thriller",United States,145,U,1995
https://www.justwatch.com/in/movie/stree-2,6.9,46k,"Comedy, Horror, Horror Comedy",India,147,UA13+,2024
https://www.justwatch.com/in/movie/su-from-so,7.6,7k,"Comedy, Horror, Horror Comedy",India,135,UA13+,2025
https://www.justwatch.com/in/movie/subedaar-2026,6.1,11k,"Action & Adventure, Drama, Action Thriller",India,145,A,2026
https://www.justwatch.com/in/movie/succubus,3.6,1k,"Horror, Mystery & Thriller, Horror Thriller",Russia,96,A,2024
https://www.justwatch.com/in/movie/sukhamano-sukhamann,,,"Comedy, Drama, Fantasy",India,107,U,2026
https://www.justwatch.com/in/movie/super-mario-bros-the-movie,7.0,248k,"Action & Adventure, Animation, Comedy, Fantasy, Kids & Family, Family Animation","Japan, United States",92,U,2023
https://www.justwatch.com/in/movie/superman-2025,7.0,421k,"Action & Adventure, Science-Fiction, Superhero",United States,130,UA13+,2025
https://www.justwatch.com/in/movie/sureshinteyum-sumalathayudeyum-hridayahariyaya-pranayakatha,,,"Comedy, Drama, Fantasy, Romance, Bollywood",India,138,U,2024
https://www.justwatch.com/in/movie/surfs-up,6.7,102k,"Animation, Comedy, Kids & Family, Sport, Family Animation",United States,85,U,2007
https://www.justwatch.com/in/movie/suzume-no-tojimari,7.6,63k,"Action & Adventure, Animation, Drama, Fantasy, Classic Japanese Anime",Japan,122,UA7+,2022
https://www.justwatch.com/in/movie/sword-art-online-the-movie-ordinal-scale,7.3,10k,"Action & Adventure, Animation, Fantasy, Science-Fiction, Classic Japanese Anime",Japan,,,2017
https://www.justwatch.com/in/movie/system,,,Mystery & Thriller,"India, United States",124,UA13+,2026
https://www.justwatch.com/in/movie/talk-to-me-2022,7.1,218k,"Horror, Mystery & Thriller, Horror Thriller","Australia, United Kingdom",95,UA,2023
https://www.justwatch.com/in/movie/tamasha,7.4,36k,"Comedy, Drama, Romance, Bollywood",India,139,UA,2015
https://www.justwatch.com/in/movie/te3n,7.2,13k,"Crime, Drama, Mystery Thriller","India, South Korea",136,UA,2016
https://www.justwatch.com/in/movie/tenet,7.3,607k,"Action & Adventure, Mystery & Thriller, Science-Fiction, Sci-Fi Drama, Cerebral, Action Thriller","United Kingdom, United States",150,UA,2020
https://www.justwatch.com/in/movie/terminator-2-judgment-day,,,"Action & Adventure, Mystery & Thriller, Science-Fiction, Tech Noir","France, United States",137,A,1991
https://www.justwatch.com/in/movie/terminator-salvation,6.5,393k,"Action & Adventure, Mystery & Thriller, Science-Fiction, Tech Noir",United States,115,UA,2009
https://www.justwatch.com/in/movie/thalavan,7.2,7k,"Crime, Drama, Mystery & Thriller, Bollywood",India,133,UA,2024
https://www.justwatch.com/in/movie/the-5th-wave,5.2,126k,"Action & Adventure, Mystery & Thriller, Science-Fiction, Young Adult Dystopia",United States,112,UA,2016
https://www.justwatch.com/in/movie/the-adventures-of-priscilla-queen-of-the-desert,7.5,61k,"Comedy, Drama, Music & Musical, Dramedy","Australia, United States",103,U,1994
https://www.justwatch.com/in/movie/the-adventures-of-tintin,7.3,255k,"Animation, Kids & Family, Mystery & Thriller, Action Adventure, Family Animation","New Zealand, United States",107,U,2011
https://www.justwatch.com/in/movie/the-age-of-adaline,7.2,229k,"Drama, Fantasy, Romance, Modern Fantasy, Romantic Drama",United States,112,UA13+,2015
https://www.justwatch.com/in/movie/the-amazing-spider-man,6.9,768k,"Action & Adventure, Science-Fiction, Superhero",United States,137,UA,2012
https://www.justwatch.com/in/movie/the-amazing-spider-man-2,6.6,593k,"Action & Adventure, Comedy, History, Science-Fiction, War & Military, Superhero",United States,142,UA,2014
https://www.justwatch.com/in/movie/the-angry-birds-movie,6.3,118k,"Action & Adventure, Animation, Comedy, Kids & Family, Made in Europe, Video Game, Family Animation","Finland, United States",97,UA,2016
https://www.justwatch.com/in/movie/the-angry-birds-movie-2,6.4,42k,"Action & Adventure, Animation, Comedy, Kids & Family, Made in Europe, Video Game, Family Animation","Finland, United States",97,U,2019
https://www.justwatch.com/in/movie/the-avengers,,,"Action & Adventure, Science-Fiction, Superhero",United States,143,UA,2012
https://www.justwatch.com/in/movie/the-bad-guys-reign-of-chaos,6.2,3k,"Action & Adventure, Crime, Mystery & Thriller, Action Thriller",South Korea,114,UA,2019
https://www.justwatch.com/in/movie/the-batman,7.8,933k,"Action & Adventure, Crime, Drama, Mystery & Thriller, Superhero",United States,177,UA,2022
https://www.justwatch.com/in/movie/the-big-lebowski,8.1,918k,"Comedy, Crime","United Kingdom, United States",117,UA,1998
https://www.justwatch.com/in/movie/the-blue-lagoon,5.8,83k,"Action & Adventure, Drama, Romance, Romantic Drama",United States,104,A,1980
https://www.justwatch.com/in/movie/the-boy-next-door,4.7,48k,"Mystery & Thriller, Romantic Thriller",United States,91,A,2015
https://www.justwatch.com/in/movie/the-brutalist,7.2,154k,"Drama, Psychological Drama","United Kingdom, United States",215,A,2024
https://www.justwatch.com/in/movie/the-conjuring,7.5,625k,"Horror, Mystery & Thriller, Paranormal",United States,112,A,2013
https://www.justwatch.com/in/movie/the-conjuring-2,7.3,344k,"Horror, Mystery & Thriller, Paranormal",United States,134,A,2016
https://www.justwatch.com/in/movie/the-conjuring-last-rites,6.2,103k,"Horror, Mystery & Thriller, Horror Thriller",United States,136,A,2025
https://www.justwatch.com/in/movie/the-da-vinci-code,6.7,487k,,United States,149,A,2006
https://www.justwatch.com/in/movie/the-dark-knight,,,"Action & Adventure, Crime, Mystery & Thriller, Superhero, Action Thriller","United Kingdom, United States",152,UA,2008
https://www.justwatch.com/in/movie/the-dark-knight-rises,,,"Action & Adventure, Crime, Drama, Mystery & Thriller, Superhero","United Kingdom, United States",165,UA,2012
https://www.justwatch.com/in/movie/the-day-of-the-jackal,7.8,53k,"Action & Adventure, Crime, Drama, Mystery & Thriller, Organized Crime","France, United Kingdom",143,A,1973
https://www.justwatch.com/in/movie/the-departed,,,"Crime, Drama, Mystery & Thriller, Organized Crime, Detective Crime","Hong Kong, United States",151,A,2006
https://www.justwatch.com/in/movie/the-descent,7.2,273k,"Action & Adventure, Horror, Mystery & Thriller, Monster",United Kingdom,100,A,2005
https://www.justwatch.com/in/movie/the-devil-wears-prada,7.0,557k,"Comedy, Drama, Chick Flicks, Dramedy",United States,109,UA,2006
https://www.justwatch.com/in/movie/the-devils-bride,,,"Horror, Mystery & Thriller, Horror Thriller",Indonesia,91,A,2025
https://www.justwatch.com/in/movie/the-dictator,6.5,369k,"Comedy, Raunchy Comedy",United States,83,A,2012
https://www.justwatch.com/in/movie/the-exorcism-of-emily-rose,6.7,149k,"Crime, Drama, Horror, Mystery & Thriller, Horror Thriller",United States,122,A,2005
https://www.justwatch.com/in/movie/the-fabelmans,7.5,135k,"Drama, Emotional Drama","India, United States",151,UA,2022
https://www.justwatch.com/in/movie/the-fast-and-the-furious,6.8,459k,"Action & Adventure, Crime, Mystery & Thriller, Heist","Germany, United States",106,A,2001
https://www.justwatch.com/in/movie/the-garden-of-words,7.4,60k,"Animation, Drama, Romance, Classic Japanese Anime",Japan,45,U,2013
https://www.justwatch.com/in/movie/the-godfather,,,"Crime, Drama, Organized Crime",United States,175,UA,1972
https://www.justwatch.com/in/movie/the-good-the-bad-and-the-ugly,8.8,892k,"Drama, Western, Made in Europe, Epic Western, Spaghetti Western","Germany, Spain, Italy, United States",161,A,1966
https://www.justwatch.com/in/movie/the-hangover,7.7,934k,"Comedy, Raunchy Comedy",United States,100,A,2009
https://www.justwatch.com/in/movie/the-housemaid-0,6.7,163k,"Drama, Mystery Thriller",United States,131,A,2025
https://www.justwatch.com/in/movie/the-hunger-games,,,"Action & Adventure, Mystery & Thriller, Science-Fiction, Young Adult Dystopia",United States,142,UA,2012
https://www.justwatch.com/in/movie/the-incredible-hulk,6.6,566k,"Action & Adventure, Science-Fiction, Superhero",United States,112,UA,2008
https://www.justwatch.com/in/movie/the-intern,7.1,311k,"Comedy, Drama, RomCom, Dramedy",United States,121,UA,2015
https://www.justwatch.com/in/movie/the-intruder,5.6,21k,"Horror, Mystery & Thriller, Made in Europe, Psychological Thriller",United States,102,A,2019
https://www.justwatch.com/in/movie/the-invisible-man,7.1,286k,"Drama, Horror, Mystery & Thriller, Science-Fiction, Horror Thriller, Psychological Thriller","Australia, United States",125,A,2020
https://www.justwatch.com/in/movie/the-karate-kid,6.3,227k,"Action & Adventure, Drama, Kids & Family, Sport, Martial Art","China, Hong Kong, United States",140,U,2010
https://www.justwatch.com/in/movie/the-legend-of-ochi,5.8,9k,"Fantasy, Kids & Family, Action Adventure","Finland, United States",,,2025
https://www.justwatch.com/in/movie/the-longest-yard,6.4,212k,"Comedy, Crime, Drama, Sport, Sport Comedy, Action Comedy",United States,113,UA,2005
https://www.justwatch.com/in/movie/the-lord-of-the-rings-the-fellowship-of-the-ring,,,"Action & Adventure, Drama, Fantasy, Epic Fantasy","New Zealand, United States",228,U,2001
https://www.justwatch.com/in/movie/the-lord-of-the-rings-the-return-of-the-king,,,"Action & Adventure, Drama, Fantasy, Epic Fantasy","New Zealand, United States",201,UA,2003
https://www.justwatch.com/in/movie/the-lunchbox,7.8,68k,"Drama, Romance, Bollywood","Germany, France, India, United States",104,U,2013
https://www.justwatch.com/in/movie/the-martian,,,"Action & Adventure, Drama, Science-Fiction, Sci-Fi Drama",United States,141,UA,2015
https://www.justwatch.com/in/movie/the-matrix,,,"Action & Adventure, Science-Fiction, Cerebral, Cyberpunk, Tech Noir",United States,136,A,1999
https://www.justwatch.com/in/movie/the-medium-2021,6.5,18k,"Drama, Horror, Mystery & Thriller, Horror Thriller","South Korea, Thailand",131,A,2021
https://www.justwatch.com/in/movie/the-monkey,5.9,94k,"Comedy, Horror, Horror Comedy","Canada, United States",97,A,2025
https://www.justwatch.com/in/movie/the-naked-gun-2025,6.3,130k,"Action & Adventure, Comedy, Crime, Action Comedy","Canada, United States",85,A,2025
https://www.justwatch.com/in/movie/the-other-guys,6.7,310k,"Action & Adventure, Comedy, Crime, Mystery & Thriller, Action Comedy",United States,107,A,2010
https://www.justwatch.com/in/movie/the-others,7.6,427k,"Horror, Mystery & Thriller, Made in Europe, Horror Thriller, Paranormal","Spain, France, United States",101,UA13+,2001
https://www.justwatch.com/in/movie/the-patriot,7.2,313k,"Action & Adventure, Drama, History, War & Military, War Drama, War Epics","Germany, United States",165,U,2000
https://www.justwatch.com/in/movie/the-place-promised-in-our-early-days,6.9,15k,"Action & Adventure, Animation, Drama, Romance, Science-Fiction, Classic Japanese Anime",Japan,90,U,2004
https://www.justwatch.com/in/movie/the-raja-saab,3.1,11k,"Action & Adventure, Comedy, Fantasy, Horror, RomCom, Horror Comedy",India,190,UA16+,2026
https://www.justwatch.com/in/movie/the-reader,7.6,274k,"Drama, Romance, Made in Europe","Germany, United States",124,UA,2008
https://www.justwatch.com/in/movie/the-running-man-2025,6.4,112k,"Action & Adventure, Mystery & Thriller, Science-Fiction, Action Thriller","United Kingdom, United States",133,A,2025
https://www.justwatch.com/in/movie/the-secret-agent-2025,7.2,57k,"Crime, Drama, Mystery & Thriller, Period Drama","Argentina, Brazil, Germany, France, Netherlands",161,A,2025
https://www.justwatch.com/in/movie/the-shallows,6.3,146k,"Action & Adventure, Drama, Horror, Mystery & Thriller, Horror Thriller","Australia, Spain, United States",86,A,2016
https://www.justwatch.com/in/movie/the-sheep-detectives,7.6,22k,"Action & Adventure, Comedy, Kids & Family, Mystery & Thriller, Action Comedy","United Kingdom, United States",109,UA7+,2026
https://www.justwatch.com/in/movie/the-smurfs-2,5.3,50k,"Animation, Comedy, Fantasy, Kids & Family, Family Animation","Belgium, Canada, United States",105,U,2013
https://www.justwatch.com/in/movie/the-voyage-of-doctor-dolittle,5.6,72k,"Action & Adventure, Comedy, Fantasy, Kids & Family, Epic Fantasy","China, United States",101,UA,2020
https://www.justwatch.com/in/movie/the-voyeurs-2021,6.1,50k,"Drama, Romance, Mystery Thriller",United States,117,A,2021
https://www.justwatch.com/in/movie/the-wedding-ringer,6.6,85k,"Comedy, Romance, Raunchy Comedy",United States,101,A,2015
https://www.justwatch.com/in/movie/the-whale,7.6,300k,"Drama, Emotional Drama",United States,117,A,2022
https://www.justwatch.com/in/movie/the-wild-bull,,,Comedy,India,123,UA,2008
https://www.justwatch.com/in/movie/the-witch-part-1-the-subversion,7.2,22k,"Action & Adventure, Science-Fiction, Made in Europe, Mystery Thriller","Hong Kong, South Korea",126,UA,2018
https://www.justwatch.com/in/movie/the-wolf-of-wall-street,,,"Comedy, Crime, Drama, Biopics, Based On A True Story",United States,180,A,2013
https://www.justwatch.com/in/movie/the-woman-king,6.9,83k,"Action & Adventure, Drama, History, War & Military, Based On A True Story","Canada, United States",135,UA,2022
https://www.justwatch.com/in/movie/three-thousand-years-of-longing,6.7,72k,"Drama, Fantasy, Romance, Romantic Drama","Australia, China, United Kingdom",108,UA,2022
https://www.justwatch.com/in/movie/thudarum,7.5,14k,"Action & Adventure, Drama, Mystery & Thriller, Bollywood",India,163,UA16+,2025
https://www.justwatch.com/in/movie/titanic,,,"Drama, Romance, Romantic Epic",United States,194,UA,1997
https://www.justwatch.com/in/movie/toby,7.2,3k,"Action & Adventure, Crime, Drama, Mystery & Thriller, Bollywood",India,,,2023
https://www.justwatch.com/in/movie/together-2025,6.7,82k,"Horror, Romance, Science-Fiction, RomCom","Australia, United States",102,A,2025
https://www.justwatch.com/in/movie/toh-ti-ani-fuji,,,"Drama, Romance, Romantic Drama",India,134,UA16+,2026
https://www.justwatch.com/in/movie/tom-clancys-jack-ryan-ghost-war,5.7,26k,"Action & Adventure, Drama, Mystery & Thriller, Action Thriller",United States,,,2026
https://www.justwatch.com/in/movie/top-gun-maverick,8.2,731k,"Drama, Action Adventure",United States,131,UA,2022
https://www.justwatch.com/in/movie/total-dhamaal,4.3,9k,"Action & Adventure, Comedy, Action Comedy",India,127,U,2019
https://www.justwatch.com/in/movie/touch-0,7.4,7k,"Drama, Romance, Romantic Drama","United Kingdom, Iceland",121,UA16+,2024
https://www.justwatch.com/in/movie/toy-story,,,"Action & Adventure, Animation, Comedy, Fantasy, Kids & Family, Pixar, Family Animation",United States,81,U,1995
https://www.justwatch.com/in/movie/toy-story-4,7.7,287k,"Animation, Comedy, Fantasy, Kids & Family, Pixar, Family Animation",United States,100,U,2019
https://www.justwatch.com/in/movie/train-to-busan,7.6,309k,"Action & Adventure, Horror, Mystery & Thriller",South Korea,118,A,2016
https://www.justwatch.com/in/movie/transformers,7.1,720k,"Action & Adventure, Science-Fiction, Invasion",United States,144,UA,2007
https://www.justwatch.com/in/movie/triangle-of-sadness,7.2,217k,"Comedy, Drama, Dramedy","Switzerland, Germany, Denmark, France, United Kingdom, Greece, Mexico, Sweden, Turkey, United States",147,A,2022
https://www.justwatch.com/in/movie/trikala-script-of-god,,,Mystery & Thriller,India,127,A,2026
https://www.justwatch.com/in/movie/troy,7.3,618k,"Action & Adventure, History, War & Military, Made in Europe, Epic","United Kingdom, United States",163,UA,2004
https://www.justwatch.com/in/movie/tu-meri-main-tera-main-tera-tu-meri-2025,4.0,27k,"Comedy, Romance, RomCom",India,144,UA16+,2025
https://www.justwatch.com/in/movie/tuck-jagadish,5.6,4k,"Action & Adventure, Drama, Action Thriller",India,145,UA13+,2021
https://www.justwatch.com/in/movie/tumbbad,8.2,75k,"Drama, Fantasy, Horror, Mystery & Thriller, Made in Europe, Bollywood","India, Sweden",104,A,2018
https://www.justwatch.com/in/movie/turbo-2024,,,"Action & Adventure, Comedy, Drama, Action Comedy",India,150,UA,2024
https://www.justwatch.com/in/movie/twilight,5.4,528k,"Drama, Fantasy, Romance, Modern Fantasy","United Kingdom, United States",122,UA,2008
https://www.justwatch.com/in/movie/twilight-of-the-warriors-walled-in,6.9,12k,"Action & Adventure, Crime, Mystery & Thriller, Action Thriller","China, Hong Kong",125,A,2024
https://www.justwatch.com/in/movie/udal,6.3,1k,"Drama, Mystery Thriller",India,122,A,2022
https://www.justwatch.com/in/movie/ugly-story,,,"Drama, Mystery & Thriller, Romance",India,123,A,2026
https://www.justwatch.com/in/movie/uncharted,6.3,301k,"Mystery & Thriller, Video Game, Action Adventure",United States,116,UA,2022
https://www.justwatch.com/in/movie/untitled-murad-khetani-varun-dhawan-project,5.0,19k,"Action & Adventure, Crime, Drama, Mystery & Thriller, Action Thriller",India,162,UA16+,2024
https://www.justwatch.com/in/movie/untitled-shahid-kapoor-kriti-sanon-film,6.2,55k,"Comedy, Drama, Romance, Science-Fiction, RomCom",India,141,UA,2024
https://www.justwatch.com/in/movie/vaazha,7.3,7k,"Comedy, Drama, Bollywood",India,125,UA,2024
https://www.justwatch.com/in/movie/vadakkan,6.0,6k,"Fantasy, Horror, Mystery & Thriller, Horror Thriller","Finland, India",120,A,2025
https://www.justwatch.com/in/movie/valathu-vashathe-kallan-2026,6.1,2k,"Crime, Drama, Mystery & Thriller, Bollywood",India,135,UA13+,2026
https://www.justwatch.com/in/movie/vampires-of-vijay-nagar,5.8,49k,"Comedy, Horror, Mystery & Thriller",India,149,UA16+,2025
https://www.justwatch.com/in/movie/varshangalkku-shesham,6.6,5k,"Comedy, Drama, Romance, Bollywood, Dramedy",India,166,U,2024
https://www.justwatch.com/in/movie/varudu-kaavalenu,6.4,1k,"Drama, Romance, Bollywood",India,133,UA,2021
https://www.justwatch.com/in/movie/vasantha-mullai-2023,,,"Mystery & Thriller, Bollywood",India,108,UA,2023
https://www.justwatch.com/in/movie/ved,7.2,5k,"Drama, Romance, Romantic Drama",India,148,UA,2022
https://www.justwatch.com/in/movie/venom-2018,6.6,608k,"Action & Adventure, Science-Fiction, No Superhero, Superhero","China, United States",112,UA,2018
https://www.justwatch.com/in/movie/venom-let-there-be-carnage,5.9,305k,"Action & Adventure, Crime, Fantasy, Horror, Mystery & Thriller, Science-Fiction, No Superhero, Superhero",United States,97,UA,2021
https://www.justwatch.com/in/movie/vesper,7.0,555k,"Drama, Romance, Action Adventure",United States,110,U,1986
https://www.justwatch.com/in/movie/vikram-2021,8.3,89k,"Action & Adventure, Crime, Drama, Mystery & Thriller, Action Thriller",India,174,UA,2022
https://www.justwatch.com/in/movie/vivah,6.7,12k,"Drama, Kids & Family, Mystery & Thriller, Romance, Bollywood",India,166,U,2006
https://www.justwatch.com/in/movie/vivarium,5.9,92k,"Horror, Science-Fiction, Mystery Thriller","Belgium, Denmark, Ireland, United States",99,U,2019
https://www.justwatch.com/in/movie/war-room,6.5,17k,"Drama, Emotional Drama",United States,120,UA,2015
https://www.justwatch.com/in/movie/wardriver,5.5,1k,"Crime, Mystery & Thriller",United States,93,UA16+,2026
https://www.justwatch.com/in/movie/weapons-2025,7.4,372k,"Horror, Mystery & Thriller, Horror Thriller",United States,129,A,2025
https://www.justwatch.com/in/movie/weathering-with-you,7.5,70k,"Animation, Drama, Fantasy, Romance, Western Animation",Japan,111,UA13+,2019
https://www.justwatch.com/in/movie/welcome,7.2,29k,"Comedy, Crime, Drama, Romance, RomCom",India,150,UA,2007
https://www.justwatch.com/in/movie/where-the-crawdads-sing,7.2,159k,"Drama, Romance, Mystery Thriller",United States,126,UA,2022
https://www.justwatch.com/in/movie/whiplash,,,"Drama, Music & Musical, Mystery & Thriller",United States,107,A,2014
https://www.justwatch.com/in/movie/whistle-2026,5.2,15k,"Horror, Mystery & Thriller, Horror Thriller","Ireland, United States",100,A,2026
https://www.justwatch.com/in/movie/wonder-women-2022,,,"Drama, Emotional Drama",India,80,UA,2022
https://www.justwatch.com/in/movie/world-war-z,7.0,786k,"Action & Adventure, Horror, Science-Fiction, Zombie",United States,116,UA,2013
https://www.justwatch.com/in/movie/www,,,"Drama, Mystery & Thriller, Science-Fiction, Sci-Fi Drama, Bollywood",India,103,UA,2021
https://www.justwatch.com/in/movie/xxx,5.9,194k,"Action & Adventure, Crime, Drama, Mystery & Thriller, Action Thriller",United States,124,UA,2002
https://www.justwatch.com/in/movie/yesterday,6.8,185k,"Comedy, Fantasy, Music & Musical, Romance, Chick Flicks","United Kingdom, United States",116,UA,2019
https://www.justwatch.com/in/movie/yodha-2022,5.7,8k,"Action & Adventure, Drama, Mystery & Thriller, Bollywood, Action Thriller",India,131,UA,2024
https://www.justwatch.com/in/movie/your-fault,5.3,19k,"Drama, Romance, Romantic Drama",Spain,,,2024
https://www.justwatch.com/in/movie/your-fault-london,6.1,2k,"Drama, Romance, Romantic Drama","Spain, United Kingdom, United States",,,2026
https://www.justwatch.com/in/movie/your-name,8.4,396k,"Animation, Drama, Fantasy, Romance, Classic Japanese Anime, Western Animation",Japan,106,UA13+,2016
https://www.justwatch.com/in/movie/zack-snyders-justice-league,7.9,474k,"Action & Adventure, Documentary, Fantasy, Science-Fiction, Superhero",United States,242,UA,2021
https://www.justwatch.com/in/movie/zebra,7.1,3k,"Action & Adventure, Crime, Mystery & Thriller, Bollywood, Action Thriller",India,164,UA13+,2024
https://www.justwatch.com/in/movie/zombieland,7.5,669k,"Action & Adventure, Comedy, Horror, Horror Comedy, Zombie",United States,88,A,2009
https://www.justwatch.com/in/movie/zombieland-double-tap,6.6,226k,"Action & Adventure, Comedy, Horror",United States,99,A,2019
https://www.justwatch.com/in/movie/zootopia-2,7.3,141k,"Action & Adventure, Animation, Comedy, Crime, Kids & Family, Family Animation",United States,108,UA7+,2025
https://www.justwatch.com/in/movie/zwigato,6.6,11k,"Drama, Emotional Drama, Bollywood",India,106,U,2023
https://www.justwatch.com/in/tv-show/1883,8.6,167k,"Drama, Western, Epic Western",United States,,,2021
https://www.justwatch.com/in/tv-show/1923,8.3,103k,"Drama, Western, Epic Western",United States,,,2022
https://www.justwatch.com/in/tv-show/2-broke-girls,6.7,115k,"Comedy, Female Comedy, Sitcoms",United States,21,U,2011
https://www.justwatch.com/in/tv-show/24-india,8.0,3k,"Action & Adventure, Crime, Drama, Mystery & Thriller, Bollywood",India,44,UA,2013
https://www.justwatch.com/in/tv-show/36-days,5.6,5k,"Drama, Mystery Thriller",India,37,A,2024
https://www.justwatch.com/in/tv-show/56-days,6.7,11k,"Crime, Drama, Romance, Mystery Thriller",United States,49,A,2026
https://www.justwatch.com/in/tv-show/7th-time-loop-the-villainess-enjoys-a-carefree-life-married-to-her-worst-enemy,7.4,3k,"Animation, Drama, Fantasy, Romance, Science-Fiction, Classic Japanese Anime",Japan,23,UA16+,2024
https://www.justwatch.com/in/tv-show/9-1-1,7.9,64k,"Action & Adventure, Crime, Drama, Mystery & Thriller, Emotional Drama",United States,43,UA16+,2018
https://www.justwatch.com/in/tv-show/a-couple-of-cuckoos,6.8,3k,"Animation, Comedy, Romance, Classic Japanese Anime",Japan,,,2022
https://www.justwatch.com/in/tv-show/a-knight-of-the-seven-kingdoms-the-hedge-knight,8.6,256k,"Action & Adventure, Drama, Fantasy, Science-Fiction, Epic Fantasy",United States,,,2026
https://www.justwatch.com/in/tv-show/a-playthrough-of-a-certain-dudes-vrmmo-life,,,"Action & Adventure, Animation, Comedy, Fantasy, Science-Fiction, Classic Japanese Anime",Japan,,,2023
https://www.justwatch.com/in/tv-show/a-shop-for-killers,8.0,10k,"Action & Adventure, Drama, Action Thriller, Mystery Thriller",South Korea,,,2024
https://www.justwatch.com/in/tv-show/a-sign-of-affection,7.8,4k,"Animation, Comedy, Drama, Romance, Classic Japanese Anime",Japan,,,2024
https://www.justwatch.com/in/tv-show/a-very-british-scandal,7.0,8k,"Drama, History, Period Drama",United Kingdom,59,A,2021
https://www.justwatch.com/in/tv-show/a-very-royal-scandal,7.2,3k,"Drama, Emotional Drama",United Kingdom,,,2024
https://www.justwatch.com/in/tv-show/aahat,7.2,1k,"Drama, Fantasy, Horror, Mystery & Thriller, Romance, Paranormal",India,34,UA13+,1995
https://www.justwatch.com/in/tv-show/aarya,7.7,16k,"Action & Adventure, Crime, Drama, Mystery & Thriller, Bollywood",India,45,UA16+,2020
https://www.justwatch.com/in/tv-show/aashiqana,5.6,1k,"Crime, Mystery & Thriller, Romance, Romantic Thriller",India,22,UA16+,2022
https://www.justwatch.com/in/tv-show/absolute-value-of-romance,,,"Comedy, Drama, Romance",South Korea,31,UA16+,2026
https://www.justwatch.com/in/tv-show/accused-2023,7.0,7k,"Crime, Drama, Mystery & Thriller, Courtroom",United States,,,2023
https://www.justwatch.com/in/tv-show/adaalat,8.1,1k,"Comedy, Crime, Drama, Mystery & Thriller",India,44,U,2010
https://www.justwatch.com/in/tv-show/adams-sweet-agony,,,"Animation, Classic Japanese Anime",Japan,,,2024
https://www.justwatch.com/in/tv-show/agents-of-the-four-seasons-dance-of-spring,,,"Animation, Drama, Fantasy, Romance, Science-Fiction",Japan,,,2026
https://www.justwatch.com/in/tv-show/aharen-san-wa-hakarenai,7.0,1k,"Animation, Comedy, Romance, Classic Japanese Anime",Japan,24,UA7+,2022
https://www.justwatch.com/in/tv-show/akudama-drive,7.2,3k,"Action & Adventure, Animation, Crime, Science-Fiction, Classic Japanese Anime",Japan,,,2020
https://www.justwatch.com/in/tv-show/aladdin-naam-toh-suna-hoga,6.5,1k,"Comedy, Drama, Fantasy, Romance, Science-Fiction, Fairytale Fantasy",India,23,UA7+,2018
https://www.justwatch.com/in/tv-show/alert-missing-persons-unit,6.0,4k,"Action & Adventure, Crime, Drama, Mystery & Thriller, Romance, Emotional Drama",United States,,,2023
https://www.justwatch.com/in/tv-show/alex-rider,7.5,19k,"Drama, Mystery & Thriller, Action Adventure",United Kingdom,44,UA16+,2020
https://www.justwatch.com/in/tv-show/alien,7.1,106k,"Drama, Horror, Mystery & Thriller, Science-Fiction, Sci-Fi Drama",United States,55,A,2025
https://www.justwatch.com/in/tv-show/all-her-fault,7.5,46k,"Crime, Drama, Mystery & Thriller, Emotional Drama","Australia, United Kingdom, United States",,,2025
https://www.justwatch.com/in/tv-show/always-a-catch,,,"Animation, Comedy, Science-Fiction, Classic Japanese Anime",Japan,,,2026
https://www.justwatch.com/in/tv-show/alya-sometimes-hides-her-feelings-in-russian,7.2,8k,"Animation, Comedy, Romance, Classic Japanese Anime",Japan,24,UA13+,2024
https://www.justwatch.com/in/tv-show/american-horror-story,7.9,362k,"Drama, Horror, Mystery & Thriller, Science-Fiction, Slasher, Horror Thriller",United States,44,A,2011
https://www.justwatch.com/in/tv-show/an-archdemons-dilemma-how-to-love-your-elf-bride,7.3,2k,"Action & Adventure, Animation, Comedy, Fantasy, Romance, Science-Fiction, Classic Japanese Anime",Japan,,,2024
https://www.justwatch.com/in/tv-show/andor,8.6,279k,"Drama, Fantasy, Mystery & Thriller, Science-Fiction, Action Adventure",United States,48,UA13+,2022
https://www.justwatch.com/in/tv-show/angel-beats,7.6,18k,"Action & Adventure, Animation, Comedy, Drama, Fantasy, Kids & Family, Science-Fiction, Classic Japanese Anime",Japan,26,U,2010
https://www.justwatch.com/in/tv-show/anohana-the-flower-we-saw-that-day,8.1,18k,"Animation, Drama, Fantasy, Romance, Classic Japanese Anime",Japan,,,2011
https://www.justwatch.com/in/tv-show/anupamaa,3.5,3k,"Drama, Emotional Drama, Bollywood",India,24,UA13+,2020
https://www.justwatch.com/in/tv-show/arabia-kadali,,,"Drama, Bollywood",India,12,UA16+,2025
https://www.justwatch.com/in/tv-show/arifureta-from-commonplace-to-worlds-strongest,7.0,6k,"Action & Adventure, Animation, Fantasy, Romance, Science-Fiction, Classic Japanese Anime",Japan,,,2019
https://www.justwatch.com/in/tv-show/arrow,7.5,461k,"Action & Adventure, Crime, Drama, Science-Fiction, Superhero",United States,42,U,2012
https://www.justwatch.com/in/tv-show/ash-vs-evil-dead,8.4,81k,"Action & Adventure, Comedy, Horror, Mystery & Thriller, Science-Fiction, Slasher, Horror Comedy",United States,30,A,2015
https://www.justwatch.com/in/tv-show/aspirants,9.1,319k,"Drama, Bollywood",India,45,UA13+,2021
https://www.justwatch.com/in/tv-show/assassination-classroom,8.0,21k,"Action & Adventure, Animation, Comedy, Fantasy, Kids & Family, Science-Fiction, Classic Japanese Anime",Japan,23,A,2015
https://www.justwatch.com/in/tv-show/asur,8.5,71k,"Crime, Drama, Mystery & Thriller",India,47,A,2020
https://www.justwatch.com/in/tv-show/attack-on-titan,9.1,546k,"Action & Adventure, Animation, Drama, Fantasy, Horror, Science-Fiction, Classic Japanese Anime",Japan,25,UA13+,2013
https://www.justwatch.com/in/tv-show/avatar-the-last-airbender-2005,9.3,445k,"Action & Adventure, Animation, Fantasy, Kids & Family, Science-Fiction, Western Animation",United States,24,U,2005
https://www.justwatch.com/in/tv-show/bade-achhe-lagte-hain,,,"Drama, Romance, Romantic Drama",India,22,U,2011
https://www.justwatch.com/in/tv-show/bahu-begum,,,"Drama, Kids & Family, Romance, Bollywood, Like, Dislike, Lists, Seen all, Sign in, to sync Watchlist",India,20,UA13+,2019
https://www.justwatch.com/in/tv-show/bambai-meri-jaan,7.5,5k,"Action & Adventure, Crime, Drama, Bollywood",India,46,A,2023
https://www.justwatch.com/in/tv-show/band-of-brothers,9.4,597k,"Action & Adventure, Drama, History, War & Military, War Drama",United States,59,U,2001
https://www.justwatch.com/in/tv-show/bandish-bandits,8.6,20k,"Drama, Kids & Family, Music & Musical, Romance, Romantic Drama",India,46,UA16+,2020
https://www.justwatch.com/in/tv-show/banshee,8.4,148k,"Action & Adventure, Crime, Drama, Mystery & Thriller, Dark Crime",United States,51,A,2013
https://www.justwatch.com/in/tv-show/barrister-babu,7.1,1k,"Drama, History, Kids & Family, Romance, Bollywood",India,21,UA13+,2020
https://www.justwatch.com/in/tv-show/barry,8.3,143k,"Action & Adventure, Comedy, Crime, Drama, Dark Crime, Action Comedy, Sitcoms",United States,32,UA13+,2018
https://www.justwatch.com/in/tv-show/batman-the-animated-series,9.0,137k,"Action & Adventure, Animation, Crime, Kids & Family, Science-Fiction, Superhero",United States,22,UA7+,1992
https://www.justwatch.com/in/tv-show/bekaaboo,6.0,5k,"Drama, Mystery & Thriller, Bollywood",India,27,A,2019
https://www.justwatch.com/in/tv-show/below-deck,7.5,6k,Reality TV,United States,43,UA16+,2013
https://www.justwatch.com/in/tv-show/below-deck-mediterranean,7.6,4k,Reality TV,United States,45,A,2016
https://www.justwatch.com/in/tv-show/ben-fogle-new-lives-in-the-wild,,,"Documentary, 28, 55, Lists, Seen all, Sign in, to sync Watchlist",United Kingdom,,,2013
https://www.justwatch.com/in/tv-show/bepannaah,7.5,1k,"Drama, Romance, Romantic Drama, Mystery Thriller, 23, 8, Lists, Seen all, Sign in, to sync Watchlist",India,23,UA13+,2018
https://www.justwatch.com/in/tv-show/berserk-of-gluttony,6.8,2k,"Action & Adventure, Animation, Fantasy, Science-Fiction, Classic Japanese Anime",Japan,,,2023
https://www.justwatch.com/in/tv-show/beyhadh,7.2,1k,"Drama, Mystery & Thriller, Romance, Romantic Thriller",India,21,UA,2016
https://www.justwatch.com/in/tv-show/big-little-lies,8.4,245k,"Crime, Drama, Dark Crime, Mystery Thriller",United States,50,UA16+,2017
https://www.justwatch.com/in/tv-show/big-mouth-2022,7.8,9k,"Action & Adventure, Crime, Drama, Mystery Thriller",South Korea,71,UA16+,2022
https://www.justwatch.com/in/tv-show/bigg-boss,3.6,4k,"Kids & Family, Reality TV",India,73,UA16+,2006
https://www.justwatch.com/in/tv-show/billions,8.3,118k,"Drama, Courtroom",United States,57,U,2016
https://www.justwatch.com/in/tv-show/black-butler,8.1,2k,"Action & Adventure, Animation, Comedy, Crime, Drama, Fantasy, Horror, Mystery & Thriller, Science-Fiction, Classic Japanese Anime",Japan,24,A,2008
https://www.justwatch.com/in/tv-show/black-clover,8.2,49k,"Action & Adventure, Animation, Comedy, Drama, Fantasy, Kids & Family, Mystery & Thriller, Science-Fiction, Classic Japanese Anime",Japan,23,UA13+,2017
https://www.justwatch.com/in/tv-show/black-torch,,,"Action & Adventure, Animation, Mystery & Thriller, Science-Fiction",Japan,,,2026
https://www.justwatch.com/in/tv-show/black-white-and-gray-love-kills,8.0,1k,"Crime, Drama, Mystery & Thriller, Dark Crime",India,43,A,2025
https://www.justwatch.com/in/tv-show/bleach,8.2,92k,"Action & Adventure, Animation, Fantasy, Science-Fiction, Classic Japanese Anime",Japan,24,UA16+,2004
https://www.justwatch.com/in/tv-show/bleach-thousand-year-blood-war,9.0,77k,"Action & Adventure, Animation, Fantasy, Mystery & Thriller, War & Military, Classic Japanese Anime",Japan,25,UA16+,2022
https://www.justwatch.com/in/tv-show/bloody-flower,,,"Crime, Drama, Mystery Thriller",South Korea,,,2026
https://www.justwatch.com/in/tv-show/bloom,6.7,2k,"Drama, Science-Fiction, Sci-Fi Drama",Australia,,,2019
https://www.justwatch.com/in/tv-show/blue-bloods,7.7,54k,"Crime, Drama, Mystery & Thriller, Detective Crime",United States,42,U,2010
https://www.justwatch.com/in/tv-show/blue-exorcist,7.4,17k,"Action & Adventure, Animation, Drama, Fantasy, Horror, Mystery & Thriller, Science-Fiction, Classic Japanese Anime",Japan,,,2011
https://www.justwatch.com/in/tv-show/blue-lights,8.2,22k,"Crime, Drama, Mystery & Thriller, Detective Crime",United Kingdom,,,2023
https://www.justwatch.com/in/tv-show/blue-spring-ride,7.5,6k,"Animation, Comedy, Drama, Romance, Classic Japanese Anime",Japan,,,2014
https://www.justwatch.com/in/tv-show/bluelock,8.1,32k,"Action & Adventure, Animation, Drama, Mystery & Thriller, Sport, Classic Japanese Anime",Japan,24,UA16+,2022
https://www.justwatch.com/in/tv-show/boruto-naruto-next-generations,6.3,35k,"Action & Adventure, Animation, Comedy, Drama, Fantasy, Classic Japanese Anime",Japan,,,2017
https://www.justwatch.com/in/tv-show/boston-blue,6.3,4k,"Crime, Drama, Detective Crime",United States,,,2025
https://www.justwatch.com/in/tv-show/boston-legal,8.5,53k,"Comedy, Crime, Drama, Courtroom",United States,44,UA13+,2004
https://www.justwatch.com/in/tv-show/boys-over-flowers,7.7,17k,"Comedy, Drama, Romance",South Korea,64,UA13+,2009
https://www.justwatch.com/in/tv-show/breathe,8.2,23k,"Crime, Drama, Mystery & Thriller, Bollywood",India,38,UA16+,2018
https://www.justwatch.com/in/tv-show/brinda,,,"Crime, Mystery & Thriller",India,42,A,2024
https://www.justwatch.com/in/tv-show/broken-but-beautiful,8.5,17k,"Drama, Romance, Romantic Drama",India,25,A,2018
https://www.justwatch.com/in/tv-show/brooklyn-nine-nine,8.4,418k,"Comedy, Crime, Sitcoms",United States,22,UA13+,2013
https://www.justwatch.com/in/tv-show/brothers-and-sisters-2026,,,"Comedy, Drama, Kids & Family",India,,,2026
https://www.justwatch.com/in/tv-show/buddy-daddies,8.0,3k,"Action & Adventure, Animation, Comedy, Crime, Classic Japanese Anime",Japan,24,UA13+,2023
https://www.justwatch.com/in/tv-show/c-i-d,7.1,5k,"Action & Adventure, Crime, Drama, Mystery & Thriller, Action Thriller",India,23,UA13+,1998
https://www.justwatch.com/in/tv-show/can-a-boy-girl-friendship-survive,6.3,1k,"Animation, Comedy, Romance, Classic Japanese Anime",Japan,23,UA16+,2025
https://www.justwatch.com/in/tv-show/chainsaw-man,8.3,105k,"Action & Adventure, Animation, Comedy, Fantasy, Science-Fiction, Classic Japanese Anime",Japan,24,A,2022
https://www.justwatch.com/in/tv-show/charlotte,7.5,11k,"Animation, Comedy, Drama, Fantasy, Science-Fiction, Classic Japanese Anime",Japan,,,2015
https://www.justwatch.com/in/tv-show/chernobyl,,,"Drama, History, Mystery & Thriller, Based On A True Story",United States,65,UA16+,2019
https://www.justwatch.com/in/tv-show/cherry-magic-thirty-years-of-virginity-can-make-you-a-wizard,8.2,2k,"Animation, Comedy, Drama, Fantasy, Romance",Japan,24,UA13+,2020
https://www.justwatch.com/in/tv-show/chiraiya,5.9,1k,"Drama, Emotional Drama",India,30,A,2026
https://www.justwatch.com/in/tv-show/cid-squad,,,"Action & Adventure, Animation, Crime, Mystery & Thriller",India,,,2025
https://www.justwatch.com/in/tv-show/citadel,6.2,41k,"Action & Adventure, Crime, Drama, Mystery & Thriller, Emotional Drama",United States,43,UA16+,2023
https://www.justwatch.com/in/tv-show/citadel-honey-bunny,6.2,9k,"Action & Adventure, Drama, Mystery & Thriller, Science-Fiction, Spies, Bollywood",India,50,UA16+,2024
https://www.justwatch.com/in/tv-show/classroom-of-the-elite,7.7,25k,"Animation, Drama, Mystery & Thriller, Classic Japanese Anime",Japan,23,UA16+,2017
https://www.justwatch.com/in/tv-show/clevatess,7.7,3k,"Action & Adventure, Animation, Drama, Fantasy, Science-Fiction",Japan,,,2025
https://www.justwatch.com/in/tv-show/code-geass-lelouch-of-the-rebellion,8.7,83k,"Action & Adventure, Animation, Drama, Fantasy, Mystery & Thriller, Science-Fiction, Classic Japanese Anime",Japan,24,UA16+,2006
https://www.justwatch.com/in/tv-show/college-romance,8.3,29k,"Comedy, Drama, Romance, RomCom, Dramedy",India,31,A,2018
https://www.justwatch.com/in/tv-show/community,8.5,311k,"Comedy, Sitcoms",United States,23,U,2009
https://www.justwatch.com/in/tv-show/cooku-with-comali,9.1,1k,"Comedy, Reality TV, Reality Competition",India,63,UA16+,2019
https://www.justwatch.com/in/tv-show/counterpart,8.0,34k,"Drama, Mystery & Thriller, Science-Fiction, Sci-Fi Drama",United States,,,2017
https://www.justwatch.com/in/tv-show/court-kacheri,,,"Comedy, Drama, Dramedy",India,34,UA13+,2025
https://www.justwatch.com/in/tv-show/cousins-and-kalyanams,,,"Comedy, Drama, Kids & Family, Romance, Dramedy",India,23,UA13+,2026
https://www.justwatch.com/in/tv-show/crayon-shin-chan,,,"Action & Adventure, Animation, Comedy, Classic Japanese Anime",Japan,19,U,1992
https://www.justwatch.com/in/tv-show/criminal-justice-adhura-sach,7.6,8k,"Crime, Drama, Mystery Thriller",India,47,UA16+,2022
https://www.justwatch.com/in/tv-show/critical-role-the-legend-of-vox-machina,8.4,55k,"Action & Adventure, Animation, Comedy, Fantasy, Science-Fiction, Western Animation",United States,26,A,2022
https://www.justwatch.com/in/tv-show/cruel-intentions,5.6,5k,"Drama, Emotional Drama",United States,,,2024
https://www.justwatch.com/in/tv-show/cruel-summer,7.4,22k,"Drama, Mystery Thriller",United States,,,2021
https://www.justwatch.com/in/tv-show/crushology-101,,,"Comedy, Drama, Romance, RomCom",South Korea,,,2025
https://www.justwatch.com/in/tv-show/cubicles,8.2,9k,"Comedy, Drama, Dramedy",India,30,UA16+,2019
https://www.justwatch.com/in/tv-show/curb-your-enthusiasm,8.8,167k,"Comedy, Raunchy Comedy",United States,33,U,2000
https://www.justwatch.com/in/tv-show/daemons-of-the-shadow-realm,8.0,1k,"Action & Adventure, Animation, Drama, Fantasy, Science-Fiction, Classic Japanese Anime",Japan,23,A,2026
https://www.justwatch.com/in/tv-show/dan-da-dan,8.3,55k,"Action & Adventure, Animation, Comedy, Fantasy, Mystery & Thriller, Romance, Science-Fiction, Classic Japanese Anime",Japan,24,UA16+,2024
https://www.justwatch.com/in/tv-show/dark-city-the-cleaner,6.9,1k,"Crime, Drama, Mystery & Thriller, Dark Crime",New Zealand,,,2024
https://www.justwatch.com/in/tv-show/dark-winds,7.7,33k,"Crime, Drama, Mystery & Thriller, Detective Crime, Psychological Thriller",United States,46,A,2022
https://www.justwatch.com/in/tv-show/darling-in-the-franxx,7.3,20k,"Action & Adventure, Animation, Comedy, Drama, Romance, Science-Fiction, Classic Japanese Anime",Japan,24,UA,2018
https://www.justwatch.com/in/tv-show/date-a-live,6.9,5k,"Action & Adventure, Animation, Comedy, Drama, Fantasy, Mystery & Thriller, Romance, Science-Fiction, Classic Japanese Anime",Japan,24,UA16+,2013
https://www.justwatch.com/in/tv-show/dead-account,,,"Action & Adventure, Animation, Comedy, Drama, Fantasy, Science-Fiction, Classic Japanese Anime",Japan,,,2026
https://www.justwatch.com/in/tv-show/death-in-paradise,7.8,33k,"Comedy, Crime, Drama, Mystery & Thriller, Detective Crime","France, United Kingdom",,,2011
https://www.justwatch.com/in/tv-show/death-note,8.9,486k,"Animation, Crime, Drama, Fantasy, Mystery & Thriller, Science-Fiction, Classic Japanese Anime",Japan,24,UA16+,2006
https://www.justwatch.com/in/tv-show/deaths-game,8.4,24k,"Drama, Fantasy, Science-Fiction",South Korea,,,2023
https://www.justwatch.com/in/tv-show/deep-revenge,,,"Drama, Mystery & Thriller",Japan,,,2026
https://www.justwatch.com/in/tv-show/deli-boys,7.2,4k,"Comedy, Crime, Drama, Dramedy",United States,,,2025
https://www.justwatch.com/in/tv-show/demon-lord-retry,6.6,1k,"Action & Adventure, Animation, Comedy, Fantasy, Science-Fiction, Classic Japanese Anime",Japan,,,2019
https://www.justwatch.com/in/tv-show/demon-slayer-kimetsu-no-yaiba,8.6,229k,"Action & Adventure, Animation, Fantasy, Mystery & Thriller, Science-Fiction, Classic Japanese Anime",Japan,26,A,2019
https://www.justwatch.com/in/tv-show/descendants-of-the-sun,8.2,29k,"Action & Adventure, Comedy, Drama, Romance",South Korea,58,UA16+,2016
https://www.justwatch.com/in/tv-show/devon-ke-dev-mhaadev,9.2,5k,"Action & Adventure, Drama, Fantasy, Romance, Bollywood",India,22,U,2011
https://www.justwatch.com/in/tv-show/dexter,8.6,940k,"Crime, Drama, Mystery & Thriller, Dark Crime, Detective Crime",United States,53,A,2006
https://www.justwatch.com/in/tv-show/dexter-original-sin,8.2,68k,"Crime, Drama, Mystery & Thriller, Dark Crime",United States,,,2024
https://www.justwatch.com/in/tv-show/dexter-resurrection,9.0,147k,"Crime, Drama, Mystery & Thriller, Dark Crime",United States,52,A,2025
https://www.justwatch.com/in/tv-show/dhootha,7.7,6k,"Crime, Drama, Horror, Mystery & Thriller, Bollywood",India,43,A,2023
https://www.justwatch.com/in/tv-show/dil-ko-tumse-pyaar-hua,,,"Drama, Kids & Family, Romance, Romantic Drama",United States,,,2024
https://www.justwatch.com/in/tv-show/do-you-like-big-girls,,,"Animation, Classic Japanese Anime",Japan,,,2026
https://www.justwatch.com/in/tv-show/doc,7.3,7k,"Drama, Emotional Drama",United States,,,2025
https://www.justwatch.com/in/tv-show/dont-toy-with-me-miss-nagatoro,7.1,6k,"Animation, Comedy, Drama, Romance, Classic Japanese Anime",Japan,,,2021
https://www.justwatch.com/in/tv-show/doree,,,"Action & Adventure, Crime, Drama, Kids & Family, Mystery & Thriller, Romance, Bollywood, Like, Dislike, Lists, Seen all, Sign in, to sync Watchlist",India,,,2023
https://www.justwatch.com/in/tv-show/dr-aarambhi,,,Drama,India,21,UA13+,2026
https://www.justwatch.com/in/tv-show/dr-arora,7.1,2k,"Comedy, Drama, Bollywood, Dramedy",India,37,A,2022
https://www.justwatch.com/in/tv-show/dr-stone,8.1,43k,"Action & Adventure, Animation, Science-Fiction, Classic Japanese Anime",Japan,24,UA13+,2019
https://www.justwatch.com/in/tv-show/dragon-ball-super,8.3,46k,"Action & Adventure, Animation, Comedy, Fantasy, Kids & Family, Science-Fiction, Classic Japanese Anime",Japan,23,U,2015
https://www.justwatch.com/in/tv-show/dtf-st-louis,7.3,19k,"Comedy, Drama, Mystery & Thriller, Dark Crime",United States,,,2026
https://www.justwatch.com/in/tv-show/dune-the-sisterhood,7.3,68k,"Drama, Science-Fiction, Action Adventure",United States,,,2024
https://www.justwatch.com/in/tv-show/dupahiya,7.4,6k,"Comedy, Drama, Dramedy",India,,,2025
https://www.justwatch.com/in/tv-show/dutton-ranch,8.4,10k,"Drama, Western, Epic Western",United States,,,2026
https://www.justwatch.com/in/tv-show/easygoing-territory-defense-by-the-optimistic-lord,,,"Action & Adventure, Animation, Comedy, Fantasy, Science-Fiction, Classic Japanese Anime",Japan,,,2026
https://www.justwatch.com/in/tv-show/el-juego-de-las-llaves,6.4,2k,"Comedy, Drama, Romance, Romantic Drama",Mexico,29,A,2019
https://www.justwatch.com/in/tv-show/elle,,,,United States,,,2026
https://www.justwatch.com/in/tv-show/engage-kiss,6.5,1k,"Action & Adventure, Animation, Comedy, Drama, Fantasy, Romance, Science-Fiction, Classic Japanese Anime",Japan,24,A,2022
https://www.justwatch.com/in/tv-show/erased,8.4,75k,"Animation, Crime, Drama, Fantasy, Mystery & Thriller, Science-Fiction, Western Animation",Japan,22,UA13+,2016
https://www.justwatch.com/in/tv-show/erotic-stories,,,"Drama, Emotional Drama, Romantic Thriller",Australia,,,2023
https://www.justwatch.com/in/tv-show/euphoria,8.1,315k,"Drama, Young Adult Drama",United States,61,A,2019
https://www.justwatch.com/in/tv-show/eve,7.3,2k,"Comedy, Drama, Romance",South Korea,63,A,2022
https://www.justwatch.com/in/tv-show/every-year-after,6.3,4k,"Drama, Romance","Canada, United States",,,2026
https://www.justwatch.com/in/tv-show/evil,7.7,52k,"Crime, Drama, Horror, Mystery & Thriller, Paranormal",United States,49,UA13+,2019
https://www.justwatch.com/in/tv-show/evilive,,,"Action & Adventure, Crime, Drama, Mystery & Thriller, Action Thriller",South Korea,,,2023
https://www.justwatch.com/in/tv-show/faadu,,,"Drama, Bollywood, Romantic Drama",India,,,2022
https://www.justwatch.com/in/tv-show/faadu-a-love-story,,,Romance,India,43,A,2022
https://www.justwatch.com/in/tv-show/fairy-tail,7.8,32k,"Action & Adventure, Animation, Comedy, Fantasy, Kids & Family, Science-Fiction, Classic Japanese Anime",Japan,24,U,2009
https://www.justwatch.com/in/tv-show/fallout,8.3,395k,"Drama, Science-Fiction, Post Apocalyptic World, Action Adventure",United States,57,A,2024
https://www.justwatch.com/in/tv-show/family-guy,8.1,389k,"Animation, Comedy",United States,23,UA,1999
https://www.justwatch.com/in/tv-show/fargo,8.8,470k,"Crime, Drama, Mystery & Thriller, Dark Crime, Detective Crime",United States,52,UA16+,2014
https://www.justwatch.com/in/tv-show/farming-life-in-another-world,7.3,2k,"Animation, Comedy, Fantasy, Romance, Science-Fiction, Classic Japanese Anime",Japan,,,2023
https://www.justwatch.com/in/tv-show/farzi,8.3,56k,"Comedy, Crime, Drama, Mystery & Thriller, Bollywood",India,56,UA16+,2023
https://www.justwatch.com/in/tv-show/fate-stay-night-unlimited-blade-works,8.0,11k,"Action & Adventure, Animation, Comedy, Drama, Fantasy, Science-Fiction, Classic Japanese Anime",Japan,24,UA16+,2014
https://www.justwatch.com/in/tv-show/fate-strange-fake,8.1,2k,"Action & Adventure, Animation, Drama, Fantasy, Science-Fiction, Classic Japanese Anime",Japan,23,A,2024
https://www.justwatch.com/in/tv-show/father-brown,7.8,17k,"Crime, Drama, Mystery & Thriller, Detective Crime",United Kingdom,,,2013
https://www.justwatch.com/in/tv-show/fire-force,7.6,21k,"Action & Adventure, Animation, Comedy, Drama, Fantasy, Science-Fiction, Classic Japanese Anime",Japan,24,A,2019
https://www.justwatch.com/in/tv-show/flames,8.8,34k,"Comedy, Drama, Romance, Made in Europe, Bollywood",India,,,2018
https://www.justwatch.com/in/tv-show/fleabag,8.7,248k,"Comedy, Drama, Made in Europe, Raunchy Comedy, Dramedy",United Kingdom,25,A,2016
https://www.justwatch.com/in/tv-show/food-wars-shokugeki-no-soma,8.0,15k,"Animation, Comedy, Drama, Fantasy, Mystery & Thriller, Classic Japanese Anime, Western Animation",Japan,24,UA13+,2015
https://www.justwatch.com/in/tv-show/four-years-later,,,"Drama, Romantic Drama",Australia,27,A,2024
https://www.justwatch.com/in/tv-show/freedom-at-midnight,8.4,3k,"Drama, History, War & Military",India,48,UA13+,2024
https://www.justwatch.com/in/tv-show/friday-night-lights,8.7,79k,"Drama, Sport, Young Adult Drama, Sports Drama",United States,,,2006
https://www.justwatch.com/in/tv-show/friends,,,"Comedy, Romance, Sitcoms",United States,23,UA13+,1994
https://www.justwatch.com/in/tv-show/frieren-beyond-journeys-end,8.9,78k,"Action & Adventure, Animation, Comedy, Drama, Fantasy, Science-Fiction, Classic Japanese Anime",Japan,25,UA16+,2023
https://www.justwatch.com/in/tv-show/fringe,8.4,270k,"Drama, Mystery & Thriller, Science-Fiction, Sci-Fi Drama","Canada, United States",47,UA16+,2008
https://www.justwatch.com/in/tv-show/from,7.8,191k,"Drama, Horror, Science-Fiction, Mystery Thriller",United States,,,2022
https://www.justwatch.com/in/tv-show/fruits-basket,8.5,13k,"Animation, Comedy, Drama, Fantasy, Romance, Science-Fiction, Classic Japanese Anime",Japan,24,UA16+,2019
https://www.justwatch.com/in/tv-show/fuh-se-fantasy,6.8,6k,"Drama, Romance, Romantic Drama",India,29,UA16+,2019
https://www.justwatch.com/in/tv-show/fullmetal-alchemist,8.5,86k,"Action & Adventure, Animation, Comedy, Drama, Fantasy, Science-Fiction, Classic Japanese Anime",Japan,24,UA16+,2003
https://www.justwatch.com/in/tv-show/fullmetal-alchemist-brotherhood,9.1,251k,"Action & Adventure, Animation, Comedy, Drama, Fantasy, Science-Fiction, Classic Japanese Anime",Japan,29,UA,2009
https://www.justwatch.com/in/tv-show/gachiakuta,8.0,14k,"Action & Adventure, Animation, Drama, Fantasy, Science-Fiction, Classic Japanese Anime",Japan,24,UA16+,2025
https://www.justwatch.com/in/tv-show/gals-cant-be-kind-to-otaku,,,"Animation, Comedy, Romance, Classic Japanese Anime",Japan,,,2026
https://www.justwatch.com/in/tv-show/game-of-thrones,,,"Action & Adventure, Drama, Fantasy, Science-Fiction, Epic Fantasy, Epic",United States,58,A,2011
https://www.justwatch.com/in/tv-show/gen-v,7.6,153k,"Comedy, Drama, Science-Fiction, Action Adventure",United States,,,2023
https://www.justwatch.com/in/tv-show/georgie-and-mandys-first-marriage,7.1,11k,"Comedy, RomCom",United States,,,2024
https://www.justwatch.com/in/tv-show/gilmore-girls,8.2,174k,"Comedy, Drama, Young Adult Drama, Dramedy",United States,44,U,2000
https://www.justwatch.com/in/tv-show/gintama,8.7,21k,"Action & Adventure, Animation, Comedy, Science-Fiction, Classic Japanese Anime",Japan,24,UA16+,2006
https://www.justwatch.com/in/tv-show/goblin-slayer,7.3,13k,"Action & Adventure, Animation, Fantasy, Horror, Science-Fiction, Classic Japanese Anime",Japan,23,UA16+,2018
https://www.justwatch.com/in/tv-show/gold-land,,,"Crime, Drama, Mystery & Thriller, Romance",South Korea,,,2026
https://www.justwatch.com/in/tv-show/golden-kamuy,8.0,3k,"Action & Adventure, Animation, Comedy, History, Western, Classic Japanese Anime",Japan,,,2018
https://www.justwatch.com/in/tv-show/good-boy,7.4,6k,"Action & Adventure, Comedy, Crime, Drama, Romance, Action Comedy",South Korea,,,2025
https://www.justwatch.com/in/tv-show/gossip-girl,7.5,198k,"Drama, Romance, Emotional Drama, Young Adult Drama",United States,42,U,2007
https://www.justwatch.com/in/tv-show/gram-chikitsalay,7.2,5k,"Comedy, Drama, Dramedy",India,38,UA16+,2025
https://www.justwatch.com/in/tv-show/grand-blue-dreaming,7.9,7k,"Animation, Comedy, Drama, Classic Japanese Anime",Japan,24,A,2018
https://www.justwatch.com/in/tv-show/greys-anatomy,7.6,375k,"Drama, Romance, Romantic Drama",United States,47,UA13+,2005
https://www.justwatch.com/in/tv-show/grimm,7.9,141k,"Action & Adventure, Crime, Drama, Fantasy, Horror, Mystery & Thriller, Science-Fiction, Detective Crime",United States,47,U,2011
https://www.justwatch.com/in/tv-show/gullak,9.1,31k,"Comedy, Drama, Kids & Family, Bollywood, Dramedy",India,31,UA13+,2019
https://www.justwatch.com/in/tv-show/gundeninda-gudigantalu,,,"Drama, Kids & Family, Romance, Romantic Drama",India,,,2023
https://www.justwatch.com/in/tv-show/gurren-lagann,8.3,21k,"Action & Adventure, Animation, Comedy, Drama, Science-Fiction, Classic Japanese Anime",Japan,24,UA16+,2007
https://www.justwatch.com/in/tv-show/gutur-gu,,,"Comedy, Kids & Family, Sitcoms",India,23,U,2010
https://www.justwatch.com/in/tv-show/hacks,8.2,66k,"Comedy, Drama, Dramedy",United States,33,A,2021
https://www.justwatch.com/in/tv-show/haibaras-teenage-new-game-plus,,,"Animation, Comedy, Drama, Romance, Classic Japanese Anime",Japan,,,2026
https://www.justwatch.com/in/tv-show/haikyu,8.7,54k,"Animation, Comedy, Drama, Sport, Classic Japanese Anime",Japan,24,UA13+,2014
https://www.justwatch.com/in/tv-show/half-man,8.0,12k,Drama,United Kingdom,,,2026
https://www.justwatch.com/in/tv-show/halo,7.3,110k,"Mystery & Thriller, Science-Fiction, War & Military, Sci-Fi Military, Action Adventure",United States,52,UA13+,2022
https://www.justwatch.com/in/tv-show/harem-camp,,,"Animation, Classic Japanese Anime",Japan,,,2022
https://www.justwatch.com/in/tv-show/hawaii-five-0,7.4,83k,"Action & Adventure, Comedy, Crime, Drama, Mystery & Thriller, Romance, Detective Crime, Action Thriller",United States,43,U,2010
https://www.justwatch.com/in/tv-show/heart-beat,,,"Drama, Emotional Drama, Bollywood",India,,,2024
https://www.justwatch.com/in/tv-show/heated-rivalry,8.7,109k,"Drama, Romance, Sport, Sports Drama",Canada,,,2025
https://www.justwatch.com/in/tv-show/heroes,7.5,260k,"Crime, Drama, Fantasy, Mystery & Thriller, Science-Fiction, Superhero",United States,43,U,2006
https://www.justwatch.com/in/tv-show/high-potential,7.6,51k,"Comedy, Crime, Drama, Dark Crime, Mystery Thriller",United States,,,2024
https://www.justwatch.com/in/tv-show/high-school-return-of-a-gangster,7.7,2k,"Drama, Fantasy, Science-Fiction",South Korea,,,2024
https://www.justwatch.com/in/tv-show/highway-love,7.3,2k,"Comedy, Romance, Bollywood, Romantic Drama",India,33,UA16+,2023
https://www.justwatch.com/in/tv-show/his-dark-materials,7.7,94k,"Action & Adventure, Drama, Fantasy, Science-Fiction, Epic Fantasy, Sci-Fi Drama, Dark Fantasy",United Kingdom,54,UA13+,2019
https://www.justwatch.com/in/tv-show/homeland,8.3,385k,"Crime, Drama, Mystery & Thriller, War & Military, Spies",United States,52,A,2011
https://www.justwatch.com/in/tv-show/horimiya,8.0,25k,"Animation, Comedy, Drama, Romance, Classic Japanese Anime",Japan,23,UA,2021
https://www.justwatch.com/in/tv-show/hostages-2019,6.8,6k,"Crime, Drama, Mystery Thriller",India,36,UA13+,2019
https://www.justwatch.com/in/tv-show/hostel-daze,8.5,23k,"Comedy, Drama, Bollywood",India,34,A,2019
https://www.justwatch.com/in/tv-show/house,8.7,594k,"Drama, Emotional Drama, Mystery Thriller",United States,44,U,2004
https://www.justwatch.com/in/tv-show/house-of-david,7.5,14k,"Action & Adventure, Drama, History, War & Military, Religious Drama",United States,,,2025
https://www.justwatch.com/in/tv-show/house-of-the-dragon,8.3,535k,"Action & Adventure, Drama, Fantasy, Romance, Science-Fiction",United States,61,A,2022
https://www.justwatch.com/in/tv-show/how-i-met-your-mother,8.3,783k,"Comedy, Drama, Romance, Sitcoms",United States,24,U,2005
https://www.justwatch.com/in/tv-show/hunter-x-hunter,9.0,197k,"Action & Adventure, Animation, Comedy, Fantasy, Science-Fiction, Classic Japanese Anime",Japan,23,UA16+,2011
https://www.justwatch.com/in/tv-show/hyouka,7.7,7k,"Animation, Comedy, Drama, Kids & Family, Mystery & Thriller, Classic Japanese Anime",Japan,,,2012
https://www.justwatch.com/in/tv-show/i-got-a-cheat-skill-in-another-world-and-became-unrivaled-in-the-real-world-too,6.6,5k,"Action & Adventure, Animation, Fantasy, Science-Fiction, Classic Japanese Anime",Japan,24,UA13+,2023
https://www.justwatch.com/in/tv-show/i-want-to-end-this-love-game,,,Comedy,Japan,,,2026
https://www.justwatch.com/in/tv-show/im-a-noble-on-the-brink-of-ruin-so-i-might-as-well-try-mastering-magic,,,"Action & Adventure, Animation, Fantasy, Science-Fiction, Classic Japanese Anime",Japan,,,2025
https://www.justwatch.com/in/tv-show/im-getting-married-to-a-girl-i-hate-in-my-class,6.8,2k,"Animation, Comedy, Romance, Classic Japanese Anime",Japan,,,2025
https://www.justwatch.com/in/tv-show/im-mature,8.5,11k,"Comedy, Drama, Romance, Dramedy",India,27,UA16+,2019
https://www.justwatch.com/in/tv-show/in-plain-sight,7.4,13k,"Action & Adventure, Crime, Drama, Mystery & Thriller, Detective Crime",United States,,,2008
https://www.justwatch.com/in/tv-show/indian-idol,,,"Music & Musical, Reality TV",India,78,U,2004
https://www.justwatch.com/in/tv-show/indias-got-talent,,,Reality TV,India,,,2009
https://www.justwatch.com/in/tv-show/industry,7.5,28k,Drama,"United Kingdom, United States",57,A,2020
https://www.justwatch.com/in/tv-show/inexpressive-kashiwada-and-expressive-oota,,,"Animation, Comedy, Romance",Japan,,,2025
https://www.justwatch.com/in/tv-show/inspector-avinash,7.6,17k,"Action & Adventure, Crime, Mystery & Thriller, Action Thriller",India,40,A,2023
https://www.justwatch.com/in/tv-show/inspector-rishi,7.2,3k,"Action & Adventure, Drama, Horror, Mystery & Thriller, Horror Thriller",India,45,A,2024
https://www.justwatch.com/in/tv-show/invincible,8.7,344k,"Action & Adventure, Animation, Drama, Fantasy, Mystery & Thriller, Science-Fiction",United States,49,A,2021
https://www.justwatch.com/in/tv-show/iru-dhuruvam,7.7,1k,"Crime, Mystery & Thriller, Bollywood, Detective Crime",India,27,A,2019
https://www.justwatch.com/in/tv-show/isakapatnam,,,,India,,A,2026
https://www.justwatch.com/in/tv-show/isekai-office-worker-the-other-worlds-books-depend-on-the-bean-counter,,,"Animation, Fantasy, Romance, Science-Fiction",Japan,,,2026
https://www.justwatch.com/in/tv-show/island,7.0,4k,"Drama, Fantasy, Horror, Mystery & Thriller, Science-Fiction, Action Adventure",South Korea,51,A,2022
https://www.justwatch.com/in/tv-show/its-always-sunny-in-philadelphia,8.8,282k,"Comedy, Sitcoms",United States,23,UA16+,2005
https://www.justwatch.com/in/tv-show/ive-been-killing-slimes-for-300-years-and-maxed-out-my-level,6.2,2k,"Action & Adventure, Animation, Comedy, Fantasy, Science-Fiction, Classic Japanese Anime",Japan,23,UA16+,2021
https://www.justwatch.com/in/tv-show/jack-of-all-trades-party-of-none,6.7,1k,"Action & Adventure, Animation, Fantasy, Science-Fiction, Classic Japanese Anime",Japan,,,2026
https://www.justwatch.com/in/tv-show/jack-reacher,8.0,296k,"Crime, Drama, Mystery & Thriller, Action Adventure, Action Thriller",United States,49,A,2022
https://www.justwatch.com/in/tv-show/jazz-city,,,"Action & Adventure, Drama, History, Mystery & Thriller",India,,,2026
https://www.justwatch.com/in/tv-show/jee-karda,6.5,8k,"Comedy, Drama, Romance, Romantic Drama",India,33,A,2023
https://www.justwatch.com/in/tv-show/jeremy-clarkson-i-bought-the-farm,9.0,87k,"Comedy, Documentary, Reality TV",United Kingdom,48,UA16+,2021
https://www.justwatch.com/in/tv-show/jujutsu-kaisen,8.5,211k,"Action & Adventure, Animation, Fantasy, Mystery & Thriller, Science-Fiction, Classic Japanese Anime","Japan, United States",24,UA16+,2020
https://www.justwatch.com/in/tv-show/junji-ito-collection,6.8,2k,"Animation, Drama, Horror, Mystery & Thriller, Science-Fiction, Classic Japanese Anime",Japan,,,2018
https://www.justwatch.com/in/tv-show/justified,8.6,131k,"Action & Adventure, Crime, Drama, Mystery & Thriller, Western, Action Thriller, Marshal Western",United States,43,UA16+,2010
https://www.justwatch.com/in/tv-show/kaguya-sama-love-is-war,8.5,30k,"Animation, Comedy, Drama, Romance, Classic Japanese Anime",Japan,24,UA16+,2019
https://www.justwatch.com/in/tv-show/kaiju-no-8,8.2,32k,"Action & Adventure, Animation, Comedy, Science-Fiction, Classic Japanese Anime",Japan,23,UA13+,2024
https://www.justwatch.com/in/tv-show/kaisi-yeh-yaariaan,8.0,2k,"Comedy, Drama, Romance, Bollywood",India,22,UA13+,2014
https://www.justwatch.com/in/tv-show/kasam,,,"Kids & Family, Drama, Bollywood, Romantic Drama",India,,,2016
https://www.justwatch.com/in/tv-show/kasautii-zindagii-kay,3.8,1k,"Drama, Romance, Bollywood",India,28,UA13+,2001
https://www.justwatch.com/in/tv-show/kaun-banega-crorepati,8.1,4k,Reality TV,India,72,U,2000
https://www.justwatch.com/in/tv-show/kaya-chan-isnt-scary,,,"Animation, Mystery & Thriller, Science-Fiction, Classic Japanese Anime",Japan,,,2026
https://www.justwatch.com/in/tv-show/key-and-peele,8.3,29k,"Comedy, Stand Up Comedy",United States,22,U,2012
https://www.justwatch.com/in/tv-show/khauf,7.4,5k,"Drama, Horror, Mystery & Thriller, Bollywood",India,47,A,2025
https://www.justwatch.com/in/tv-show/kill-blue,,,"Action & Adventure, Animation, Comedy",Japan,24,UA13+,2026
https://www.justwatch.com/in/tv-show/kingdom-2012,8.8,6k,"Action & Adventure, Animation, Drama, History, War & Military, Classic Japanese Anime",Japan,25,UA16+,2012
https://www.justwatch.com/in/tv-show/kokaku-kidotai,,,"Action & Adventure, Animation, Science-Fiction",Japan,,,2026
https://www.justwatch.com/in/tv-show/kurokos-basketball,8.2,16k,"Animation, Comedy, Drama, Sport, Classic Japanese Anime",Japan,24,UA13+,2012
https://www.justwatch.com/in/tv-show/kusunokis-garden-of-gods,,,"Action & Adventure, Animation, Science-Fiction",Japan,,,2026
https://www.justwatch.com/in/tv-show/kuttram-purindhavan-the-guilty-one,7.8,1k,"Crime, Drama, Bollywood",India,,,2025
https://www.justwatch.com/in/tv-show/la-brea,5.8,17k,"Action & Adventure, Drama, Science-Fiction, Mystery Thriller",United States,,,2021
https://www.justwatch.com/in/tv-show/landman,8.2,109k,"Crime, Drama, Western, Emotional Drama",United States,,,2024
https://www.justwatch.com/in/tv-show/late-bloomer,7.9,1k,"Comedy, Drama, Dramedy",Canada,,,2024
https://www.justwatch.com/in/tv-show/laughter-chefs-unlimited-entertainment,8.4,1k,"Comedy, Kids & Family, Reality TV, Bollywood",India,,,2024
https://www.justwatch.com/in/tv-show/law-and-order,7.8,51k,"Crime, Drama, Mystery & Thriller, Courtroom, Detective Crime",United States,,,1990
https://www.justwatch.com/in/tv-show/law-and-order-special-victims-unit,8.1,145k,"Crime, Drama, Mystery & Thriller, Detective Crime",United States,45,UA16+,1999
https://www.justwatch.com/in/tv-show/legacies,7.2,42k,"Drama, Fantasy, Horror, Science-Fiction, Young Adult Drama",United States,41,U,2018
https://www.justwatch.com/in/tv-show/life-larry-and-the-pursuit-of-unhappiness-an-almost-history-of-america,6.8,1k,,United States,,,2026
https://www.justwatch.com/in/tv-show/light-shop,7.8,7k,"Drama, Horror, Mystery Thriller",South Korea,,,2024
https://www.justwatch.com/in/tv-show/little-disasters,7.0,2k,"Drama, Psychological Drama",United Kingdom,,,2025
https://www.justwatch.com/in/tv-show/loki,8.2,475k,"Drama, Fantasy, Science-Fiction, Superhero, Action Adventure",United States,49,UA13+,2021
https://www.justwatch.com/in/tv-show/lol-hasse-toh-phasse,3.8,1k,"Comedy, Reality TV",India,26,A,2021
https://www.justwatch.com/in/tv-show/long-bright-river,6.8,12k,"Crime, Drama, Mystery & Thriller, Detective Crime",United States,,,2025
https://www.justwatch.com/in/tv-show/love-is-never-gone,,,"Action & Adventure, Drama, Mystery & Thriller, Romance, Romantic Thriller",Philippines,,,2026
https://www.justwatch.com/in/tv-show/love-j-action,,,,India,38,UA16+,2021
https://www.justwatch.com/in/tv-show/lukkhe,,,"Action & Adventure, Drama, Music & Musical, Emotional Drama",India,,,2026
https://www.justwatch.com/in/tv-show/mad-men,8.7,291k,"Drama, Emotional Drama, Based On A True Story, Period Drama",United States,49,UA16+,2007
https://www.justwatch.com/in/tv-show/madam-secretary,7.8,29k,"Drama, Mystery & Thriller, War & Military, Emotional Drama",United States,43,U,2014
https://www.justwatch.com/in/tv-show/made-in-heaven-2019,8.2,15k,"Drama, Romance, Romantic Drama",India,58,UA16+,2019
https://www.justwatch.com/in/tv-show/magpie-murders,7.6,9k,"Crime, Drama, Kids & Family, Mystery Thriller","United Kingdom, Ireland, United States",45,UA16+,2022
https://www.justwatch.com/in/tv-show/mahabharatham,8.7,15k,"Drama, History, Kids & Family, War & Military, Bollywood",India,23,U,2013
https://www.justwatch.com/in/tv-show/maharani-2021,8.0,10k,"Drama, Bollywood",India,45,A,2021
https://www.justwatch.com/in/tv-show/malcolm-in-the-middle,8.2,161k,"Comedy, Drama, Kids & Family, Sitcoms",United States,23,U,2000
https://www.justwatch.com/in/tv-show/mansion-24,,,"Action & Adventure, Horror, Mystery Thriller",India,29,A,2023
https://www.justwatch.com/in/tv-show/manvat-murders,7.1,1k,"Crime, Drama, Mystery & Thriller",India,38,A,2024
https://www.justwatch.com/in/tv-show/march-comes-in-like-a-lion,8.2,4k,"Animation, Comedy, Drama, Romance, Classic Japanese Anime",Japan,,,2016
https://www.justwatch.com/in/tv-show/mare-of-easttown,8.4,223k,"Crime, Drama, Mystery & Thriller, Detective Crime",United States,60,A,2021
https://www.justwatch.com/in/tv-show/margos-got-money-troubles,7.3,12k,"Comedy, Drama, Dramedy",United States,39,A,2026
https://www.justwatch.com/in/tv-show/marikas-love-meter-malfunction,,,"Animation, Comedy, Romance",Japan,,,2026
https://www.justwatch.com/in/tv-show/marriage-toxin,,,"Action & Adventure, Animation, Comedy",Japan,,,2026
https://www.justwatch.com/in/tv-show/marry-my-husband,7.8,12k,"Comedy, Drama, Fantasy, Romance, Science-Fiction, Modern Fantasy, Dramedy",South Korea,,,2024
https://www.justwatch.com/in/tv-show/marvels-agents-of-s-h-i-e-l-d,7.5,235k,"Action & Adventure, Drama, Mystery & Thriller, Science-Fiction, Superhero",United States,43,U,2013
https://www.justwatch.com/in/tv-show/marvels-daredevil,8.6,534k,"Action & Adventure, Crime, Drama, Mystery & Thriller, Science-Fiction, Superhero",United States,53,UA16+,2015
https://www.justwatch.com/in/tv-show/marvels-iron-fist,6.4,149k,"Action & Adventure, Crime, Drama, Fantasy, Science-Fiction, Martial Art",United States,54,UA16+,2017
https://www.justwatch.com/in/tv-show/marvels-jessica-jones,7.8,240k,"Action & Adventure, Crime, Drama, Mystery & Thriller, Science-Fiction, Superhero",United States,51,A,2015
https://www.justwatch.com/in/tv-show/marvels-the-defenders,7.2,127k,"Action & Adventure, Crime, Fantasy, Science-Fiction, Superhero",United States,50,UA16+,2017
https://www.justwatch.com/in/tv-show/marvels-the-punisher,8.4,306k,"Action & Adventure, Crime, Drama, Mystery & Thriller, Superhero",United States,53,A,2017
https://www.justwatch.com/in/tv-show/masamune-kuns-revenge,6.6,5k,"Animation, Comedy, Drama, Romance, Classic Japanese Anime",Japan,23,A,2017
https://www.justwatch.com/in/tv-show/mashle-magic-and-muscles,7.5,16k,"Action & Adventure, Animation, Comedy, Fantasy, Science-Fiction, Classic Japanese Anime",Japan,23,UA7+,2023
https://www.justwatch.com/in/tv-show/masterchef-australia,8.2,4k,"Reality TV, Reality Competition",Australia,55,U,2009
https://www.justwatch.com/in/tv-show/masterchef-india,,,"Reality TV, Reality Competition",India,49,U,2010
https://www.justwatch.com/in/tv-show/matka-king,7.2,2k,"Crime, Drama, Organized Crime",India,,,2026
https://www.justwatch.com/in/tv-show/matlock,7.5,16k,"Crime, Drama, Courtroom",United States,,,2024
https://www.justwatch.com/in/tv-show/maxton-hall-the-world-between-us,7.5,25k,"Drama, Romance, Romantic Drama",Germany,,,2024
https://www.justwatch.com/in/tv-show/mayasabha,9.0,2k,"Drama, War & Military, Bollywood",India,44,A,2025
https://www.justwatch.com/in/tv-show/mayor-of-kingstown,8.2,73k,"Crime, Drama, Mystery & Thriller, Detective Crime",United States,,,2021
https://www.justwatch.com/in/tv-show/medaka-kuroiwa-is-impervious-to-my-charms,6.6,1k,"Animation, Comedy, Romance, Classic Japanese Anime",Japan,,,2025
https://www.justwatch.com/in/tv-show/meri-aashiqui-tum-se-hi,,,"Drama, Bollywood, Like, Dislike, Lists, Seen all, Sign in, to sync Watchlist",India,21,UA13+,2014
https://www.justwatch.com/in/tv-show/mf-ghost,,,"Action & Adventure, Animation, Sport, Classic Japanese Anime",Japan,23,UA13+,2023
https://www.justwatch.com/in/tv-show/mirzapur,8.4,93k,"Action & Adventure, Crime, Drama, Mystery & Thriller, Organized Crime, Bollywood",India,50,A,2018
https://www.justwatch.com/in/tv-show/mischievous-kiss-love-in-tokyo,7.5,1k,"Comedy, Drama, Romance",Japan,,,2013
https://www.justwatch.com/in/tv-show/mistress-kanan-is-devilishly-easy,,,"Animation, Comedy, Romance, Science-Fiction",Japan,,,2026
https://www.justwatch.com/in/tv-show/mob-psycho-100,8.5,68k,"Action & Adventure, Animation, Comedy, Drama, Fantasy, Horror, Science-Fiction, Classic Japanese Anime",Japan,24,UA16+,2016
https://www.justwatch.com/in/tv-show/modern-family,8.5,541k,"Comedy, Drama, Romance, Sitcoms",United States,21,UA13+,2009
https://www.justwatch.com/in/tv-show/molkki,,,"Drama, Emotional Drama, Bollywood",India,20,UA13+,2020
https://www.justwatch.com/in/tv-show/moon-knight,7.3,278k,"Fantasy, Mystery & Thriller, Science-Fiction, Superhero, Action Adventure",United States,48,UA16+,2022
https://www.justwatch.com/in/tv-show/more-than-a-married-couple-but-not-lovers,7.6,7k,"Animation, Comedy, Drama, Romance, Classic Japanese Anime",Japan,24,UA16+,2022
https://www.justwatch.com/in/tv-show/moving,8.4,16k,"Drama, Fantasy, Mystery & Thriller, Science-Fiction, Modern Fantasy, Action Adventure",South Korea,,,2023
https://www.justwatch.com/in/tv-show/mr-robot,8.5,469k,"Crime, Drama, Mystery & Thriller, Psychological Drama",United States,49,U,2015
https://www.justwatch.com/in/tv-show/mtv-splitsvilla,3.8,1k,"Romance, Reality TV",India,52,U,2008
https://www.justwatch.com/in/tv-show/mujikaku-seijo-wa-kyou-mo-muishiki-ni-chikara-o-tare-nagasu,,,"Animation, Science-Fiction",Japan,,,2026
https://www.justwatch.com/in/tv-show/mumbai-diaries-26-11,8.4,31k,"Action & Adventure, Drama, Mystery Thriller",India,46,A,2021
https://www.justwatch.com/in/tv-show/mushoku-tensei-jobless-reincarnation,8.2,39k,"Action & Adventure, Animation, Drama, Fantasy, Science-Fiction, Classic Japanese Anime",Japan,24,UA16+,2021
https://www.justwatch.com/in/tv-show/muthu-alias-kaattaan,,,"Action & Adventure, Crime, Drama",India,32,A,2026
https://www.justwatch.com/in/tv-show/my-classmates-a-sexy-actress-and-now-we-live-together,,,,Japan,,,2026
https://www.justwatch.com/in/tv-show/my-hero-academia,8.2,122k,"Action & Adventure, Animation, Comedy, Fantasy, Science-Fiction, Classic Japanese Anime",Japan,24,U,2016
https://www.justwatch.com/in/tv-show/my-hero-academia-vigilantes,7.2,2k,"Action & Adventure, Animation, Crime, Drama, Fantasy, Science-Fiction, Classic Japanese Anime",Japan,24,UA16+,2025
https://www.justwatch.com/in/tv-show/my-lady-jane,7.4,23k,"Comedy, Drama, History, Science-Fiction, Action Adventure",United States,,,2024
https://www.justwatch.com/in/tv-show/my-love-story-with-yamada-kun-at-lv999,7.6,6k,"Animation, Comedy, Romance, Classic Japanese Anime",Japan,24,UA13+,2023
https://www.justwatch.com/in/tv-show/naagin,3.8,4k,"Action & Adventure, Drama, Fantasy, Romance, Science-Fiction, Bollywood",India,43,UA13+,2015
https://www.justwatch.com/in/tv-show/naruto,8.4,169k,"Action & Adventure, Animation, Comedy, Fantasy, Science-Fiction, Classic Japanese Anime",Japan,23,UA16+,2002
https://www.justwatch.com/in/tv-show/naruto-shippuden,8.7,224k,"Action & Adventure, Animation, Comedy, Drama, Fantasy, Science-Fiction, Classic Japanese Anime",Japan,22,U,2007
https://www.justwatch.com/in/tv-show/natsume-yujin-cho,8.1,3k,"Animation, Comedy, Drama, Fantasy, Horror, Science-Fiction, Classic Japanese Anime",Japan,,,2008
https://www.justwatch.com/in/tv-show/nazar,,,"Fantasy, Horror, Mystery & Thriller, Science-Fiction, Bollywood",India,20,UA13+,2018
https://www.justwatch.com/in/tv-show/ncis,7.8,177k,"Action & Adventure, Crime, Drama, Mystery & Thriller, Detective Crime",United States,43,U,2003
https://www.justwatch.com/in/tv-show/neighbors,6.8,1k,"Documentary, Reality TV",United States,,,2026
https://www.justwatch.com/in/tv-show/nekopara,,,"Animation, Comedy",Japan,,,2020
https://www.justwatch.com/in/tv-show/neon-genesis-evangelion,8.5,111k,"Action & Adventure, Animation, Drama, Science-Fiction, Classic Japanese Anime",Japan,24,U,1995
https://www.justwatch.com/in/tv-show/new-girl,7.8,263k,"Comedy, Romance, Sitcoms",United States,21,U,2011
https://www.justwatch.com/in/tv-show/newtopia,6.6,11k,"Action & Adventure, Comedy, Drama, Fantasy, Horror, Mystery & Thriller, Romance, Science-Fiction",South Korea,,,2025
https://www.justwatch.com/in/tv-show/nier-automata-ver1-1a,7.3,3k,"Action & Adventure, Animation, Drama, Fantasy, Science-Fiction, Classic Japanese Anime",Japan,,,2023
https://www.justwatch.com/in/tv-show/nippon-sangoku,8.4,1k,"Animation, Drama, War & Military","Japan, United States",,,2026
https://www.justwatch.com/in/tv-show/nirmal-pathak-ki-ghar-wapasi,8.3,2k,"Drama, Kids & Family, Emotional Drama",India,40,A,2022
https://www.justwatch.com/in/tv-show/nishir-daak,,,"Horror, Mystery & Thriller, Bollywood, Horror Thriller",India,,,2018
https://www.justwatch.com/in/tv-show/noble-reincarnation,,,"Action & Adventure, Animation, Fantasy, Science-Fiction, Classic Japanese Anime",Japan,,,2026
https://www.justwatch.com/in/tv-show/noblesse,7.0,2k,"Action & Adventure, Animation, Comedy, Fantasy, Horror, Science-Fiction, Classic Japanese Anime",Japan,,,2020
https://www.justwatch.com/in/tv-show/numb3rs,7.0,48k,"Crime, Documentary, Drama, Mystery & Thriller, Detective Crime",United States,,,2005
https://www.justwatch.com/in/tv-show/nurse-jackie,7.9,33k,"Comedy, Drama, Dramedy",United States,27,UA16+,2009
https://www.justwatch.com/in/tv-show/oedo-fire-slayer-the-legend-of-phoenix,,,"Action & Adventure, Animation, Drama, History",Japan,,,2026
https://www.justwatch.com/in/tv-show/off-campus,7.9,37k,"Drama, Romance, Sport, Romantic Drama",United States,,,2026
https://www.justwatch.com/in/tv-show/oggy-and-the-cockroaches,7.5,6k,"Action & Adventure, Animation, Comedy, Kids & Family, Science-Fiction, Made in Europe",France,9,U,1999
https://www.justwatch.com/in/tv-show/one-piece,9.0,357k,"Action & Adventure, Animation, Comedy, Drama, Fantasy, Classic Japanese Anime",Japan,23,UA16+,1999
https://www.justwatch.com/in/tv-show/one-punch-man,8.6,226k,"Action & Adventure, Animation, Comedy, Fantasy, Science-Fiction, Classic Japanese Anime",Japan,24,UA7+,2015
https://www.justwatch.com/in/tv-show/one-tree-hill,7.8,94k,"Drama, Romance, Sport, Young Adult Drama",United States,48,U,2003
https://www.justwatch.com/in/tv-show/only-murders-in-the-building,8.0,204k,"Comedy, Crime, Drama, Dramedy, Mystery Thriller",United States,35,UA16+,2021
https://www.justwatch.com/in/tv-show/oshi-no-ko,8.3,17k,"Animation, Drama, Fantasy, Music & Musical, Mystery & Thriller, Classic Japanese Anime",Japan,26,UA13+,2023
https://www.justwatch.com/in/tv-show/our-dating-story-the-experienced-you-and-the-inexperienced-me,6.7,2k,"Animation, Comedy, Drama, Romance, Classic Japanese Anime",Japan,,,2023
https://www.justwatch.com/in/tv-show/ouran-high-school-host-club,8.1,14k,"Animation, Comedy, Drama, Romance, Classic Japanese Anime",Japan,23,UA13+,2006
https://www.justwatch.com/in/tv-show/overflow,,,"Animation, Classic Japanese Anime",Japan,,,2020
https://www.justwatch.com/in/tv-show/overlord,7.6,19k,"Action & Adventure, Animation, Fantasy, Science-Fiction, Classic Japanese Anime",Japan,23,UA16+,2015
https://www.justwatch.com/in/tv-show/oz,8.7,108k,"Crime, Drama, Mystery & Thriller, Dark Crime",United States,,,1997
https://www.justwatch.com/in/tv-show/panchayat,9.0,118k,"Comedy, Drama, Bollywood",India,36,UA16+,2020
https://www.justwatch.com/in/tv-show/paradise-2025,7.9,83k,"Crime, Drama, Mystery & Thriller, Science-Fiction, Emotional Drama, Action Adventure",United States,,,2025
https://www.justwatch.com/in/tv-show/parks-and-recreation,8.6,316k,"Comedy, Sitcoms",United States,22,UA13+,2009
https://www.justwatch.com/in/tv-show/patriot,8.2,21k,"Comedy, Drama, Mystery & Thriller, Spies",United States,46,U,2015
https://www.justwatch.com/in/tv-show/paw-patrol,6.1,7k,"Animation, Comedy, Kids & Family, Family Animation","Canada, United States",18,U,2013
https://www.justwatch.com/in/tv-show/peacemaker,8.3,139k,"Action & Adventure, Comedy, Crime, Drama, Fantasy, Science-Fiction, Superhero, Action Comedy",United States,42,UA16+,2022
https://www.justwatch.com/in/tv-show/percy-jackson-and-the-olympians,7.0,52k,"Drama, Fantasy, Kids & Family, Science-Fiction, Action Adventure",United States,,,2023
https://www.justwatch.com/in/tv-show/perfect-crown,7.9,4k,"Comedy, Drama, Romance",South Korea,71,UA16+,2026
https://www.justwatch.com/in/tv-show/planet-earth,9.4,235k,"Documentary, Kids & Family, Made in Europe",United Kingdom,49,U,2006
https://www.justwatch.com/in/tv-show/planetes,8.1,4k,"Animation, Drama, Science-Fiction, Classic Japanese Anime",Japan,,,2003
https://www.justwatch.com/in/tv-show/please-put-them-on-takamine-san,5.8,1k,"Animation, Comedy, Romance, Science-Fiction",Japan,23,A,2025
https://www.justwatch.com/in/tv-show/poker-face,7.7,68k,"Comedy, Crime, Drama, Mystery Thriller",United States,,,2023
https://www.justwatch.com/in/tv-show/ponies,7.1,11k,"Comedy, Crime, Drama, Mystery Thriller",United States,,,2026
https://www.justwatch.com/in/tv-show/power-rangers,6.6,26k,"Action & Adventure, Kids & Family, Science-Fiction, Live Action",United States,22,UA7+,1993
https://www.justwatch.com/in/tv-show/prison-break,8.3,594k,"Action & Adventure, Crime, Drama, Mystery & Thriller, Made in Europe, Dark Crime, Action Thriller",United States,49,U,2005
https://www.justwatch.com/in/tv-show/prisoner,6.6,1k,"Action & Adventure, Crime, Mystery & Thriller, Action Thriller",United Kingdom,,,2026
https://www.justwatch.com/in/tv-show/pritam-pedro,8.0,5k,"Comedy, Crime, Drama, Mystery & Thriller",India,,,2026
https://www.justwatch.com/in/tv-show/pyaar-kii-ye-ek-kahaani,7.3,1k,"Drama, Fantasy, Romance, Mystery & Thriller, Modern Fantasy","India, United States",21,PG,2010
https://www.justwatch.com/in/tv-show/raakh,7.6,4k,"Crime, Drama, Mystery & Thriller",India,41,A,2026
https://www.justwatch.com/in/tv-show/radhakrishn,8.2,3k,"Action & Adventure, Comedy, Drama, Kids & Family, Romance, Bollywood",India,23,U,2018
https://www.justwatch.com/in/tv-show/ranking-of-kings,8.4,15k,"Action & Adventure, Animation, Comedy, Drama, Fantasy, Science-Fiction, Classic Japanese Anime",Japan,,,2021
https://www.justwatch.com/in/tv-show/rasbhari,2.9,15k,"Comedy, Drama, Romance, Bollywood, Romantic Drama",India,25,A,2020
https://www.justwatch.com/in/tv-show/rascal-does-not-dream-of-bunny-girl-senpai,8.1,26k,"Animation, Comedy, Drama, Fantasy, Mystery & Thriller, Romance, Classic Japanese Anime",Japan,,,2018
https://www.justwatch.com/in/tv-show/re-monster,6.5,2k,"Action & Adventure, Animation, Fantasy, Science-Fiction, Classic Japanese Anime",Japan,23,UA16+,2024
https://www.justwatch.com/in/tv-show/re-zero-starting-life-in-another-world,8.2,72k,"Action & Adventure, Animation, Drama, Fantasy, Horror, Mystery & Thriller, Romance, Science-Fiction, Classic Japanese Anime",Japan,26,UA16+,2016
https://www.justwatch.com/in/tv-show/reign,7.4,58k,"Drama, History, Romance, Young Adult Drama, Period Drama",United States,42,UA16+,2013
https://www.justwatch.com/in/tv-show/rent-a-girlfriend,6.7,12k,"Animation, Comedy, Romance, Classic Japanese Anime",Japan,24,A,2020
https://www.justwatch.com/in/tv-show/resident-alien,8.0,88k,"Comedy, Drama, Science-Fiction, Sci-Fi Comedy, Dramedy, Mystery Thriller",United States,44,UA16+,2021
https://www.justwatch.com/in/tv-show/resort,,,"Comedy, Drama",India,22,UA16+,2026
https://www.justwatch.com/in/tv-show/revenant,7.9,4k,"Drama, Fantasy, Horror, Mystery Thriller",South Korea,,,2023
https://www.justwatch.com/in/tv-show/rich-girl-caretaker,,,"Animation, Comedy, Romance",Japan,,,2026
https://www.justwatch.com/in/tv-show/robin-hood-2025,6.8,7k,"Drama, Action Adventure",United States,,,2025
https://www.justwatch.com/in/tv-show/rocket-boys-2022,8.8,20k,"Drama, History, Dramedy",India,44,UA16+,2022
https://www.justwatch.com/in/tv-show/rome,8.7,204k,"Action & Adventure, Drama, Romance, War & Military, Made in Europe, Period Drama, Epic",United States,54,A,2005
https://www.justwatch.com/in/tv-show/room-of-guilty-pleasure,,,"Animation, Comedy, Romance, Classic Japanese Anime",Japan,,,2025
https://www.justwatch.com/in/tv-show/rooster,7.6,18k,"Comedy, Drama, Dramedy",United States,,,2026
https://www.justwatch.com/in/tv-show/rooster-fighter,,,"Action & Adventure, Animation, Comedy, Science-Fiction, Classic Japanese Anime",United States,23,A,2026
https://www.justwatch.com/in/tv-show/rurouni-kenshin-2023,7.9,3k,"Action & Adventure, Animation, Drama, History, Mystery & Thriller, Romance, Classic Japanese Anime",Japan,,,2023
https://www.justwatch.com/in/tv-show/s-line,6.2,3k,"Drama, Fantasy, Science-Fiction, Mystery Thriller",South Korea,52,A,2025
https://www.justwatch.com/in/tv-show/s-w-a-t-2017,7.2,41k,"Action & Adventure, Crime, Drama, Mystery & Thriller, Action Thriller",United States,42,UA16+,2017
https://www.justwatch.com/in/tv-show/saekano-how-to-raise-a-boring-girlfriend,6.9,2k,"Animation, Comedy, Drama, Romance, Classic Japanese Anime",Japan,,,2015
https://www.justwatch.com/in/tv-show/saga-of-tanya-the-evil,7.6,5k,"Action & Adventure, Animation, Drama, Fantasy, Science-Fiction, War & Military, Classic Japanese Anime",Japan,24,UA16+,2017
https://www.justwatch.com/in/tv-show/salakaar,5.8,1k,"Action & Adventure, Mystery & Thriller, Action Thriller",India,32,UA16+,2025
https://www.justwatch.com/in/tv-show/sapne-vs-everyone,9.2,85k,"Drama, Psychological Drama",India,69,UA16+,2023
https://www.justwatch.com/in/tv-show/save-the-tigers,8.0,4k,"Comedy, Drama, Mystery & Thriller, Dramedy",India,26,UA16+,2023
https://www.justwatch.com/in/tv-show/scam-1992,9.2,159k,"Crime, Drama, Mystery & Thriller, Bollywood",India,52,U,2020
https://www.justwatch.com/in/tv-show/scam-2003-the-telgi-story,,,"Crime, Drama, Bollywood, Biopics",India,44,UA16+,2023
https://www.justwatch.com/in/tv-show/scandinavia-with-simon-reeve,,,"Documentary, Like, Dislike, Lists, Seen all, Sign in, to sync Watchlist",United Kingdom,,,2025
https://www.justwatch.com/in/tv-show/schitts-creek,8.5,174k,"Comedy, Sitcoms",Canada,22,U,2015
https://www.justwatch.com/in/tv-show/school-babysitters,7.7,1k,"Animation, Comedy, Kids & Family, Classic Japanese Anime",Japan,,,2018
https://www.justwatch.com/in/tv-show/scooby-doo-mystery-incorporated,8.2,22k,"Animation, Comedy, Crime, Fantasy, Horror, Kids & Family, Mystery & Thriller, Science-Fiction, Family Animation",United States,23,UA7+,2010
https://www.justwatch.com/in/tv-show/scorpion,7.1,64k,"Action & Adventure, Crime, Drama, Mystery & Thriller, Spies, Based On A True Story",United States,42,U,2014
https://www.justwatch.com/in/tv-show/secret-level,7.3,31k,"Action & Adventure, Animation, Fantasy, Science-Fiction, Epic Fantasy",United States,,,2024
https://www.justwatch.com/in/tv-show/secret-mission-undercover-agents-never-back-down,,,"Animation, Classic Japanese Anime",Japan,,,2023
https://www.justwatch.com/in/tv-show/see-you-at-work-tomorrow,,,"Comedy, Drama, Romance",South Korea,68,UA16+,2026
https://www.justwatch.com/in/tv-show/seher-hone-ko-hai,,,"Drama, Emotional Drama",India,26,UA13+,2025
https://www.justwatch.com/in/tv-show/seiren,6.7,1k,"Crime, Drama, Romance, Mystery Thriller",South Korea,,,2026
https://www.justwatch.com/in/tv-show/sex-and-the-city,7.4,160k,"Comedy, Drama, Romance, RomCom, Female Comedy, Chick Flicks",United States,29,U,1998
https://www.justwatch.com/in/tv-show/shaktimaan-a-powerful-man,8.1,5k,"Animation, Fantasy, Kids & Family, Science-Fiction, Bollywood, Action Adventure",India,42,U,1997
https://www.justwatch.com/in/tv-show/shameless,8.5,334k,"Comedy, Drama, Dramedy",United States,54,U,2011
https://www.justwatch.com/in/tv-show/shark-tank-india,8.6,4k,Reality TV,India,61,U,2021
https://www.justwatch.com/in/tv-show/she-hulk,5.2,209k,"Comedy, Science-Fiction, Action Adventure",United States,32,UA16+,2022
https://www.justwatch.com/in/tv-show/sherlock,,,"Crime, Drama, Mystery & Thriller, Made in Europe, Detective Crime",United Kingdom,88,A,2010
https://www.justwatch.com/in/tv-show/shiboyugi-playing-death-games-to-put-food-on-the-table,,,"Action & Adventure, Animation, Drama, Fantasy, Mystery & Thriller, Classic Japanese Anime",Japan,26,UA16+,2026
https://www.justwatch.com/in/tv-show/shikimoris-not-just-a-cutie,6.7,5k,"Animation, Comedy, Drama, Romance, Classic Japanese Anime",Japan,,,2022
https://www.justwatch.com/in/tv-show/shogun-2024,8.6,247k,"Action & Adventure, Drama, History, War & Military, Period Drama",United States,59,A,2024
https://www.justwatch.com/in/tv-show/shrimad-ramayan,8.9,2k,"Drama, Fantasy, Kids & Family, Romance, War & Military, Bollywood",India,23,U,2024
https://www.justwatch.com/in/tv-show/shubh-ratri,,,"Comedy, Drama, Bollywood",India,26,UA7+,2019
https://www.justwatch.com/in/tv-show/silicon-valley,8.5,182k,"Comedy, Sitcoms",United States,29,UA13+,2014
https://www.justwatch.com/in/tv-show/silo,8.1,216k,"Drama, Science-Fiction, Sci-Fi Drama",United States,50,A,2023
https://www.justwatch.com/in/tv-show/sirf-tum,,,"Drama, Romantic Drama",India,22,UA13+,2021
https://www.justwatch.com/in/tv-show/skins,8.2,100k,"Comedy, Drama, Made in Europe, Young Adult Drama",United Kingdom,46,UA,2007
https://www.justwatch.com/in/tv-show/skip-and-loafer,,,"Comedy, Drama, Classic Japanese Anime",Japan,,,2023
https://www.justwatch.com/in/tv-show/smallville,7.5,154k,"Action & Adventure, Documentary, Drama, Science-Fiction, Young Adult Drama, Superhero",United States,43,UA16+,2001
https://www.justwatch.com/in/tv-show/solo-leveling-2024,8.5,114k,"Action & Adventure, Animation, Fantasy, Science-Fiction, Classic Japanese Anime","Japan, South Korea",,,2024
https://www.justwatch.com/in/tv-show/soul-eater,7.8,14k,"Action & Adventure, Animation, Comedy, Fantasy, Horror, Science-Fiction, Classic Japanese Anime",Japan,24,UA13+,2008
https://www.justwatch.com/in/tv-show/spartacus,8.4,296k,"Drama, Romance, Action Adventure, Epic",United States,54,A,2010
https://www.justwatch.com/in/tv-show/special-ops,8.5,43k,"Action & Adventure, Crime, Drama, Mystery & Thriller, Action Thriller",India,49,UA13+,2020
https://www.justwatch.com/in/tv-show/spider-noir,7.8,47k,"Crime, Drama, Fantasy, Mystery & Thriller, Science-Fiction, Superhero, Action Adventure",United States,44,UA16+,2026
https://www.justwatch.com/in/tv-show/spring-fever,7.3,2k,"Comedy, Drama, Romance, RomCom",South Korea,62,UA16+,2026
https://www.justwatch.com/in/tv-show/spy-x-family,8.2,62k,"Action & Adventure, Animation, Comedy, Mystery & Thriller, Classic Japanese Anime",Japan,25,UA16+,2022
https://www.justwatch.com/in/tv-show/st-denis-medical,7.2,8k,"Comedy, Sitcoms",United States,,,2024
https://www.justwatch.com/in/tv-show/stanley-tucci-searching-for-italy,8.6,4k,"Documentary, Reality TV",United States,,,2021
https://www.justwatch.com/in/tv-show/star-wars-maul-shadow-lord,8.6,26k,"Action & Adventure, Animation, Crime, Kids & Family, Science-Fiction",United States,24,UA13+,2026
https://www.justwatch.com/in/tv-show/station-eleven,7.5,43k,"Drama, Fantasy, Mystery & Thriller, Science-Fiction, Post Apocalyptic World",United States,,,2021
https://www.justwatch.com/in/tv-show/steal,7.0,18k,"Action & Adventure, Crime, Drama, Heist, Mystery Thriller",United Kingdom,,,2026
https://www.justwatch.com/in/tv-show/succession,8.8,359k,"Comedy, Drama",United States,64,U,2018
https://www.justwatch.com/in/tv-show/suits,8.4,542k,"Comedy, Drama, Courtroom, Dramedy",United States,44,UA13+,2011
https://www.justwatch.com/in/tv-show/super-dancer,,,Reality TV,India,69,UA7+,2016
https://www.justwatch.com/in/tv-show/super-no-ura-de-yani-su-futari,,,"Animation, Comedy, Drama, Romance",Japan,17,UA13+,2026
https://www.justwatch.com/in/tv-show/superman-and-lois,7.8,50k,"Action & Adventure, Drama, Science-Fiction, Superhero",United States,,,2021
https://www.justwatch.com/in/tv-show/supernatural,8.4,541k,"Drama, Fantasy, Horror, Mystery & Thriller, Science-Fiction, Modern Fantasy, Dark Fantasy",United States,45,UA16+,2005
https://www.justwatch.com/in/tv-show/suzhal-the-vortex,8.1,11k,"Crime, Drama, Fantasy, Mystery Thriller",India,46,UA16+,2022
https://www.justwatch.com/in/tv-show/swaragini,,,"Kids & Family, Drama, Bollywood",India,,,2015
https://www.justwatch.com/in/tv-show/sword-art-online-alternative-gun-gale-online,6.8,3k,"Action & Adventure, Animation, Comedy, Drama, Fantasy, Science-Fiction, Classic Japanese Anime",Japan,23,UA16+,2018
https://www.justwatch.com/in/tv-show/sword-art-online-ii,7.5,54k,"Action & Adventure, Animation, Drama, Fantasy, Mystery & Thriller, Romance, Science-Fiction, Classic Japanese Anime",Japan,23,A,2012
https://www.justwatch.com/in/tv-show/taarak-mehta-ka-ooltah-chashmah,8.2,15k,"Comedy, Drama, Kids & Family, Bollywood",India,29,UA7+,2008
https://www.justwatch.com/in/tv-show/taaza-khabar,8.0,57k,"Action & Adventure, Comedy, Drama, Fantasy, Mystery & Thriller, Science-Fiction, Bollywood, Dramedy, Action Comedy",India,32,UA16+,2023
https://www.justwatch.com/in/tv-show/tabbar,8.2,5k,"Crime, Drama, Mystery & Thriller, Bollywood",India,39,A,2021
https://www.justwatch.com/in/tv-show/tadaima-okaeri,,,"Animation, Comedy, Drama, Classic Japanese Anime",Japan,,,2024
https://www.justwatch.com/in/tv-show/takopiis-original-sin,8.7,27k,"Animation, Drama, Science-Fiction, Classic Japanese Anime",Japan,26,A,2025
https://www.justwatch.com/in/tv-show/tale-of-the-nine-tailed,7.9,13k,"Comedy, Drama, Fantasy, History, Horror, Romance, Science-Fiction",South Korea,70,UA13+,2020
https://www.justwatch.com/in/tv-show/teen-wolf,7.7,179k,"Action & Adventure, Comedy, Drama, Fantasy, Mystery & Thriller, Romance, Science-Fiction, Young Adult Drama, Modern Fantasy",United States,42,U,2011
https://www.justwatch.com/in/tv-show/tell-me-lies,7.2,20k,"Drama, Mystery & Thriller, Romantic Drama",United States,53,A,2022
https://www.justwatch.com/in/tv-show/that-time-i-got-reincarnated-as-a-slime,8.0,25k,"Action & Adventure, Animation, Comedy, Fantasy, Science-Fiction, Classic Japanese Anime",Japan,24,UA16+,2018
https://www.justwatch.com/in/tv-show/the-100,7.5,305k,"Action & Adventure, Crime, Drama, Science-Fiction, Young Adult Drama, Young Adult Dystopia, Sci-Fi Drama, Post Apocalyptic World",United States,42,U,2014
https://www.justwatch.com/in/tv-show/the-100-girlfriends-who-really-really-really-really-really-love-you,6.9,4k,"Animation, Comedy, Romance, Classic Japanese Anime",Japan,,,2023
https://www.justwatch.com/in/tv-show/the-4400,7.3,48k,"Drama, Mystery & Thriller, Science-Fiction, Sci-Fi Drama",United States,,,2004
https://www.justwatch.com/in/tv-show/the-agency,7.4,29k,"Drama, Mystery Thriller","France, United States",,,2024
https://www.justwatch.com/in/tv-show/the-alliance,,,,India,,A,2026
https://www.justwatch.com/in/tv-show/the-americans,8.4,124k,"Crime, Drama, Mystery & Thriller, Spies",United States,48,U,2013
https://www.justwatch.com/in/tv-show/the-ancient-magus-bride,7.6,5k,"Animation, Drama, Fantasy, Horror, Romance, Science-Fiction, Classic Japanese Anime",Japan,,,2017
https://www.justwatch.com/in/tv-show/the-angel-next-door-spoils-me-rotten,7.8,7k,"Animation, Comedy, Drama, Romance, Classic Japanese Anime",Japan,,,2023
https://www.justwatch.com/in/tv-show/the-apothecary-diaries,8.6,25k,"Animation, Drama, History, Mystery & Thriller, Romance, Classic Japanese Anime",Japan,23,UA16+,2023
https://www.justwatch.com/in/tv-show/the-bear,8.5,311k,"Comedy, Drama, Psychological Drama, Dramedy",United States,35,A,2022
https://www.justwatch.com/in/tv-show/the-beauty,6.6,12k,"Drama, Horror, Science-Fiction, Emotional Drama",United States,,,2026
https://www.justwatch.com/in/tv-show/the-beginning-after-the-end,5.8,3k,"Action & Adventure, Animation, Drama, Fantasy, Classic Japanese Anime",Japan,22,UA16+,2025
https://www.justwatch.com/in/tv-show/the-big-bang-theory,8.1,939k,"Comedy, Romance, Sitcoms",United States,20,U,2007
https://www.justwatch.com/in/tv-show/the-big-c,8.1,20k,"Comedy, Drama, Dramedy, Sitcoms",United States,32,UA16+,2010
https://www.justwatch.com/in/tv-show/the-boys,8.5,999k,"Action & Adventure, Comedy, Crime, Drama, Science-Fiction, No Superhero",United States,62,A,2019
https://www.justwatch.com/in/tv-show/the-capture,8.0,34k,"Crime, Drama, Mystery Thriller",United Kingdom,,,2019
https://www.justwatch.com/in/tv-show/the-case-study-of-vanitas,7.6,3k,"Action & Adventure, Animation, Fantasy, Horror, Science-Fiction, Classic Japanese Anime",Japan,,,2021
https://www.justwatch.com/in/tv-show/the-day-of-the-jackal,8.1,133k,"Crime, Drama, Mystery & Thriller, Action Adventure","United Kingdom, United States",,,2024
https://www.justwatch.com/in/tv-show/the-devil-is-a-part-timer,7.4,10k,"Action & Adventure, Animation, Comedy, Fantasy, Science-Fiction, Classic Japanese Anime",Japan,,,2013
https://www.justwatch.com/in/tv-show/the-exiled-heavy-knight-knows-how-to-game-the-system,,,"Action & Adventure, Animation, Fantasy, Science-Fiction, Epic Fantasy, Classic Japanese Anime",Japan,,,2026
https://www.justwatch.com/in/tv-show/the-expanse,8.5,192k,"Drama, Science-Fiction, Sci-Fi Drama, Mystery Thriller, Tech Noir",United States,45,UA16+,2015
https://www.justwatch.com/in/tv-show/the-family-man,8.7,112k,"Action & Adventure, Comedy, Crime, Drama, Mystery & Thriller, Bollywood",India,47,A,2019
https://www.justwatch.com/in/tv-show/the-five-star-weekend,,,"Drama, Emotional Drama",United States,,,2026
https://www.justwatch.com/in/tv-show/the-flash,7.5,386k,"Action & Adventure, Drama, Science-Fiction, Superhero",United States,42,U,2014
https://www.justwatch.com/in/tv-show/the-god-of-high-school,7.2,9k,"Action & Adventure, Animation, Comedy, Fantasy, Science-Fiction, Sport, Classic Japanese Anime",Japan,,,2020
https://www.justwatch.com/in/tv-show/the-good-doctor,8.0,130k,"Drama, Emotional Drama",United States,43,U,2017
https://www.justwatch.com/in/tv-show/the-good-wife,8.3,89k,"Crime, Drama, Emotional Drama, Courtroom",United States,44,U,2009
https://www.justwatch.com/in/tv-show/the-great,8.1,65k,"Comedy, Drama, History, Dramedy, Period Drama",United States,,,2020
https://www.justwatch.com/in/tv-show/the-guest,8.0,2k,"Crime, Drama, Horror, Mystery Thriller",South Korea,66,UA16+,2018
https://www.justwatch.com/in/tv-show/the-house-of-the-spirits,7.7,1k,"Drama, Horror, Emotional Drama",United States,,,2026
https://www.justwatch.com/in/tv-show/the-hunt-the-rajiv-gandhi-assassination-case,7.9,5k,"Crime, Drama, History, Mystery & Thriller",India,49,All,2025
https://www.justwatch.com/in/tv-show/the-iceblade-sorcerer-shall-rule-the-world,6.4,1k,"Action & Adventure, Animation, Fantasy, Science-Fiction, Classic Japanese Anime",Japan,,,2023
https://www.justwatch.com/in/tv-show/the-irregular-at-magic-high-school,7.0,4k,"Action & Adventure, Animation, Drama, Fantasy, Romance, Science-Fiction, Classic Japanese Anime",Japan,23,A,2014
https://www.justwatch.com/in/tv-show/the-k2,7.7,12k,"Action & Adventure, Crime, Drama, Mystery & Thriller, Romance",South Korea,65,UA16+,2016
https://www.justwatch.com/in/tv-show/the-kapil-sharma-show,7.3,10k,"Comedy, Talkshows",India,68,UA13+,2016
https://www.justwatch.com/in/tv-show/the-killing-kind,5.9,1k,"Crime, Drama, Mystery Thriller",United Kingdom,,,2023
https://www.justwatch.com/in/tv-show/the-king-of-queens,7.4,95k,"Comedy, Sitcoms",United States,24,UA13+,1998
https://www.justwatch.com/in/tv-show/the-kingdoms-of-ruin,6.2,1k,"Action & Adventure, Animation, Drama, Fantasy, Science-Fiction, Classic Japanese Anime",Japan,,,2023
https://www.justwatch.com/in/tv-show/the-last-of-us,8.4,740k,"Action & Adventure, Drama, Horror, Mystery & Thriller, Science-Fiction, Video Game",United States,57,A,2023
https://www.justwatch.com/in/tv-show/the-leftovers,8.3,131k,"Drama, Fantasy, Mystery & Thriller, Science-Fiction, Sci-Fi Drama",United States,58,A,2014
https://www.justwatch.com/in/tv-show/the-legend-of-hanuman,9.1,13k,"Action & Adventure, Animation, Fantasy, Kids & Family, Science-Fiction, Western Animation",India,21,PG,2021
https://www.justwatch.com/in/tv-show/the-legend-of-korra,8.3,151k,"Action & Adventure, Animation, Drama, Fantasy, Kids & Family, Science-Fiction, Classic Japanese Anime",United States,23,U,2012
https://www.justwatch.com/in/tv-show/the-leveling-of-solo-leveling,,,"Animation, Documentary",United States,,,2024
https://www.justwatch.com/in/tv-show/the-lord-of-the-rings-the-rings-of-power,6.9,440k,"Action & Adventure, Drama, Fantasy, Science-Fiction, Epic Fantasy",United States,68,UA16+,2022
https://www.justwatch.com/in/tv-show/the-loyalty-game,,,"Drama, Mystery & Thriller",Philippines,,,2026
https://www.justwatch.com/in/tv-show/the-madison,7.8,20k,"Drama, Emotional Drama",United States,,,2026
https://www.justwatch.com/in/tv-show/the-man-in-the-high-castle,7.9,113k,"Drama, Mystery & Thriller, Science-Fiction, Sci-Fi Drama, Epic",United States,55,A,2015
https://www.justwatch.com/in/tv-show/the-manipulated,7.7,5k,"Action & Adventure, Crime, Drama, Mystery & Thriller",South Korea,,,2025
https://www.justwatch.com/in/tv-show/the-marvelous-mrs-maisel,8.6,158k,"Comedy, Drama, Dramedy",United States,55,UA16+,2017
https://www.justwatch.com/in/tv-show/the-mentalist,8.2,232k,"Crime, Drama, Mystery & Thriller, Detective Crime",United States,44,U,2008
https://www.justwatch.com/in/tv-show/the-middle,7.7,61k,"Comedy, Kids & Family, Sitcoms",United States,21,U,2009
https://www.justwatch.com/in/tv-show/the-misfit-of-demon-king-academy,7.1,7k,"Action & Adventure, Animation, Comedy, Fantasy, Romance, Science-Fiction, Classic Japanese Anime",Japan,,,2020
https://www.justwatch.com/in/tv-show/the-narrow-road-to-the-deep-north,7.2,4k,"Drama, Romance, War & Military, Romantic Drama","Australia, United States",,,2025
https://www.justwatch.com/in/tv-show/the-newsroom,8.6,135k,"Drama, Emotional Drama",United States,57,UA13+,2012
https://www.justwatch.com/in/tv-show/the-night-manager,8.0,139k,"Crime, Drama, Mystery & Thriller, Made in Europe, Spies, Organized Crime",United Kingdom,56,A,2016
https://www.justwatch.com/in/tv-show/the-night-of,8.4,176k,"Crime, Drama, Mystery Thriller",United States,65,A,2016
https://www.justwatch.com/in/tv-show/the-o-c,7.6,104k,"Comedy, Drama, Romance, Young Adult Drama, Dramedy",United States,43,U,2003
https://www.justwatch.com/in/tv-show/the-office,9.0,837k,"Comedy, Sitcoms",United States,24,U,2005
https://www.justwatch.com/in/tv-show/the-originals,8.2,161k,"Drama, Fantasy, Horror, Mystery & Thriller, Science-Fiction, Modern Fantasy",United States,43,U,2013
https://www.justwatch.com/in/tv-show/the-ossan-newbie-adventurer-trained-to-death-by-the-most-powerful-party-became-invincible-2024,7.2,2k,"Action & Adventure, Animation, Comedy, Fantasy, Science-Fiction, Classic Japanese Anime",Japan,,,2024
https://www.justwatch.com/in/tv-show/the-outer-limits,7.7,14k,"Drama, Fantasy, Horror, Mystery & Thriller, Science-Fiction, Sci-Fi Drama, SciFi Horror",United States,,,1995
https://www.justwatch.com/in/tv-show/the-outsider,7.6,116k,"Crime, Drama, Horror, Detective Crime, Mystery Thriller",United States,57,UA13+,2020
https://www.justwatch.com/in/tv-show/the-penguin,8.6,241k,"Crime, Drama, Fantasy, Superhero, Organized Crime",United States,58,A,2024
https://www.justwatch.com/in/tv-show/the-peripheral,7.5,91k,"Drama, Mystery & Thriller, Science-Fiction, Sci-Fi Drama",United States,62,UA16+,2022
https://www.justwatch.com/in/tv-show/the-pitt,8.9,155k,"Drama, Emotional Drama, Action Adventure",United States,,,2025
https://www.justwatch.com/in/tv-show/the-pradeeps-of-pittsburgh,6.1,1k,"Comedy, Drama, Dramedy","Canada, United States",,,2024
https://www.justwatch.com/in/tv-show/the-prince-of-tennis,,,"Action & Adventure, Animation, Comedy, Drama, Sport, Classic Japanese Anime",Japan,,,2001
https://www.justwatch.com/in/tv-show/the-promised-neverland,8.1,58k,"Action & Adventure, Animation, Drama, Fantasy, Horror, Mystery & Thriller, Science-Fiction, Classic Japanese Anime",Japan,23,UA16+,2019
https://www.justwatch.com/in/tv-show/the-pyramid-scheme,,,"Comedy, Drama, Dramedy",India,42,UA13+,2026
https://www.justwatch.com/in/tv-show/the-reason-why-raeliana-ended-up-at-the-dukes-mansion,7.4,2k,"Animation, Comedy, Drama, Fantasy, Mystery & Thriller, Romance, Science-Fiction, Classic Japanese Anime",Japan,23,UA16+,2023
https://www.justwatch.com/in/tv-show/the-scarecrow,8.3,1k,"Crime, Drama, Mystery Thriller",South Korea,,,2026
https://www.justwatch.com/in/tv-show/the-seven-deadly-sins,7.6,46k,"Action & Adventure, Animation, Comedy, Fantasy, Science-Fiction, Classic Japanese Anime",Japan,25,UA16+,2014
https://www.justwatch.com/in/tv-show/the-sex-lives-of-college-girls,7.7,35k,"Comedy, Drama, Female Comedy",United States,29,A,2021
https://www.justwatch.com/in/tv-show/the-sopranos,9.2,583k,"Crime, Drama, Organized Crime",United States,55,A,1999
https://www.justwatch.com/in/tv-show/the-strongest-job-is-apparently-not-a-hero-or-a-sage-but-an-appraiser-provisional,,,"Action & Adventure, Animation, Comedy, Drama, Fantasy, Science-Fiction",Japan,,,2026
https://www.justwatch.com/in/tv-show/the-strongest-sage-with-the-weakest-crest,6.3,2k,"Action & Adventure, Animation, Comedy, Fantasy, Science-Fiction, Classic Japanese Anime",Japan,,,2022
https://www.justwatch.com/in/tv-show/the-summer-i-turned-pretty,7.2,74k,"Drama, Romance, Romantic Drama",United States,54,UA16+,2022
https://www.justwatch.com/in/tv-show/the-terminal-list,7.9,128k,"Action & Adventure, Drama, Mystery & Thriller, Action Thriller",United States,58,A,2022
https://www.justwatch.com/in/tv-show/the-traitors-2024,,,Reality TV,India,62,A,2025
https://www.justwatch.com/in/tv-show/the-tudors,8.1,87k,"Drama, History, Romance, War & Military, Made in Europe, Period Drama, Epic",United States,53,A,2007
https://www.justwatch.com/in/tv-show/the-vampire-diaries,7.7,384k,"Drama, Fantasy, Horror, Mystery & Thriller, Romance, Science-Fiction, Young Adult Drama, Modern Fantasy",United States,42,U,2009
https://www.justwatch.com/in/tv-show/the-walking-dead-dead-city,7.0,34k,"Action & Adventure, Drama, Horror, Mystery & Thriller, Science-Fiction",United States,,,2023
https://www.justwatch.com/in/tv-show/the-white-lotus,8.0,327k,"Comedy, Drama, Dramedy",United States,62,A,2021
https://www.justwatch.com/in/tv-show/the-white-princess,7.5,18k,"Drama, History, Romance, War & Military, Made in Europe, Period Drama",United States,,,2017
https://www.justwatch.com/in/tv-show/the-winter-king,6.0,6k,"Action & Adventure, Drama, Fantasy, Science-Fiction, Period Drama","United Kingdom, United States",,,2023
https://www.justwatch.com/in/tv-show/the-wire,9.3,433k,"Crime, Drama, Mystery & Thriller, Organized Crime, Detective Crime",United States,59,UA13+,2002
https://www.justwatch.com/in/tv-show/the-worst-of-evil,8.3,8k,"Action & Adventure, Crime, Drama, Mystery & Thriller, Action Thriller",South Korea,,,2023
https://www.justwatch.com/in/tv-show/the-wrong-way-to-use-healing-magic,7.3,4k,"Action & Adventure, Animation, Comedy, Fantasy, Science-Fiction, Classic Japanese Anime",Japan,23,UA16+,2024
https://www.justwatch.com/in/tv-show/this-city-is-ours,7.8,10k,"Crime, Drama, Organized Crime",United Kingdom,,,2025
https://www.justwatch.com/in/tv-show/this-is-us,8.7,174k,"Comedy, Drama, Romance, Dramedy, Romantic Drama",United States,43,U,2016
https://www.justwatch.com/in/tv-show/those-about-to-die,6.7,22k,"Action & Adventure, Drama, History, Dramedy","Germany, Italy, United States",,,2024
https://www.justwatch.com/in/tv-show/thukra-ke-mera-pyaar,6.5,3k,"Drama, Romance, Bollywood, Romantic Drama",India,23,UA16+,2024
https://www.justwatch.com/in/tv-show/to-your-eternity,8.3,13k,"Action & Adventure, Animation, Drama, Fantasy, Science-Fiction, Classic Japanese Anime",Japan,25,UA13+,2021
https://www.justwatch.com/in/tv-show/tokyo-ghoul,7.7,83k,"Action & Adventure, Animation, Drama, Fantasy, Horror, Mystery & Thriller, Science-Fiction, Classic Japanese Anime",Japan,24,A,2014
https://www.justwatch.com/in/tv-show/tokyo-revengers,7.7,33k,"Action & Adventure, Animation, Drama, Classic Japanese Anime",Japan,24,UA16+,2021
https://www.justwatch.com/in/tv-show/tom-clancys-jack-ryan,8.0,194k,"Action & Adventure, Crime, Drama, Mystery & Thriller, Spies, Action Thriller",United States,51,UA16+,2018
https://www.justwatch.com/in/tv-show/tomo-chan-is-a-girl,7.5,5k,"Animation, Comedy, Drama, Romance, Classic Japanese Anime",Japan,,,2023
https://www.justwatch.com/in/tv-show/tomorrow-with-you,7.4,1k,"Drama, Fantasy, Romance, Romantic Drama",South Korea,65,UA13+,2017
https://www.justwatch.com/in/tv-show/tracker-2024,7.1,30k,"Action & Adventure, Crime, Drama, Detective Crime",United States,,,2024
https://www.justwatch.com/in/tv-show/trapped-in-a-dating-sim-the-world-of-otome-games-is-tough-for-mobs,,,"Animation, Comedy, Science-Fiction, Classic Japanese Anime",Japan,,,2022
https://www.justwatch.com/in/tv-show/true-detective,8.8,759k,"Crime, Drama, Mystery & Thriller, Dark Crime, Detective Crime",United States,61,U,2014
https://www.justwatch.com/in/tv-show/tsukimichi-moonlit-fantasy,,,"Action & Adventure, Animation, Comedy, Science-Fiction, Classic Japanese Anime",Japan,23,UA13+,2021
https://www.justwatch.com/in/tv-show/tu-juliet-jatt-di,,,"Drama, Romance",India,24,UA13+,2025
https://www.justwatch.com/in/tv-show/tucci-in-italy,8.0,1k,Documentary,United States,,,2025
https://www.justwatch.com/in/tv-show/tulsa-king,7.9,118k,"Action & Adventure, Crime, Drama, Organized Crime",United States,40,A,2022
https://www.justwatch.com/in/tv-show/twin-peaks-2017,8.5,90k,"Crime, Drama, Horror, Dark Crime, Mystery Thriller",United States,56,A,2017
https://www.justwatch.com/in/tv-show/twisted-metal,7.3,40k,"Comedy, Drama, Fantasy, Mystery & Thriller, Science-Fiction, Sport, Action Adventure, Action Comedy",United States,,,2023
https://www.justwatch.com/in/tv-show/two-and-a-half-men,7.1,298k,"Comedy, Romance, Sitcoms",United States,22,U,2003
https://www.justwatch.com/in/tv-show/tying-the-knot-with-an-amagami-sister,6.5,1k,"Animation, Comedy, Drama, Romance, Dramedy",Japan,,,2024
https://www.justwatch.com/in/tv-show/undekhi,,,"Crime, Drama, Bollywood",India,38,A,2020
https://www.justwatch.com/in/tv-show/under-the-dome,6.5,118k,"Drama, Mystery & Thriller, Science-Fiction, Sci-Fi Drama",United States,43,UA16+,2013
https://www.justwatch.com/in/tv-show/undercover-high-school,,,"Action & Adventure, Comedy, Drama, Action Comedy",South Korea,,,2025
https://www.justwatch.com/in/tv-show/unexpectedly-naughty-fukami,,,"Animation, Comedy, Drama, Romance, Classic Japanese Anime",Japan,,,2025
https://www.justwatch.com/in/tv-show/vadhandhi,7.9,6k,"Crime, Drama, Mystery & Thriller, Bollywood",India,49,UA16+,2022
https://www.justwatch.com/in/tv-show/vampire-knight,7.1,6k,"Action & Adventure, Animation, Drama, Fantasy, Horror, Kids & Family, Mystery & Thriller, Romance, Science-Fiction, Classic Japanese Anime",Japan,,,2008
https://www.justwatch.com/in/tv-show/vice-principals,8.0,38k,Comedy,United States,,,2016
https://www.justwatch.com/in/tv-show/vigilante,7.7,4k,"Action & Adventure, Crime, Drama, Mystery & Thriller, Action Thriller",South Korea,,,2023
https://www.justwatch.com/in/tv-show/vikram-on-duty,,,"Crime, Mystery & Thriller, Action Thriller",India,22,A,2026
https://www.justwatch.com/in/tv-show/villainess-level-99-i-may-be-the-hidden-boss-but-im-not-the-demon-lord,6.7,1k,"Action & Adventure, Animation, Comedy, Fantasy, Science-Fiction, Classic Japanese Anime",Japan,,,2024
https://www.justwatch.com/in/tv-show/vinland-saga,8.9,142k,"Action & Adventure, Animation, Drama, History, War & Military, Classic Japanese Anime",Japan,25,A,2019
https://www.justwatch.com/in/tv-show/war-of-the-worlds,6.5,20k,"Drama, Science-Fiction, Sci-Fi Military, Sci-Fi Drama",France,,,2019
https://www.justwatch.com/in/tv-show/warrior-2019,8.4,53k,"Action & Adventure, Crime, Drama, History, Western, Martial Art",United States,53,A,2019
https://www.justwatch.com/in/tv-show/we-were-liars,6.8,18k,"Drama, Mystery & Thriller, Romance, Psychological Drama",United States,56,A,2025
https://www.justwatch.com/in/tv-show/welcome-to-demon-school-iruma-kun,7.6,3k,"Animation, Comedy, Drama, Fantasy, Science-Fiction, Classic Japanese Anime",Japan,24,UA13+,2019
https://www.justwatch.com/in/tv-show/welcome-to-derry,7.9,111k,"Drama, Fantasy, Horror, Horror Thriller",United States,60,A,2025
https://www.justwatch.com/in/tv-show/welcome-to-the-n-h-k,8.2,10k,"Animation, Comedy, Drama, Mystery & Thriller, Romance, Classic Japanese Anime",Japan,,,2006
https://www.justwatch.com/in/tv-show/welcome-to-wrexham,8.3,25k,"Documentary, Sport, Reality TV",United States,34,UA16+,2022
https://www.justwatch.com/in/tv-show/what-name-should-i-give-this-love,7.6,4k,"Drama, Romance, Romantic Drama, Like, Dislike, Lists, Seen all, Sign in, to sync Watchlist",India,22,PG,2011
https://www.justwatch.com/in/tv-show/white-collar,8.2,153k,"Comedy, Crime, Drama, Mystery & Thriller, Detective Crime",United States,44,U,2009
https://www.justwatch.com/in/tv-show/who-made-me-a-princess,,,"Animation, Comedy, Drama, Fantasy, Romance, Science-Fiction",China,,,2025
https://www.justwatch.com/in/tv-show/wind-breaker,7.4,9k,"Action & Adventure, Animation, Comedy, Drama, Classic Japanese Anime",Japan,23,UA16+,2024
https://www.justwatch.com/in/tv-show/wistoria-wand-and-sword,7.7,6k,"Action & Adventure, Animation, Drama, Fantasy, Science-Fiction, Classic Japanese Anime",Japan,23,A,2024
https://www.justwatch.com/in/tv-show/wonder-man-0,7.4,35k,"Comedy, Drama, Fantasy, Science-Fiction, Action Adventure, Action Comedy",United States,,,2026
https://www.justwatch.com/in/tv-show/worlds-most-dangerous-roads,,,"Documentary, Made in Europe, Reality TV",United Kingdom,54,U,2011
https://www.justwatch.com/in/tv-show/x-men-97,8.7,53k,"Action & Adventure, Animation, Drama, Science-Fiction, Western Animation",United States,,,2024
https://www.justwatch.com/in/tv-show/yandere-dark-elf-she-chased-me-all-the-way-from-another-world,,,"Animation, Comedy, Fantasy, Romance, Science-Fiction, Classic Japanese Anime",Japan,12,A,2025
https://www.justwatch.com/in/tv-show/yeh-rishtey-hain-pyaar-ke,7.1,2k,"Drama, Kids & Family, Bollywood",India,21,PG,2019
https://www.justwatch.com/in/tv-show/yeh-un-dinon-ki-baat-hai,8.5,2k,"Drama, Romance, Romantic Drama, Like, Dislike, Lists, Seen all, Sign in, to sync Watchlist",India,21,UA,2017
https://www.justwatch.com/in/tv-show/yellowjackets,7.7,115k,"Drama, Horror, Action Adventure, Mystery Thriller",United States,57,UA16+,2021
https://www.justwatch.com/in/tv-show/yellowstone,8.6,314k,"Drama, Western, Period Drama",United States,51,A,2018
https://www.justwatch.com/in/tv-show/yoasobi-gurashi,,,"Animation, Drama, Romance, Classic Japanese Anime",Japan,,,2024
https://www.justwatch.com/in/tv-show/young-sheldon,7.7,149k,"Comedy, Drama, Sitcoms",United States,19,U,2017
https://www.justwatch.com/in/tv-show/young-sherlock,7.5,30k,"Drama, Mystery & Thriller, Action Adventure","United Kingdom, United States",,,2026
https://www.justwatch.com/in/tv-show/your-honor-2020,7.6,79k,"Crime, Drama, Mystery & Thriller, Courtroom",United States,56,A,2020
https://www.justwatch.com/in/tv-show/your-lie-in-april,8.5,39k,"Animation, Comedy, Drama, Music & Musical, Romance, Classic Japanese Anime",Japan,,,2014
https://www.justwatch.com/in/tv-show/yuri-on-ice,8.2,12k,"Animation, Comedy, Drama, Romance, Sport, Classic Japanese Anime",Japan,,,2016
https://www.justwatch.com/in/tv-show/zom-100-bucket-list-of-the-dead,7.3,13k,"Action & Adventure, Animation, Comedy, Fantasy, Horror, Science-Fiction, Classic Japanese Anime",Japan,24,UA16+,2023
