title,type,genre,release_year,imdb_rating,imdb_votes,platform,content_origin,production_country,runtime_min,age_rating,url
Dhurandhar: The Revenge,movie,"Action & Adventure, Crime, Mystery & Thriller",2026.0,8.3,62k,JioHotstar,Indian,India,235.0,A,https://www.justwatch.com/in/movie/dhurandhar-the-revenge
Trikala: Script of God,movie,Mystery & Thriller,2026.0,,,JioHotstar,Indian,India,127.0,A,https://www.justwatch.com/in/movie/trikala-script-of-god
Dhurandhar,movie,"Action & Adventure, Crime, Drama, Mystery & Thriller, Action Thriller",2025.0,8.3,143k,JioHotstar,Indian,India,214.0,A,https://www.justwatch.com/in/movie/dhurandhar-2025
Dridam,movie,"Crime, Drama, Mystery & Thriller, Bollywood",2026.0,7.0,3k,JioHotstar,Indian,India,127.0,UA16+,https://www.justwatch.com/in/movie/dridam
Mollywood Times,movie,"Comedy, Drama",2026.0,7.5,2k,JioHotstar,Indian,India,150.0,UA16+,https://www.justwatch.com/in/movie/mollywood-times
Evil Dead Rise,movie,"Horror, Mystery & Thriller, Horror Thriller, Dark Fantasy",2023.0,6.5,169k,JioHotstar,International,"Ireland, New Zealand, United States",96.0,A,https://www.justwatch.com/in/movie/evil-dead-rise
Spider-Man: No Way Home,movie,"Action & Adventure, Fantasy, Science-Fiction, Superhero",2021.0,,,JioHotstar,International,United States,148.0,UA,https://www.justwatch.com/in/movie/spider-man-no-way-home
Avatar: Fire and Ash,movie,"Drama, Fantasy, Science-Fiction, Action Adventure",2025.0,7.2,176k,JioHotstar,International,United States,198.0,UA16+,https://www.justwatch.com/in/movie/avatar-3
Send Help,movie,"Comedy, Horror, Mystery & Thriller, Horror Thriller",2026.0,6.7,126k,JioHotstar,International,United States,113.0,A,https://www.justwatch.com/in/movie/send-help
Fifty Shades of Grey,movie,"Drama, Mystery & Thriller, Romance, Romantic Thriller, Chick Flicks, Romantic Drama",2015.0,4.2,357k,JioHotstar,International,United States,,,https://www.justwatch.com/in/movie/fifty-shades-of-grey
How to Have Sex,movie,"Drama, Emotional Drama",2023.0,6.4,23k,JioHotstar,International,"Belgium, France, United Kingdom, Greece",,,https://www.justwatch.com/in/movie/how-to-have-sex
Tell Me What You Want,movie,"Documentary, Drama, Mystery & Thriller, Romance, Romantic Thriller, Romantic Drama",2024.0,4.1,2k,JioHotstar,International,Spain,114.0,A,https://www.justwatch.com/in/movie/pideme-lo-que-quieras
Together,movie,"Horror, Romance, Science-Fiction, RomCom",2025.0,6.7,82k,JioHotstar,International,"Australia, United States",102.0,A,https://www.justwatch.com/in/movie/together-2025
Ugly story,movie,"Drama, Mystery & Thriller, Romance",2026.0,,,JioHotstar,Indian,India,123.0,A,https://www.justwatch.com/in/movie/ugly-story
Sambhavam Adhyayam Onnu,movie,"Drama, Fantasy, Mystery & Thriller, Psychological Thriller",2026.0,7.4,6k,JioHotstar,Indian,India,127.0,UA13+,https://www.justwatch.com/in/movie/sambhavam-adhyayam-onnu
Shiddat,movie,"Drama, Romance, Bollywood",2021.0,7.6,27k,JioHotstar,Indian,"United Kingdom, India",146.0,UA,https://www.justwatch.com/in/movie/shiddat-2021
Hoppers,movie,"Action & Adventure, Animation, Comedy, Kids & Family, Science-Fiction, Family Animation",2026.0,7.3,65k,JioHotstar,International,United States,104.0,UA7+,https://www.justwatch.com/in/movie/hoppers
The Wolf of Wall Street,movie,"Comedy, Crime, Drama, Biopics, Based On A True Story",2013.0,,,JioHotstar,International,United States,180.0,A,https://www.justwatch.com/in/movie/the-wolf-of-wall-street
Interstellar,movie,"Action & Adventure, Drama, Science-Fiction, Sci-Fi Drama",2014.0,,,JioHotstar,International,"Canada, United Kingdom, United States",169.0,UA,https://www.justwatch.com/in/movie/interstellar
Companion,movie,"Horror, Science-Fiction, Mystery Thriller",2025.0,6.9,180k,JioHotstar,International,United States,97.0,A,https://www.justwatch.com/in/movie/companion-2025
Dangal,movie,"Action & Adventure, Comedy, Drama, Kids & Family, Sport, Bollywood",2016.0,8.3,244k,JioHotstar,Indian,India,161.0,U,https://www.justwatch.com/in/movie/dangal
Harry Potter and the Philosopher's Stone,movie,"Action & Adventure, Fantasy, Kids & Family, Epic Fantasy",2001.0,7.7,954k,JioHotstar,International,"United Kingdom, United States",152.0,U,https://www.justwatch.com/in/movie/harry-potter-and-the-philosophers-stone
Love Sonia,movie,"Drama, Bollywood",2018.0,7.4,2k,JioHotstar,Indian,India,126.0,A,https://www.justwatch.com/in/movie/love-sonia
Titanic,movie,"Drama, Romance, Romantic Epic",1997.0,,,JioHotstar,International,United States,194.0,UA,https://www.justwatch.com/in/movie/titanic
Hridayam,movie,"Drama, Romance, Romantic Drama",2022.0,8.0,21k,JioHotstar,Indian,India,172.0,U,https://www.justwatch.com/in/movie/hridayam
300,movie,"Action & Adventure, Drama, War & Military, Epic Fantasy, Epic",2007.0,7.6,914k,JioHotstar,International,"Bulgaria, Canada, United States",117.0,A,https://www.justwatch.com/in/movie/300
Geetha Govindam,movie,"Comedy, Drama, Romance, Bollywood",2018.0,7.7,17k,JioHotstar,Indian,India,148.0,UA,https://www.justwatch.com/in/movie/geetha-govindam
Rangasthalam,movie,"Action & Adventure, Drama, Bollywood",2018.0,8.2,31k,JioHotstar,Indian,India,179.0,UA,https://www.justwatch.com/in/movie/rangasthalam
Inception,movie,"Action & Adventure, Mystery & Thriller, Science-Fiction, Cerebral, Action Thriller",2010.0,,,JioHotstar,International,"United Kingdom, United States",148.0,UA,https://www.justwatch.com/in/movie/inception
Iron Man,movie,"Action & Adventure, Science-Fiction, Superhero",2008.0,,,JioHotstar,International,United States,126.0,UA,https://www.justwatch.com/in/movie/iron-man
The Lunchbox,movie,"Drama, Romance, Bollywood",2013.0,7.8,68k,JioHotstar,Indian,"Germany, France, India, United States",104.0,U,https://www.justwatch.com/in/movie/the-lunchbox
Strange Days,movie,"Crime, Drama, Mystery & Thriller, Science-Fiction, Cyberpunk, Action Thriller",1995.0,7.2,85k,JioHotstar,International,United States,145.0,U,https://www.justwatch.com/in/movie/strange-days
The Amazing Spider-Man,movie,"Action & Adventure, Science-Fiction, Superhero",2012.0,6.9,768k,JioHotstar,International,United States,137.0,UA,https://www.justwatch.com/in/movie/the-amazing-spider-man
Pirates of the Caribbean: The Curse of the Black Pearl,movie,"Fantasy, Epic Fantasy, Action Adventure",2003.0,,,JioHotstar,International,United States,143.0,UA,https://www.justwatch.com/in/movie/pirates-of-the-caribbean-the-curse-of-the-black-pearl
The Lord of the Rings: The Fellowship of the Ring,movie,"Action & Adventure, Drama, Fantasy, Epic Fantasy",2001.0,,,JioHotstar,International,"New Zealand, United States",228.0,U,https://www.justwatch.com/in/movie/the-lord-of-the-rings-the-fellowship-of-the-ring
Chhichhore,movie,"Comedy, Drama, Romance, Bollywood",2019.0,8.3,73k,JioHotstar,Indian,India,146.0,U,https://www.justwatch.com/in/movie/chhichhore
Avengers: Infinity War,movie,"Action & Adventure, Science-Fiction, Superhero",2018.0,,,JioHotstar,International,United States,149.0,UA,https://www.justwatch.com/in/movie/avengers-infinity-war
Weapons,movie,"Horror, Mystery & Thriller, Horror Thriller",2025.0,7.4,372k,JioHotstar,International,United States,129.0,A,https://www.justwatch.com/in/movie/weapons-2025
Bugonia,movie,"Comedy, Crime, Mystery & Thriller, Science-Fiction, Sci-Fi Comedy",2025.0,7.4,202k,JioHotstar,International,"Canada, Ireland, South Korea, United States",119.0,A,https://www.justwatch.com/in/movie/bugonia
Bāhubali: The Beginning,movie,"Action & Adventure, Drama, Bollywood",2015.0,8.0,154k,JioHotstar,Indian,India,159.0,UA,https://www.justwatch.com/in/movie/baahubali-the-beginning
The Devil's Bride,movie,"Horror, Mystery & Thriller, Horror Thriller",2025.0,,,JioHotstar,International,Indonesia,91.0,A,https://www.justwatch.com/in/movie/the-devils-bride
K.G.F: Chapter 1,movie,"Action & Adventure, Crime, Drama, Mystery & Thriller, Bollywood",2018.0,8.1,111k,JioHotstar,Indian,India,156.0,UA,https://www.justwatch.com/in/movie/k-g-f-chapter-1
Sisu,movie,"Action & Adventure, Mystery & Thriller, War & Military, War Epics",2023.0,6.9,123k,JioHotstar,International,"Finland, United Kingdom, United States",91.0,A,https://www.justwatch.com/in/movie/sisu-2023
The Brutalist,movie,"Drama, Psychological Drama",2024.0,7.2,154k,JioHotstar,International,"United Kingdom, United States",215.0,A,https://www.justwatch.com/in/movie/the-brutalist
Spider-Man: Far From Home,movie,"Action & Adventure, Comedy, Fantasy, Science-Fiction, Superhero",2019.0,7.3,643k,JioHotstar,International,United States,130.0,UA,https://www.justwatch.com/in/movie/spider-man-far-from-home
Sing 2,movie,"Animation, Comedy, Kids & Family, Music & Musical, Animated Musical",2021.0,7.3,101k,JioHotstar,International,United States,110.0,U,https://www.justwatch.com/in/movie/sing-2
Toy Story,movie,"Action & Adventure, Animation, Comedy, Fantasy, Kids & Family, Pixar, Family Animation",1995.0,,,JioHotstar,International,United States,81.0,U,https://www.justwatch.com/in/movie/toy-story
First Man,movie,"Drama, History, Biopics",2018.0,7.3,217k,JioHotstar,International,United States,138.0,UA,https://www.justwatch.com/in/movie/first-man
Atonement,movie,"Drama, Romance, War & Military, Romantic Epic",2007.0,7.8,330k,JioHotstar,International,"France, United Kingdom, United States",123.0,UA,https://www.justwatch.com/in/movie/atonement
Superman,movie,"Action & Adventure, Science-Fiction, Superhero",2025.0,7.0,421k,JioHotstar,International,United States,130.0,UA13+,https://www.justwatch.com/in/movie/superman-2025
Hello!,movie,"Action & Adventure, Drama, Horror, Mystery & Thriller, Romance, Bollywood",2017.0,7.4,3k,JioHotstar,Indian,India,131.0,U,https://www.justwatch.com/in/movie/hello-2017
Ved,movie,"Drama, Romance, Romantic Drama",2022.0,7.2,5k,JioHotstar,Indian,India,148.0,UA,https://www.justwatch.com/in/movie/ved
Man of Steel,movie,"Action & Adventure, Science-Fiction, Superhero",2013.0,7.1,869k,JioHotstar,International,"United Kingdom, United States",143.0,UA,https://www.justwatch.com/in/movie/man-of-steel
The Godfather,movie,"Crime, Drama, Organized Crime",1972.0,,,JioHotstar,International,United States,175.0,UA,https://www.justwatch.com/in/movie/the-godfather
12th Fail,movie,"Drama, Bollywood, Based On A True Story",2023.0,8.7,173k,JioHotstar,Indian,India,146.0,U,https://www.justwatch.com/in/movie/12th-fail
Inglourious Basterds,movie,"Drama, Mystery & Thriller, War & Military, War Drama, War Epics",2009.0,,,JioHotstar,International,"Germany, United States",153.0,A,https://www.justwatch.com/in/movie/inglourious-basterds
Wardriver,movie,"Crime, Mystery & Thriller",2026.0,5.5,1k,JioHotstar,International,United States,93.0,UA16+,https://www.justwatch.com/in/movie/wardriver
Oppenheimer,movie,"Drama, History, War Drama, Biopics",2023.0,,,JioHotstar,International,"United Kingdom, United States",181.0,UA,https://www.justwatch.com/in/movie/oppenheimer
Total Dhamaal,movie,"Action & Adventure, Comedy, Action Comedy",2019.0,4.3,9k,JioHotstar,Indian,India,127.0,U,https://www.justwatch.com/in/movie/total-dhamaal
Jumanji: Welcome to the Jungle,movie,"Comedy, Fantasy, Action Adventure",2017.0,6.9,505k,JioHotstar,International,United States,119.0,UA,https://www.justwatch.com/in/movie/jumanji-welcome-to-the-jungle
The Devil Wears Prada,movie,"Comedy, Drama, Chick Flicks, Dramedy",2006.0,7.0,557k,JioHotstar,International,United States,109.0,UA,https://www.justwatch.com/in/movie/the-devil-wears-prada
The Dark Knight,movie,"Action & Adventure, Crime, Mystery & Thriller, Superhero, Action Thriller",2008.0,,,JioHotstar,International,"United Kingdom, United States",152.0,UA,https://www.justwatch.com/in/movie/the-dark-knight
Sinners,movie,"Action & Adventure, Horror, Mystery & Thriller, Horror Thriller",2025.0,7.5,494k,JioHotstar,International,"Australia, Canada, United States",137.0,A,https://www.justwatch.com/in/movie/sinners-2025
The RajaSaab,movie,"Action & Adventure, Comedy, Fantasy, Horror, RomCom, Horror Comedy",2026.0,3.1,11k,JioHotstar,Indian,India,190.0,UA16+,https://www.justwatch.com/in/movie/the-raja-saab
The Matrix,movie,"Action & Adventure, Science-Fiction, Cerebral, Cyberpunk, Tech Noir",1999.0,,,JioHotstar,International,United States,136.0,A,https://www.justwatch.com/in/movie/the-matrix
Shutter Island,movie,"Drama, Horror Thriller, Mystery Thriller, Psychological Thriller",2010.0,,,JioHotstar,International,United States,138.0,A,https://www.justwatch.com/in/movie/shutter-island
Ford v Ferrari,movie,"Action & Adventure, Drama, History, Sport, Biopics, Based On A True Story",2019.0,8.1,495k,JioHotstar,International,United States,153.0,UA,https://www.justwatch.com/in/movie/ford-v-ferrari
The Avengers,movie,"Action & Adventure, Science-Fiction, Superhero",2012.0,,,JioHotstar,International,United States,143.0,UA,https://www.justwatch.com/in/movie/the-avengers
Marco,movie,"Action & Adventure, Crime, Mystery & Thriller, Bollywood",2024.0,6.5,25k,JioHotstar,Indian,India,145.0,A,https://www.justwatch.com/in/movie/marco-2024
Dead Poets Society,movie,"Comedy, Drama, Dramedy",1989.0,8.1,657k,JioHotstar,International,United States,129.0,U,https://www.justwatch.com/in/movie/dead-poets-society
Blade Runner 2049,movie,"Action & Adventure, Drama, Mystery & Thriller, Science-Fiction, Post Apocalyptic World, Cyberpunk",2017.0,8.0,757k,JioHotstar,International,"Canada, United Kingdom, United States",164.0,A,https://www.justwatch.com/in/movie/blade-runner-2049
About Time,movie,"Comedy, Drama, Fantasy, Romance, Science-Fiction, Made in Europe, RomCom, Modern Fantasy, Dramedy, Romantic Drama",2013.0,7.8,436k,JioHotstar,International,"United Kingdom, United States",123.0,UA16+,https://www.justwatch.com/in/movie/about-time
Avatar,movie,"Action & Adventure, Fantasy, Science-Fiction, Sci-Fi Military, Epic Fantasy",2009.0,,,JioHotstar,International,"United Kingdom, United States",162.0,UA,https://www.justwatch.com/in/movie/avatar
Sarkar,movie,"Action & Adventure, Drama, Bollywood",2018.0,6.7,22k,JioHotstar,Indian,India,164.0,UA,https://www.justwatch.com/in/movie/sarkar-2018
Catch Me If You Can,movie,"Crime, Drama, Based On A True Story",2002.0,,,JioHotstar,International,United States,141.0,A,https://www.justwatch.com/in/movie/catch-me-if-you-can
Drishyam,movie,"Crime, Drama, Mystery & Thriller, Bollywood",2015.0,8.2,109k,JioHotstar,Indian,India,169.0,UA13+,https://www.justwatch.com/in/movie/drishyam
Train to Busan,movie,"Action & Adventure, Horror, Mystery & Thriller",2016.0,7.6,309k,JioHotstar,International,South Korea,118.0,A,https://www.justwatch.com/in/movie/train-to-busan
Vivah,movie,"Drama, Kids & Family, Mystery & Thriller, Romance, Bollywood",2006.0,6.7,12k,JioHotstar,Indian,India,166.0,U,https://www.justwatch.com/in/movie/vivah
Top Gun: Maverick,movie,"Drama, Action Adventure",2022.0,8.2,731k,JioHotstar,International,United States,131.0,UA,https://www.justwatch.com/in/movie/top-gun-maverick
Touch,movie,"Drama, Romance, Romantic Drama",2024.0,7.4,7k,JioHotstar,International,"United Kingdom, Iceland",121.0,UA16+,https://www.justwatch.com/in/movie/touch-0
Kabir Singh,movie,"Drama, Romance, Bollywood",2019.0,7.0,45k,JioHotstar,Indian,India,172.0,A,https://www.justwatch.com/in/movie/kabir-singh
Mermaid,movie,"Action & Adventure, Comedy, Horror, Mystery & Thriller, Horror Comedy",2026.0,,,JioHotstar,International,United States,105.0,A,https://www.justwatch.com/in/movie/mermaid
Kill,movie,"Action & Adventure, Crime, Drama, Mystery & Thriller, Action Thriller",2024.0,7.4,46k,JioHotstar,Indian,India,105.0,A,https://www.justwatch.com/in/movie/kill-2024
Dev.D,movie,"Comedy, Drama, Romance, Bollywood",2009.0,7.9,34k,JioHotstar,Indian,India,144.0,A,https://www.justwatch.com/in/movie/dev-d
Get Out,movie,"Horror, Mystery & Thriller, Black Culture, Psychological Thriller",2017.0,7.8,823k,JioHotstar,International,United States,104.0,UA16+,https://www.justwatch.com/in/movie/get-out
Speak No Evil,movie,"Drama, Horror, Mystery & Thriller, Horror Thriller",2024.0,6.8,139k,JioHotstar,International,United States,110.0,A,https://www.justwatch.com/in/movie/speak-no-evil-2024
The Conjuring: Last Rites,movie,"Horror, Mystery & Thriller, Horror Thriller",2025.0,6.2,103k,JioHotstar,International,United States,136.0,A,https://www.justwatch.com/in/movie/the-conjuring-last-rites
The Monkey,movie,"Comedy, Horror, Horror Comedy",2025.0,5.9,94k,JioHotstar,International,"Canada, United States",97.0,A,https://www.justwatch.com/in/movie/the-monkey
Inside Man,movie,"Crime, Drama, Mystery & Thriller, Heist",2006.0,7.6,425k,JioHotstar,International,United States,129.0,UA,https://www.justwatch.com/in/movie/inside-man
Captain America: Civil War,movie,"Action & Adventure, Science-Fiction, Superhero",2016.0,7.8,931k,JioHotstar,International,United States,147.0,UA,https://www.justwatch.com/in/movie/captain-america-civil-war
Zootopia 2,movie,"Action & Adventure, Animation, Comedy, Crime, Kids & Family, Family Animation",2025.0,7.3,141k,JioHotstar,International,United States,108.0,UA7+,https://www.justwatch.com/in/movie/zootopia-2
The Martian,movie,"Action & Adventure, Drama, Science-Fiction, Sci-Fi Drama",2015.0,,,JioHotstar,International,United States,141.0,UA,https://www.justwatch.com/in/movie/the-martian
The Conjuring,movie,"Horror, Mystery & Thriller, Paranormal",2013.0,7.5,625k,JioHotstar,International,United States,112.0,A,https://www.justwatch.com/in/movie/the-conjuring
Bang My Box: The Robin Byrd Story,movie,Documentary,2026.0,,,JioHotstar,International,United States,,,https://www.justwatch.com/in/movie/bang-my-box-the-robin-byrd-story
The Amazing Spider-Man 2,movie,"Action & Adventure, Comedy, History, Science-Fiction, War & Military, Superhero",2014.0,6.6,593k,JioHotstar,International,United States,142.0,UA,https://www.justwatch.com/in/movie/the-amazing-spider-man-2
Tamasha,movie,"Comedy, Drama, Romance, Bollywood",2015.0,7.4,36k,JioHotstar,Indian,India,139.0,UA,https://www.justwatch.com/in/movie/tamasha
Avatar: The Way of Water,movie,"Fantasy, Science-Fiction, Action Adventure",2022.0,7.5,631k,JioHotstar,International,United States,192.0,UA,https://www.justwatch.com/in/movie/avatar-2
Sathi Leelavathi,movie,Drama,2026.0,,,JioHotstar,Indian,India,131.0,UA13+,https://www.justwatch.com/in/movie/sathi-leelavathi-2025
Nosferatu,movie,"Fantasy, Horror, Dark Fantasy",2024.0,7.1,268k,JioHotstar,International,United States,133.0,A,https://www.justwatch.com/in/movie/nosferatu-2023
Bāhubali 2: The Conclusion,movie,,,,,JioHotstar,,,,,https://www.justwatch.com/in/movie/baahubali-2-the-conclusion
Raid,movie,"Crime, Drama, Mystery & Thriller, Bollywood",2018.0,7.4,23k,JioHotstar,Indian,India,120.0,UA,https://www.justwatch.com/in/movie/raid
10 Things I Hate About You,movie,"Comedy, Drama, Romance, Chick Flicks",1999.0,7.4,453k,JioHotstar,International,United States,97.0,U,https://www.justwatch.com/in/movie/10-things-i-hate-about-you
Mario,movie,Comedy,2025.0,8.4,1k,JioHotstar,Indian,India,137.0,A,https://www.justwatch.com/in/movie/mario-2025
Ratsasan,movie,"Action & Adventure, Crime, Drama, Mystery & Thriller, Action Thriller",2018.0,8.3,51k,JioHotstar,Indian,India,170.0,UA,https://www.justwatch.com/in/movie/ratsasan
A Quiet Place,movie,"Drama, Horror, Science-Fiction, Post Apocalyptic World, Monster",2018.0,7.5,661k,JioHotstar,International,United States,91.0,A,https://www.justwatch.com/in/movie/a-quiet-place
Liger,movie,"Action & Adventure, Drama, Romance, Sport, Bollywood",2022.0,2.6,49k,JioHotstar,Indian,India,138.0,UA,https://www.justwatch.com/in/movie/liger
Hum Saath Saath Hain,movie,"Drama, Kids & Family, Romance, Bollywood",1999.0,6.4,10k,JioHotstar,Indian,India,177.0,U,https://www.justwatch.com/in/movie/hum-saath-saath-hain
Zack Snyder's Justice League,movie,"Action & Adventure, Documentary, Fantasy, Science-Fiction, Superhero",2021.0,7.9,474k,JioHotstar,International,United States,242.0,UA,https://www.justwatch.com/in/movie/zack-snyders-justice-league
(500) Days of Summer,movie,"Comedy, Drama, Romance, RomCom",2009.0,7.6,621k,JioHotstar,International,United States,95.0,UA16+,https://www.justwatch.com/in/movie/500-days-of-summer
Vaazha,movie,"Comedy, Drama, Bollywood",2024.0,7.3,7k,JioHotstar,Indian,India,125.0,UA,https://www.justwatch.com/in/movie/vaazha
Lokah Chapter 1: Chandra,movie,"Action & Adventure, Fantasy, Epic Fantasy",2025.0,7.6,20k,JioHotstar,Indian,India,151.0,UA16+,https://www.justwatch.com/in/movie/lokah-chapter-one-chandra
Mangalavaaram,movie,"Action & Adventure, Drama, Horror, Mystery & Thriller, Action Thriller",2023.0,6.8,4k,JioHotstar,Indian,India,149.0,A,https://www.justwatch.com/in/movie/mangalavaram
Avengers: Endgame,movie,"Action & Adventure, Drama, Science-Fiction, Superhero",2019.0,,,JioHotstar,International,United States,181.0,UA,https://www.justwatch.com/in/movie/avengers-endgame
Maleficent,movie,"Action & Adventure, Drama, Kids & Family, Romance, Epic Fantasy, Live Action, Dark Fantasy, Fairytale Fantasy",2014.0,6.9,425k,JioHotstar,International,United States,97.0,U,https://www.justwatch.com/in/movie/maleficent
Ransomed,movie,"Action & Adventure, Comedy, Drama, Mystery & Thriller, Action Thriller",2023.0,6.6,1k,JioHotstar,International,South Korea,,,https://www.justwatch.com/in/movie/ransomed
Predator: Badlands,movie,"Action & Adventure, Mystery & Thriller, Science-Fiction, Invasion",2025.0,7.2,156k,JioHotstar,International,United States,107.0,UA16+,https://www.justwatch.com/in/movie/predator-badlands
Toy Story 4,movie,"Animation, Comedy, Fantasy, Kids & Family, Pixar, Family Animation",2019.0,7.7,287k,JioHotstar,International,United States,100.0,U,https://www.justwatch.com/in/movie/toy-story-4
Schindler's List,movie,"Drama, History, War & Military, Biopics, Based On A True Story",1993.0,,,JioHotstar,International,United States,195.0,UA,https://www.justwatch.com/in/movie/schindlers-list
Sister Midnight,movie,"Comedy, Drama, Horror, Dramedy",2025.0,5.7,3k,JioHotstar,Indian,"United Kingdom, India, Sweden",107.0,A,https://www.justwatch.com/in/movie/sister-midnight
Latency,movie,"Action & Adventure, Horror, Mystery & Thriller, Science-Fiction, Action Thriller",2024.0,4.2,3k,JioHotstar,International,"Thailand, United States",94.0,UA16+,https://www.justwatch.com/in/movie/latency
Batman v Superman: Dawn of Justice,movie,"Action & Adventure, Fantasy, Science-Fiction, Superhero",2016.0,6.5,759k,JioHotstar,International,United States,152.0,UA,https://www.justwatch.com/in/movie/batman-v-superman-dawn-of-justice
Deadpool,movie,"Action & Adventure, Comedy, Science-Fiction, Superhero, Action Comedy",2016.0,,,JioHotstar,International,United States,108.0,A,https://www.justwatch.com/in/movie/deadpool
21 Grams,movie,"Crime, Drama, Mystery & Thriller, Emotional Drama",2003.0,7.6,252k,JioHotstar,International,United States,124.0,UA,https://www.justwatch.com/in/movie/21-grams
R.L. Stine's Pumpkinhead,movie,"Comedy, Fantasy, Horror, Horror Thriller, Monster",2025.0,5.8,1k,JioHotstar,International,Canada,91.0,UA16+,https://www.justwatch.com/in/movie/r-l-stines-pumpkinhead
A Woman Called Mother,movie,"Drama, Horror, Paranormal",2025.0,,,JioHotstar,International,Indonesia,,,https://www.justwatch.com/in/movie/a-woman-called-mother
Batman Begins,movie,"Action & Adventure, Crime, Drama, Superhero",2005.0,,,JioHotstar,International,"United Kingdom, United States",140.0,UA,https://www.justwatch.com/in/movie/batman-begins
Bruce Almighty,movie,"Comedy, Fantasy, Modern Fantasy",2003.0,6.8,471k,JioHotstar,International,United States,101.0,UA,https://www.justwatch.com/in/movie/bruce-almighty
The Hangover,movie,"Comedy, Raunchy Comedy",2009.0,7.7,934k,JioHotstar,International,United States,100.0,A,https://www.justwatch.com/in/movie/the-hangover
Welcome,movie,"Comedy, Crime, Drama, Romance, RomCom",2007.0,7.2,29k,JioHotstar,Indian,India,150.0,UA,https://www.justwatch.com/in/movie/welcome
Drishyam,movie,"Crime, Drama, Mystery & Thriller, Bollywood",2013.0,8.4,47k,JioHotstar,Indian,India,164.0,U,https://www.justwatch.com/in/movie/drishyam-2013
The Incredible Hulk,movie,"Action & Adventure, Science-Fiction, Superhero",2008.0,6.6,566k,JioHotstar,International,United States,112.0,UA,https://www.justwatch.com/in/movie/the-incredible-hulk
Gatta Kusthi,movie,"Comedy, Drama, Romance, Sport, Dramedy",2022.0,6.5,3k,JioHotstar,Indian,India,146.0,UA,https://www.justwatch.com/in/movie/gatta-kusthi
World War Z,movie,"Action & Adventure, Horror, Science-Fiction, Zombie",2013.0,7.0,786k,JioHotstar,International,United States,116.0,UA,https://www.justwatch.com/in/movie/world-war-z
Hollow Man,movie,"Action & Adventure, Horror, Mystery & Thriller, Science-Fiction, SciFi Horror",2000.0,5.9,147k,JioHotstar,International,"Germany, United States",113.0,A,https://www.justwatch.com/in/movie/hollow-man
Vivarium,movie,"Horror, Science-Fiction, Mystery Thriller",2019.0,5.9,92k,JioHotstar,International,"Belgium, Denmark, Ireland, United States",99.0,U,https://www.justwatch.com/in/movie/vivarium
Fifty Shades Freed,movie,"Drama, Mystery & Thriller, Romance, Romantic Drama",2018.0,4.6,83k,JioHotstar,International,United States,105.0,S,https://www.justwatch.com/in/movie/fifty-shades-freed
The Medium,movie,"Drama, Horror, Mystery & Thriller, Horror Thriller",2021.0,6.5,18k,JioHotstar,International,"South Korea, Thailand",131.0,A,https://www.justwatch.com/in/movie/the-medium-2021
Jumanji: The Next Level,movie,"Comedy, Fantasy, Action Adventure",2019.0,6.6,320k,JioHotstar,International,United States,123.0,UA,https://www.justwatch.com/in/movie/jumanji-the-next-level
Ne Zha 2,movie,"Action & Adventure, Animation, Comedy, Drama, Fantasy, Western Animation",2025.0,7.9,24k,JioHotstar,International,China,144.0,UA7+,https://www.justwatch.com/in/movie/ne-zha-2
Hidden Figures,movie,"Drama, History, Biopics, Based On A True Story",2016.0,7.8,290k,JioHotstar,International,United States,127.0,UA,https://www.justwatch.com/in/movie/hidden-figures
Mad Max: Fury Road,movie,"Science-Fiction, Post Apocalyptic World, Action Adventure",2015.0,,,JioHotstar,International,"Australia, United States",121.0,A,https://www.justwatch.com/in/movie/mad-max-fury-road
Ready or Not,movie,"Comedy, Horror, Horror Comedy",2019.0,6.9,253k,JioHotstar,International,United States,96.0,A,https://www.justwatch.com/in/movie/ready-or-not-2019
The Boy Next Door,movie,"Mystery & Thriller, Romantic Thriller",2015.0,4.7,48k,JioHotstar,International,United States,91.0,A,https://www.justwatch.com/in/movie/the-boy-next-door
777 Charlie,movie,"Comedy, Drama, Dramedy",2022.0,8.7,47k,JioHotstar,Indian,India,166.0,UA,https://www.justwatch.com/in/movie/777-charlie
Dolittle,movie,"Action & Adventure, Comedy, Fantasy, Kids & Family, Epic Fantasy",2020.0,5.6,72k,JioHotstar,International,"China, United States",101.0,UA,https://www.justwatch.com/in/movie/the-voyage-of-doctor-dolittle
Pearl,movie,"Drama, Horror, Mystery & Thriller, Slasher, Horror Thriller",2022.0,7.0,160k,JioHotstar,International,United States,102.0,A,https://www.justwatch.com/in/movie/pearl-2022
Arjun Reddy,movie,"Drama, Romance, Bollywood",2017.0,7.9,30k,JioHotstar,Indian,India,187.0,A,https://www.justwatch.com/in/movie/arjun-reddy
Aladdin,movie,"Comedy, Drama, Fantasy, Kids & Family, Romance, Live Action, Fairytale Fantasy",2019.0,6.9,315k,JioHotstar,International,United States,128.0,U,https://www.justwatch.com/in/movie/aladdin-2019
Jurassic Park,movie,"Action & Adventure, Science-Fiction, Invasion",1993.0,,,JioHotstar,International,United States,127.0,UA,https://www.justwatch.com/in/movie/jurassic-park
Jab We Met,movie,"Comedy, Drama, Romance, Bollywood",2007.0,7.9,65k,JioHotstar,Indian,India,138.0,U,https://www.justwatch.com/in/movie/jab-we-met
Manam,movie,"Comedy, Drama, Fantasy, Kids & Family, Dramedy",2014.0,8.0,13k,JioHotstar,Indian,India,163.0,U,https://www.justwatch.com/in/movie/manam
Scarface,movie,"Action & Adventure, Crime, Drama, Organized Crime",1983.0,,,JioHotstar,International,United States,170.0,A,https://www.justwatch.com/in/movie/scarface
Prem Ratan Dhan Payo,movie,"Action & Adventure, Drama, Romance, Bollywood",2015.0,4.4,23k,JioHotstar,Indian,India,163.0,U,https://www.justwatch.com/in/movie/prem-ratan-dhan-payo
In the Blink of an Eye,movie,"Drama, Science-Fiction, Sci-Fi Drama",2026.0,6.1,6k,JioHotstar,International,United States,,,https://www.justwatch.com/in/movie/in-the-blink-of-an-eye
Independence Day,movie,"Action & Adventure, Science-Fiction, Invasion, End of the World",1996.0,7.0,648k,JioHotstar,International,United States,145.0,UA,https://www.justwatch.com/in/movie/independence-day
The Exorcism of Emily Rose,movie,"Crime, Drama, Horror, Mystery & Thriller, Horror Thriller",2005.0,6.7,149k,JioHotstar,International,United States,122.0,A,https://www.justwatch.com/in/movie/the-exorcism-of-emily-rose
The Dark Knight Rises,movie,"Action & Adventure, Crime, Drama, Mystery & Thriller, Superhero",2012.0,,,JioHotstar,International,"United Kingdom, United States",165.0,UA,https://www.justwatch.com/in/movie/the-dark-knight-rises
Don Jon,movie,"Comedy, Drama, Romance, RomCom",2013.0,6.5,255k,JioHotstar,International,United States,90.0,UA,https://www.justwatch.com/in/movie/don-jon
The Batman,movie,"Action & Adventure, Crime, Drama, Mystery & Thriller, Superhero",2022.0,7.8,933k,JioHotstar,International,United States,177.0,UA,https://www.justwatch.com/in/movie/the-batman
Iron Man 3,movie,"Action & Adventure, Science-Fiction, Superhero",2013.0,7.1,969k,JioHotstar,International,United States,130.0,UA,https://www.justwatch.com/in/movie/iron-man-3
Nocturnal Animals,movie,"Drama, Psychological Drama, Mystery Thriller",2016.0,7.5,317k,JioHotstar,International,"China, United Kingdom, United States",116.0,UA13+,https://www.justwatch.com/in/movie/nocturnal-animals
Limitless,movie,"Mystery & Thriller, Science-Fiction, Cerebral, Cyberpunk, Action Thriller",2011.0,7.4,650k,JioHotstar,International,United States,106.0,A,https://www.justwatch.com/in/movie/limitless
Back to the Future,movie,"Action & Adventure, Comedy, Science-Fiction, Sci-Fi Comedy",1985.0,,,JioHotstar,International,United States,116.0,U,https://www.justwatch.com/in/movie/back-to-the-future
Ek Vivaah... Aisa Bhi,movie,"Drama, Romance, Bollywood",2008.0,,,JioHotstar,Indian,India,126.0,U,https://www.justwatch.com/in/movie/ek-vivaah-aisa-bhi
Moana,movie,"Action & Adventure, Animation, Comedy, Fantasy, Kids & Family, Animated Musical",2016.0,7.6,443k,JioHotstar,International,United States,107.0,U,https://www.justwatch.com/in/movie/moana
Sarvam Maya,movie,"Comedy, Fantasy, Horror, Kids & Family, Horror Comedy",2025.0,7.7,10k,JioHotstar,Indian,India,146.0,U,https://www.justwatch.com/in/movie/sarvam-maya
Nobody,movie,"Action & Adventure, Crime, Drama, Mystery & Thriller, Action Thriller",2021.0,7.4,396k,JioHotstar,International,United States,91.0,A,https://www.justwatch.com/in/movie/nobody
Arjun S/O Vyjayanthi,movie,"Action & Adventure, Crime, Drama, Mystery & Thriller, Action Thriller",2025.0,,,JioHotstar,Indian,India,142.0,UA,https://www.justwatch.com/in/movie/nkr21
The Legend of Ochi,movie,"Fantasy, Kids & Family, Action Adventure",2025.0,5.8,9k,JioHotstar,International,"Finland, United States",,,https://www.justwatch.com/in/movie/the-legend-of-ochi
MaXXXine,movie,"Crime, Horror, Mystery & Thriller, Horror Thriller",2024.0,6.2,88k,JioHotstar,International,United States,103.0,A,https://www.justwatch.com/in/movie/maxxxine
Finding Nemo,movie,"Action & Adventure, Animation, Comedy, Kids & Family, Pixar, Family Animation",2003.0,,,JioHotstar,International,United States,100.0,U,https://www.justwatch.com/in/movie/finding-nemo
Venom: Let There Be Carnage,movie,"Action & Adventure, Crime, Fantasy, Horror, Mystery & Thriller, Science-Fiction, No Superhero, Superhero",2021.0,5.9,305k,JioHotstar,International,United States,97.0,UA,https://www.justwatch.com/in/movie/venom-let-there-be-carnage
"Crazy, Stupid, Love.",movie,"Comedy, Drama, Romance, RomCom, Chick Flicks",2011.0,7.4,622k,JioHotstar,International,United States,118.0,A,https://www.justwatch.com/in/movie/crazy-stupid-love
The Super Mario Bros. Movie,movie,"Action & Adventure, Animation, Comedy, Fantasy, Kids & Family, Family Animation",2023.0,7.0,248k,JioHotstar,International,"Japan, United States",92.0,U,https://www.justwatch.com/in/movie/super-mario-bros-the-movie
Gaami,movie,"Action & Adventure, Drama, Fantasy, Mystery & Thriller, Science-Fiction, Emotional Drama",2024.0,6.3,2k,JioHotstar,Indian,India,147.0,A,https://www.justwatch.com/in/movie/gaami
The Descent,movie,"Action & Adventure, Horror, Mystery & Thriller, Monster",2005.0,7.2,273k,JioHotstar,International,United Kingdom,100.0,A,https://www.justwatch.com/in/movie/the-descent
Yesterday,movie,"Comedy, Fantasy, Music & Musical, Romance, Chick Flicks",2019.0,6.8,185k,JioHotstar,International,"United Kingdom, United States",116.0,UA,https://www.justwatch.com/in/movie/yesterday
Immaculate,movie,"Horror, Mystery & Thriller, Horror Thriller",2024.0,5.8,61k,JioHotstar,International,United States,89.0,A,https://www.justwatch.com/in/movie/immaculate-2024
The Intern,movie,"Comedy, Drama, RomCom, Dramedy",2015.0,7.1,311k,JioHotstar,International,United States,121.0,UA,https://www.justwatch.com/in/movie/the-intern
Love Aaj Kal,movie,"Comedy, Drama, Romance, Bollywood",2009.0,6.8,18k,JioHotstar,Indian,India,128.0,UA,https://www.justwatch.com/in/movie/love-aaj-kal-2020
Manjummel Boys,movie,"Action & Adventure, Drama, Mystery & Thriller, Dramedy",2024.0,8.2,34k,JioHotstar,Indian,India,135.0,UA,https://www.justwatch.com/in/movie/manjummel-boys
Django Unchained,movie,"Comedy, Drama, Western, Revenge Western, Epic Western",2012.0,,,JioHotstar,International,United States,165.0,A,https://www.justwatch.com/in/movie/django-unchained
Venom,movie,"Action & Adventure, Science-Fiction, No Superhero, Superhero",2018.0,6.6,608k,JioHotstar,International,"China, United States",112.0,UA,https://www.justwatch.com/in/movie/venom-2018
Mersal,movie,"Action & Adventure, Crime, Fantasy, Mystery & Thriller, Bollywood",2017.0,7.5,42k,JioHotstar,Indian,India,161.0,UA,https://www.justwatch.com/in/movie/mersal
Mark,movie,"Mystery & Thriller, Action Thriller",2025.0,,,JioHotstar,Indian,India,144.0,UA16+,https://www.justwatch.com/in/movie/mark-2025
Vikram,movie,"Action & Adventure, Crime, Drama, Mystery & Thriller, Action Thriller",2022.0,8.3,89k,JioHotstar,Indian,India,174.0,UA,https://www.justwatch.com/in/movie/vikram-2021
Heaven,movie,"Crime, Mystery & Thriller, Bollywood",2022.0,6.5,2k,JioHotstar,Indian,India,130.0,U,https://www.justwatch.com/in/movie/heaven-2022
The Karate Kid,movie,"Action & Adventure, Drama, Kids & Family, Sport, Martial Art",2010.0,6.3,227k,JioHotstar,International,"China, Hong Kong, United States",140.0,U,https://www.justwatch.com/in/movie/the-karate-kid
Eleven,movie,"Crime, Mystery Thriller",2025.0,7.4,12k,JioHotstar,Indian,India,135.0,UA,https://www.justwatch.com/in/movie/eleven-2025
Zebra,movie,"Action & Adventure, Crime, Mystery & Thriller, Bollywood, Action Thriller",2024.0,7.1,3k,JioHotstar,Indian,India,164.0,UA13+,https://www.justwatch.com/in/movie/zebra
Pitch Perfect,movie,"Comedy, Music & Musical, Romance, Female Comedy, Chick Flicks",2012.0,7.1,351k,JioHotstar,International,United States,112.0,U,https://www.justwatch.com/in/movie/pitch-perfect
Life of Pi,movie,"Drama, Fantasy, Action Adventure",2012.0,7.9,701k,JioHotstar,International,United States,127.0,U,https://www.justwatch.com/in/movie/life-of-pi
Jurassic World Dominion,movie,"Mystery & Thriller, Science-Fiction, Invasion, Action Adventure",2022.0,5.6,247k,JioHotstar,International,United States,147.0,UA,https://www.justwatch.com/in/movie/jurassic-world-dominion
Play Dead,movie,"Horror, Mystery & Thriller, Horror Thriller",2022.0,5.2,5k,JioHotstar,International,United States,106.0,A,https://www.justwatch.com/in/movie/play-dead-2022
The Day of the Jackal,movie,"Action & Adventure, Crime, Drama, Mystery & Thriller, Organized Crime",1973.0,7.8,53k,JioHotstar,International,"France, United Kingdom",143.0,A,https://www.justwatch.com/in/movie/the-day-of-the-jackal
The Conjuring 2,movie,"Horror, Mystery & Thriller, Paranormal",2016.0,7.3,344k,JioHotstar,International,United States,134.0,A,https://www.justwatch.com/in/movie/the-conjuring-2
Minions: The Rise of Gru,movie,"Animation, Comedy, Crime, Kids & Family, Science-Fiction, Family Animation",2022.0,6.5,92k,JioHotstar,International,United States,87.0,U,https://www.justwatch.com/in/movie/minions-the-rise-of-gru
Zwigato,movie,"Drama, Emotional Drama, Bollywood",2023.0,6.6,11k,JioHotstar,Indian,India,106.0,U,https://www.justwatch.com/in/movie/zwigato
Lipstick Under My Burkha,movie,"Comedy, Drama, Bollywood",2017.0,6.8,7k,JioHotstar,Indian,India,116.0,A,https://www.justwatch.com/in/movie/lipstick-under-my-burkha
Su from So,movie,"Comedy, Horror, Horror Comedy",2025.0,7.6,7k,JioHotstar,Indian,India,135.0,UA13+,https://www.justwatch.com/in/movie/su-from-so
"Silent Night, Deadly Night",movie,"Horror, Mystery & Thriller, Horror Thriller",2025.0,6.1,7k,JioHotstar,International,"Canada, France, United States",96.0,A,https://www.justwatch.com/in/movie/silent-night-deadly-night-0
Splitsville,movie,"Comedy, Raunchy Comedy",2025.0,6.4,16k,JioHotstar,International,United States,105.0,UA16+,https://www.justwatch.com/in/movie/splitsville
The Fast and the Furious,movie,"Action & Adventure, Crime, Mystery & Thriller, Heist",2001.0,6.8,459k,JioHotstar,International,"Germany, United States",106.0,A,https://www.justwatch.com/in/movie/the-fast-and-the-furious
Uncharted,movie,"Mystery & Thriller, Video Game, Action Adventure",2022.0,6.3,301k,JioHotstar,International,United States,116.0,UA,https://www.justwatch.com/in/movie/uncharted
Bhoothakkannadi,movie,Drama,1997.0,,,JioHotstar,Indian,India,110.0,U,https://www.justwatch.com/in/movie/bhoothakkannadi
Dog 51,movie,"Crime, Mystery & Thriller, Science-Fiction, Cyberpunk",2025.0,5.8,2k,JioHotstar,International,"Belgium, France",,,https://www.justwatch.com/in/movie/chien-51-2025
Avengers: Age of Ultron,movie,"Action & Adventure, Science-Fiction, Superhero",2015.0,,,JioHotstar,International,United States,141.0,U,https://www.justwatch.com/in/movie/avengers-age-of-ultron
Forrest Gump,movie,"Comedy, Drama, Romance, Dramedy, Romantic Drama",1994.0,,,JioHotstar,International,United States,142.0,UA,https://www.justwatch.com/in/movie/forrest-gump
Paan Singh Tomar,movie,"Action & Adventure, Crime, Drama, Mystery & Thriller, Sport, Bollywood",2012.0,8.2,40k,JioHotstar,Indian,India,135.0,UA,https://www.justwatch.com/in/movie/paan-singh-tomar
The Big Lebowski,movie,"Comedy, Crime",1998.0,8.1,918k,JioHotstar,International,"United Kingdom, United States",117.0,UA,https://www.justwatch.com/in/movie/the-big-lebowski
Fifty Shades Darker,movie,"Drama, Mystery & Thriller, Romance, Romantic Drama",2017.0,4.6,114k,JioHotstar,International,United States,118.0,A,https://www.justwatch.com/in/movie/fifty-shades-darker
Born on the Fourth of July,movie,"Drama, War & Military, War Drama",1989.0,7.2,124k,JioHotstar,International,United States,145.0,A,https://www.justwatch.com/in/movie/born-on-the-fourth-of-july
Happy Gilmore,movie,"Comedy, Sport, Sport Comedy",1996.0,7.0,308k,JioHotstar,International,United States,92.0,U,https://www.justwatch.com/in/movie/happy-gilmore
xXx,movie,"Action & Adventure, Crime, Drama, Mystery & Thriller, Action Thriller",2002.0,5.9,194k,JioHotstar,International,United States,124.0,UA,https://www.justwatch.com/in/movie/xxx
The Lord of the Rings: The Return of the King,movie,"Action & Adventure, Drama, Fantasy, Epic Fantasy",2003.0,,,JioHotstar,International,"New Zealand, United States",201.0,UA,https://www.justwatch.com/in/movie/the-lord-of-the-rings-the-return-of-the-king
24,movie,"Action & Adventure, Drama, Mystery & Thriller, Science-Fiction, Bollywood",2016.0,7.9,26k,JioHotstar,Indian,India,164.0,U,https://www.justwatch.com/in/movie/24
Eesha,movie,"Horror, Mystery & Thriller, Horror Thriller, Like, Dislike, Watchlist, Seen, Sign in, to sync Watchlist",2025.0,8.3,1k,JioHotstar,Indian,India,135.0,A,https://www.justwatch.com/in/movie/eesha-2025
Dracula: A Love Tale,movie,"Fantasy, Horror, Romance, Dark Fantasy",2025.0,6.2,39k,JioHotstar,International,France,,,https://www.justwatch.com/in/movie/dracula-a-love-tale
Rental Family,movie,"Comedy, Drama, Dramedy",2025.0,7.6,59k,JioHotstar,International,United States,,,https://www.justwatch.com/in/movie/rental-family
Color Out of Space,movie,"Horror, Mystery & Thriller, Science-Fiction, SciFi Horror",2020.0,6.1,65k,JioHotstar,International,"Malaysia, Portugal, United States",111.0,UA,https://www.justwatch.com/in/movie/color-out-of-space
Thudarum,movie,"Action & Adventure, Drama, Mystery & Thriller, Bollywood",2025.0,7.5,14k,JioHotstar,Indian,India,163.0,UA16+,https://www.justwatch.com/in/movie/thudarum
Housefull 4,movie,"Action & Adventure, Comedy, Drama, Fantasy, Romance, Bollywood",2019.0,3.7,16k,JioHotstar,Indian,India,145.0,UA,https://www.justwatch.com/in/movie/housefull-4
Transformers,movie,"Action & Adventure, Science-Fiction, Invasion",2007.0,7.1,720k,JioHotstar,International,United States,144.0,UA,https://www.justwatch.com/in/movie/transformers
Top Gun,movie,"Drama, Romance, Action Adventure",1986.0,7.0,555k,JioHotstar,International,United States,110.0,U,https://www.justwatch.com/in/movie/vesper
The Bad Guys: Reign of Chaos,movie,"Action & Adventure, Crime, Mystery & Thriller, Action Thriller",2019.0,6.2,3k,JioHotstar,International,South Korea,114.0,UA,https://www.justwatch.com/in/movie/the-bad-guys-reign-of-chaos
Pritam Pedro,show,"Comedy, Crime, Drama, Mystery & Thriller",2026.0,8.0,5k,JioHotstar,Indian,India,,,https://www.justwatch.com/in/tv-show/pritam-pedro
House of the Dragon,show,"Action & Adventure, Drama, Fantasy, Romance, Science-Fiction",2022.0,8.3,535k,JioHotstar,International,United States,61.0,A,https://www.justwatch.com/in/tv-show/house-of-the-dragon
Game of Thrones,show,"Action & Adventure, Drama, Fantasy, Science-Fiction, Epic Fantasy, Epic",2011.0,,,JioHotstar,International,United States,58.0,A,https://www.justwatch.com/in/tv-show/game-of-thrones
Bigg Boss,show,"Kids & Family, Reality TV",2006.0,3.6,4k,JioHotstar,Indian,India,73.0,UA16+,https://www.justwatch.com/in/tv-show/bigg-boss
Resort,show,"Comedy, Drama",2026.0,,,JioHotstar,Indian,India,22.0,UA16+,https://www.justwatch.com/in/tv-show/resort
Euphoria,show,"Drama, Young Adult Drama",2019.0,8.1,315k,JioHotstar,International,United States,61.0,A,https://www.justwatch.com/in/tv-show/euphoria
Kaisi Yeh Yaariyan,show,"Comedy, Drama, Romance, Bollywood",2014.0,8.0,2k,JioHotstar,Indian,India,22.0,UA13+,https://www.justwatch.com/in/tv-show/kaisi-yeh-yaariaan
Avatar: The Last Airbender,show,"Action & Adventure, Animation, Fantasy, Kids & Family, Science-Fiction, Western Animation",2005.0,9.3,445k,JioHotstar,International,United States,24.0,U,https://www.justwatch.com/in/tv-show/avatar-the-last-airbender-2005
Jujutsu Kaisen,show,"Action & Adventure, Animation, Fantasy, Mystery & Thriller, Science-Fiction, Classic Japanese Anime",2020.0,8.5,211k,JioHotstar,International,"Japan, United States",24.0,UA16+,https://www.justwatch.com/in/tv-show/jujutsu-kaisen
Asur: Welcome to Your Dark Side,show,"Crime, Drama, Mystery & Thriller",2020.0,8.5,71k,JioHotstar,Indian,India,47.0,A,https://www.justwatch.com/in/tv-show/asur
Thukra Ke Mera Pyaar,show,"Drama, Romance, Bollywood, Romantic Drama",2024.0,6.5,3k,JioHotstar,Indian,India,23.0,UA16+,https://www.justwatch.com/in/tv-show/thukra-ke-mera-pyaar
Classroom of the Elite,show,"Animation, Drama, Mystery & Thriller, Classic Japanese Anime",2017.0,7.7,25k,JioHotstar,International,Japan,23.0,UA16+,https://www.justwatch.com/in/tv-show/classroom-of-the-elite
Friends,show,"Comedy, Romance, Sitcoms",1994.0,,,JioHotstar,International,United States,23.0,UA13+,https://www.justwatch.com/in/tv-show/friends
24,show,"Action & Adventure, Crime, Drama, Mystery & Thriller, Bollywood",2013.0,8.0,3k,JioHotstar,Indian,India,44.0,UA,https://www.justwatch.com/in/tv-show/24-india
A Knight of the Seven Kingdoms,show,"Action & Adventure, Drama, Fantasy, Science-Fiction, Epic Fantasy",2026.0,8.6,256k,JioHotstar,International,United States,,,https://www.justwatch.com/in/tv-show/a-knight-of-the-seven-kingdoms-the-hedge-knight
The Agency,show,"Drama, Mystery Thriller",2024.0,7.4,29k,JioHotstar,International,"France, United States",,,https://www.justwatch.com/in/tv-show/the-agency
Kimetsu no Yaiba,show,"Action & Adventure, Animation, Fantasy, Mystery & Thriller, Science-Fiction, Classic Japanese Anime",2019.0,8.6,229k,JioHotstar,International,Japan,26.0,A,https://www.justwatch.com/in/tv-show/demon-slayer-kimetsu-no-yaiba
MTV Splitsvilla,show,"Romance, Reality TV",2008.0,3.8,1k,JioHotstar,Indian,India,52.0,U,https://www.justwatch.com/in/tv-show/mtv-splitsvilla
The Bear,show,"Comedy, Drama, Psychological Drama, Dramedy",2022.0,8.5,311k,JioHotstar,International,United States,35.0,A,https://www.justwatch.com/in/tv-show/the-bear
Prison Break,show,"Action & Adventure, Crime, Drama, Mystery & Thriller, Made in Europe, Dark Crime, Action Thriller",2005.0,8.3,594k,JioHotstar,International,United States,49.0,U,https://www.justwatch.com/in/tv-show/prison-break
Mushoku Tensei: Jobless Reincarnation,show,"Action & Adventure, Animation, Drama, Fantasy, Science-Fiction, Classic Japanese Anime",2021.0,8.2,39k,JioHotstar,International,Japan,24.0,UA16+,https://www.justwatch.com/in/tv-show/mushoku-tensei-jobless-reincarnation
Dutton Ranch,show,"Drama, Western, Epic Western",2026.0,8.4,10k,JioHotstar,International,United States,,,https://www.justwatch.com/in/tv-show/dutton-ranch
A Shop for Killers,show,"Action & Adventure, Drama, Action Thriller, Mystery Thriller",2024.0,8.0,10k,JioHotstar,International,South Korea,,,https://www.justwatch.com/in/tv-show/a-shop-for-killers
Laughter Chefs Unlimited Entertainment,show,"Comedy, Kids & Family, Reality TV, Bollywood",2024.0,8.4,1k,JioHotstar,Indian,India,,,https://www.justwatch.com/in/tv-show/laughter-chefs-unlimited-entertainment
The Vampire Diaries,show,"Drama, Fantasy, Horror, Mystery & Thriller, Romance, Science-Fiction, Young Adult Drama, Modern Fantasy",2009.0,7.7,384k,JioHotstar,International,United States,42.0,U,https://www.justwatch.com/in/tv-show/the-vampire-diaries
Shin Chan,show,"Action & Adventure, Animation, Comedy, Classic Japanese Anime",1992.0,,,JioHotstar,International,Japan,19.0,U,https://www.justwatch.com/in/tv-show/crayon-shin-chan
Suits,show,"Comedy, Drama, Courtroom, Dramedy",2011.0,8.4,542k,JioHotstar,International,United States,44.0,UA13+,https://www.justwatch.com/in/tv-show/suits
The Day of the Jackal,show,"Crime, Drama, Mystery & Thriller, Action Adventure",2024.0,8.1,133k,JioHotstar,International,"United Kingdom, United States",,,https://www.justwatch.com/in/tv-show/the-day-of-the-jackal
Chernobyl,show,"Drama, History, Mystery & Thriller, Based On A True Story",2019.0,,,JioHotstar,International,United States,65.0,UA16+,https://www.justwatch.com/in/tv-show/chernobyl
Perfect Crown,show,"Comedy, Drama, Romance",2026.0,7.9,4k,JioHotstar,International,South Korea,71.0,UA16+,https://www.justwatch.com/in/tv-show/perfect-crown
True Detective,show,"Crime, Drama, Mystery & Thriller, Dark Crime, Detective Crime",2014.0,8.8,759k,JioHotstar,International,United States,61.0,U,https://www.justwatch.com/in/tv-show/true-detective
Naagin,show,"Action & Adventure, Drama, Fantasy, Romance, Science-Fiction, Bollywood",2015.0,3.8,4k,JioHotstar,Indian,India,43.0,UA13+,https://www.justwatch.com/in/tv-show/naagin
Tensei Shitara Suraimu Datta Ken,show,"Action & Adventure, Animation, Comedy, Fantasy, Science-Fiction, Classic Japanese Anime",2018.0,8.0,25k,JioHotstar,International,Japan,24.0,UA16+,https://www.justwatch.com/in/tv-show/that-time-i-got-reincarnated-as-a-slime
Modern Family,show,"Comedy, Drama, Romance, Sitcoms",2009.0,8.5,541k,JioHotstar,International,United States,21.0,UA13+,https://www.justwatch.com/in/tv-show/modern-family
Law & Order: Special Victims Unit,show,"Crime, Drama, Mystery & Thriller, Detective Crime",1999.0,8.1,145k,JioHotstar,International,United States,45.0,UA16+,https://www.justwatch.com/in/tv-show/law-and-order-special-victims-unit
Yellowstone,show,"Drama, Western, Period Drama",2018.0,8.6,314k,JioHotstar,International,United States,51.0,A,https://www.justwatch.com/in/tv-show/yellowstone
Inspector Avinash,show,"Action & Adventure, Crime, Mystery & Thriller, Action Thriller",2023.0,7.6,17k,JioHotstar,Indian,India,40.0,A,https://www.justwatch.com/in/tv-show/inspector-avinash
Seher Hone Ko Hai,show,"Drama, Emotional Drama",2025.0,,,JioHotstar,Indian,India,26.0,UA13+,https://www.justwatch.com/in/tv-show/seher-hone-ko-hai
Tôkyô Ribenjâzu,show,"Action & Adventure, Animation, Drama, Classic Japanese Anime",2021.0,7.7,33k,JioHotstar,International,Japan,24.0,UA16+,https://www.justwatch.com/in/tv-show/tokyo-revengers
Under the Dome,show,"Drama, Mystery & Thriller, Science-Fiction, Sci-Fi Drama",2013.0,6.5,118k,JioHotstar,International,United States,43.0,UA16+,https://www.justwatch.com/in/tv-show/under-the-dome
Succession,show,"Comedy, Drama",2018.0,8.8,359k,JioHotstar,International,United States,64.0,U,https://www.justwatch.com/in/tv-show/succession
Mahabharatham,show,"Drama, History, Kids & Family, War & Military, Bollywood",2013.0,8.7,15k,JioHotstar,Indian,India,23.0,U,https://www.justwatch.com/in/tv-show/mahabharatham
X-Men '97,show,"Action & Adventure, Animation, Drama, Science-Fiction, Western Animation",2024.0,8.7,53k,JioHotstar,International,United States,,,https://www.justwatch.com/in/tv-show/x-men-97
Dexter,show,"Crime, Drama, Mystery & Thriller, Dark Crime, Detective Crime",2006.0,8.6,940k,JioHotstar,International,United States,53.0,A,https://www.justwatch.com/in/tv-show/dexter
My Hero Academia,show,"Action & Adventure, Animation, Comedy, Fantasy, Science-Fiction, Classic Japanese Anime",2016.0,8.2,122k,JioHotstar,International,Japan,24.0,U,https://www.justwatch.com/in/tv-show/my-hero-academia
Heroes,show,"Crime, Drama, Fantasy, Mystery & Thriller, Science-Fiction, Superhero",2006.0,7.5,260k,JioHotstar,International,United States,43.0,U,https://www.justwatch.com/in/tv-show/heroes
Georgie & Mandy's First Marriage,show,"Comedy, RomCom",2024.0,7.1,11k,JioHotstar,International,United States,,,https://www.justwatch.com/in/tv-show/georgie-and-mandys-first-marriage
Supernatural,show,"Drama, Fantasy, Horror, Mystery & Thriller, Science-Fiction, Modern Fantasy, Dark Fantasy",2005.0,8.4,541k,JioHotstar,International,United States,45.0,UA16+,https://www.justwatch.com/in/tv-show/supernatural
The Wire,show,"Crime, Drama, Mystery & Thriller, Organized Crime, Detective Crime",2002.0,9.3,433k,JioHotstar,International,United States,59.0,UA13+,https://www.justwatch.com/in/tv-show/the-wire
Chiraiya,show,"Drama, Emotional Drama",2026.0,5.9,1k,JioHotstar,Indian,India,30.0,A,https://www.justwatch.com/in/tv-show/chiraiya
Big Mouth,show,"Action & Adventure, Crime, Drama, Mystery Thriller",2022.0,7.8,9k,JioHotstar,International,South Korea,71.0,UA16+,https://www.justwatch.com/in/tv-show/big-mouth-2022
Marvel's Daredevil,show,"Action & Adventure, Crime, Drama, Mystery & Thriller, Science-Fiction, Superhero",2015.0,8.6,534k,JioHotstar,International,United States,53.0,UA16+,https://www.justwatch.com/in/tv-show/marvels-daredevil
Young Sheldon,show,"Comedy, Drama, Sitcoms",2017.0,7.7,149k,JioHotstar,International,United States,19.0,U,https://www.justwatch.com/in/tv-show/young-sheldon
Peacemaker,show,"Action & Adventure, Comedy, Crime, Drama, Fantasy, Science-Fiction, Superhero, Action Comedy",2022.0,8.3,139k,JioHotstar,International,United States,42.0,UA16+,https://www.justwatch.com/in/tv-show/peacemaker
The Beauty,show,"Drama, Horror, Science-Fiction, Emotional Drama",2026.0,6.6,12k,JioHotstar,International,United States,,,https://www.justwatch.com/in/tv-show/the-beauty
The Pitt,show,"Drama, Emotional Drama, Action Adventure",2025.0,8.9,155k,JioHotstar,International,United States,,,https://www.justwatch.com/in/tv-show/the-pitt
The Sopranos,show,"Crime, Drama, Organized Crime",1999.0,9.2,583k,JioHotstar,International,United States,55.0,A,https://www.justwatch.com/in/tv-show/the-sopranos
Oz,show,"Crime, Drama, Mystery & Thriller, Dark Crime",1997.0,8.7,108k,JioHotstar,International,United States,,,https://www.justwatch.com/in/tv-show/oz
How I Met Your Mother,show,"Comedy, Drama, Romance, Sitcoms",2005.0,8.3,783k,JioHotstar,International,United States,24.0,U,https://www.justwatch.com/in/tv-show/how-i-met-your-mother
Loki,show,"Drama, Fantasy, Science-Fiction, Superhero, Action Adventure",2021.0,8.2,475k,JioHotstar,International,United States,49.0,UA13+,https://www.justwatch.com/in/tv-show/loki
Shōgun,show,"Action & Adventure, Drama, History, War & Military, Period Drama",2024.0,8.6,247k,JioHotstar,International,United States,59.0,A,https://www.justwatch.com/in/tv-show/shogun-2024
Hostages,show,"Crime, Drama, Mystery Thriller",2019.0,6.8,6k,JioHotstar,Indian,India,36.0,UA13+,https://www.justwatch.com/in/tv-show/hostages-2019
SPY x FAMILY,show,"Action & Adventure, Animation, Comedy, Mystery & Thriller, Classic Japanese Anime",2022.0,8.2,62k,JioHotstar,International,Japan,25.0,UA16+,https://www.justwatch.com/in/tv-show/spy-x-family
Banshee,show,"Action & Adventure, Crime, Drama, Mystery & Thriller, Dark Crime",2013.0,8.4,148k,JioHotstar,International,United States,51.0,A,https://www.justwatch.com/in/tv-show/banshee
Light Shop,show,"Drama, Horror, Mystery Thriller",2024.0,7.8,7k,JioHotstar,International,South Korea,,,https://www.justwatch.com/in/tv-show/light-shop
Haikyu!!,show,"Animation, Comedy, Drama, Sport, Classic Japanese Anime",2014.0,8.7,54k,JioHotstar,International,Japan,24.0,UA13+,https://www.justwatch.com/in/tv-show/haikyu
Paradise,show,"Crime, Drama, Mystery & Thriller, Science-Fiction, Emotional Drama, Action Adventure",2025.0,7.9,83k,JioHotstar,International,United States,,,https://www.justwatch.com/in/tv-show/paradise-2025
Landman,show,"Crime, Drama, Western, Emotional Drama",2024.0,8.2,109k,JioHotstar,International,United States,,,https://www.justwatch.com/in/tv-show/landman
The Last of Us,show,"Action & Adventure, Drama, Horror, Mystery & Thriller, Science-Fiction, Video Game",2023.0,8.4,740k,JioHotstar,International,United States,57.0,A,https://www.justwatch.com/in/tv-show/the-last-of-us
The Office,show,"Comedy, Sitcoms",2005.0,9.0,837k,JioHotstar,International,United States,24.0,U,https://www.justwatch.com/in/tv-show/the-office
Sex and the City,show,"Comedy, Drama, Romance, RomCom, Female Comedy, Chick Flicks",1998.0,7.4,160k,JioHotstar,International,United States,29.0,U,https://www.justwatch.com/in/tv-show/sex-and-the-city
The Big Bang Theory,show,"Comedy, Romance, Sitcoms",2007.0,8.1,939k,JioHotstar,International,United States,20.0,U,https://www.justwatch.com/in/tv-show/the-big-bang-theory
Malcolm in the Middle,show,"Comedy, Drama, Kids & Family, Sitcoms",2000.0,8.2,161k,JioHotstar,International,United States,23.0,U,https://www.justwatch.com/in/tv-show/malcolm-in-the-middle
Special Ops,show,"Action & Adventure, Crime, Drama, Mystery & Thriller, Action Thriller",2020.0,8.5,43k,JioHotstar,Indian,India,49.0,UA13+,https://www.justwatch.com/in/tv-show/special-ops
Save the Tigers,show,"Comedy, Drama, Mystery & Thriller, Dramedy",2023.0,8.0,4k,JioHotstar,Indian,India,26.0,UA16+,https://www.justwatch.com/in/tv-show/save-the-tigers
The Worst of Evil,show,"Action & Adventure, Crime, Drama, Mystery & Thriller, Action Thriller",2023.0,8.3,8k,JioHotstar,International,South Korea,,,https://www.justwatch.com/in/tv-show/the-worst-of-evil
Numb3rs,show,"Crime, Documentary, Drama, Mystery & Thriller, Detective Crime",2005.0,7.0,48k,JioHotstar,International,United States,,,https://www.justwatch.com/in/tv-show/numb3rs
Mr. Robot,show,"Crime, Drama, Mystery & Thriller, Psychological Drama",2015.0,8.5,469k,JioHotstar,International,United States,49.0,U,https://www.justwatch.com/in/tv-show/mr-robot
Mansion 24,show,"Action & Adventure, Horror, Mystery Thriller",2023.0,,,JioHotstar,Indian,India,29.0,A,https://www.justwatch.com/in/tv-show/mansion-24
Swaragini,show,"Kids & Family, Drama, Bollywood",2015.0,,,JioHotstar,Indian,India,,,https://www.justwatch.com/in/tv-show/swaragini
The Flash,show,"Action & Adventure, Drama, Science-Fiction, Superhero",2014.0,7.5,386k,JioHotstar,International,United States,42.0,U,https://www.justwatch.com/in/tv-show/the-flash
Mubing,show,"Drama, Fantasy, Mystery & Thriller, Science-Fiction, Modern Fantasy, Action Adventure",2023.0,8.4,16k,JioHotstar,International,South Korea,,,https://www.justwatch.com/in/tv-show/moving
Marvel's The Punisher,show,"Action & Adventure, Crime, Drama, Mystery & Thriller, Superhero",2017.0,8.4,306k,JioHotstar,International,United States,53.0,A,https://www.justwatch.com/in/tv-show/marvels-the-punisher
IT: Welcome to Derry,show,"Drama, Fantasy, Horror, Horror Thriller",2025.0,7.9,111k,JioHotstar,International,United States,60.0,A,https://www.justwatch.com/in/tv-show/welcome-to-derry
Cooku with Comali,show,"Comedy, Reality TV, Reality Competition",2019.0,9.1,1k,JioHotstar,Indian,India,63.0,UA16+,https://www.justwatch.com/in/tv-show/cooku-with-comali
Muthu Alias Kaattaan,show,"Action & Adventure, Crime, Drama",2026.0,,,JioHotstar,Indian,India,32.0,A,https://www.justwatch.com/in/tv-show/muthu-alias-kaattaan
Mayor of Kingstown,show,"Crime, Drama, Mystery & Thriller, Detective Crime",2021.0,8.2,73k,JioHotstar,International,United States,,,https://www.justwatch.com/in/tv-show/mayor-of-kingstown
High Potential,show,"Comedy, Crime, Drama, Dark Crime, Mystery Thriller",2024.0,7.6,51k,JioHotstar,International,United States,,,https://www.justwatch.com/in/tv-show/high-potential
Hacks,show,"Comedy, Drama, Dramedy",2021.0,8.2,66k,JioHotstar,International,United States,33.0,A,https://www.justwatch.com/in/tv-show/hacks
1923,show,"Drama, Western, Epic Western",2022.0,8.3,103k,JioHotstar,International,United States,,,https://www.justwatch.com/in/tv-show/1923
The White Lotus,show,"Comedy, Drama, Dramedy",2021.0,8.0,327k,JioHotstar,International,United States,62.0,A,https://www.justwatch.com/in/tv-show/the-white-lotus
Brooklyn Nine-Nine,show,"Comedy, Crime, Sitcoms",2013.0,8.4,418k,JioHotstar,International,United States,22.0,UA13+,https://www.justwatch.com/in/tv-show/brooklyn-nine-nine
The Americans,show,"Crime, Drama, Mystery & Thriller, Spies",2013.0,8.4,124k,JioHotstar,International,United States,48.0,U,https://www.justwatch.com/in/tv-show/the-americans
The Manipulated,show,"Action & Adventure, Crime, Drama, Mystery & Thriller",2025.0,7.7,5k,JioHotstar,International,South Korea,,,https://www.justwatch.com/in/tv-show/the-manipulated
Family Guy,show,"Animation, Comedy",1999.0,8.1,389k,JioHotstar,International,United States,23.0,UA,https://www.justwatch.com/in/tv-show/family-guy
Billions,show,"Drama, Courtroom",2016.0,8.3,118k,JioHotstar,International,United States,57.0,U,https://www.justwatch.com/in/tv-show/billions
Bepannah,show,"Drama, Romance, Romantic Drama, Mystery Thriller, 23, 8, Lists, Seen all, Sign in, to sync Watchlist",2018.0,7.5,1k,JioHotstar,Indian,India,23.0,UA13+,https://www.justwatch.com/in/tv-show/bepannaah
Band of Brothers,show,"Action & Adventure, Drama, History, War & Military, War Drama",2001.0,9.4,597k,JioHotstar,International,United States,59.0,U,https://www.justwatch.com/in/tv-show/band-of-brothers
Industry,show,Drama,2020.0,7.5,28k,JioHotstar,International,"United Kingdom, United States",57.0,A,https://www.justwatch.com/in/tv-show/industry
La Brea,show,"Action & Adventure, Drama, Science-Fiction, Mystery Thriller",2021.0,5.8,17k,JioHotstar,International,United States,,,https://www.justwatch.com/in/tv-show/la-brea
Tulsa King,show,"Action & Adventure, Crime, Drama, Organized Crime",2022.0,7.9,118k,JioHotstar,International,United States,40.0,A,https://www.justwatch.com/in/tv-show/tulsa-king
"Life, Larry and the Pursuit of Unhappiness: An Almost History of America",show,,2026.0,6.8,1k,JioHotstar,International,United States,,,https://www.justwatch.com/in/tv-show/life-larry-and-the-pursuit-of-unhappiness-an-almost-history-of-america
It's Always Sunny in Philadelphia,show,"Comedy, Sitcoms",2005.0,8.8,282k,JioHotstar,International,United States,23.0,UA16+,https://www.justwatch.com/in/tv-show/its-always-sunny-in-philadelphia
Brothers and Sisters,show,"Comedy, Drama, Kids & Family",2026.0,,,JioHotstar,Indian,India,,,https://www.justwatch.com/in/tv-show/brothers-and-sisters-2026
House,show,"Drama, Emotional Drama, Mystery Thriller",2004.0,8.7,594k,JioHotstar,International,United States,44.0,U,https://www.justwatch.com/in/tv-show/house
Wonder Man,show,"Comedy, Drama, Fantasy, Science-Fiction, Action Adventure, Action Comedy",2026.0,7.4,35k,JioHotstar,International,United States,,,https://www.justwatch.com/in/tv-show/wonder-man-0
Dune: Prophecy,show,"Drama, Science-Fiction, Action Adventure",2024.0,7.3,68k,JioHotstar,International,United States,,,https://www.justwatch.com/in/tv-show/dune-the-sisterhood
RadhaKrishn,show,"Action & Adventure, Comedy, Drama, Kids & Family, Romance, Bollywood",2018.0,8.2,3k,JioHotstar,Indian,India,23.0,U,https://www.justwatch.com/in/tv-show/radhakrishn
Your Honor,show,"Crime, Drama, Mystery & Thriller, Courtroom",2020.0,7.6,79k,JioHotstar,International,United States,56.0,A,https://www.justwatch.com/in/tv-show/your-honor-2020
Arrow,show,"Action & Adventure, Crime, Drama, Science-Fiction, Superhero",2012.0,7.5,461k,JioHotstar,International,United States,42.0,U,https://www.justwatch.com/in/tv-show/arrow
Cousins and Kalyanams,show,"Comedy, Drama, Kids & Family, Romance, Dramedy",2026.0,,,JioHotstar,Indian,India,23.0,UA13+,https://www.justwatch.com/in/tv-show/cousins-and-kalyanams
The Legend of Korra,show,"Action & Adventure, Animation, Drama, Fantasy, Kids & Family, Science-Fiction, Classic Japanese Anime",2012.0,8.3,151k,JioHotstar,International,United States,23.0,U,https://www.justwatch.com/in/tv-show/the-legend-of-korra
Station Eleven,show,"Drama, Fantasy, Mystery & Thriller, Science-Fiction, Post Apocalyptic World",2021.0,7.5,43k,JioHotstar,International,United States,,,https://www.justwatch.com/in/tv-show/station-eleven
Andor,show,"Drama, Fantasy, Mystery & Thriller, Science-Fiction, Action Adventure",2022.0,8.6,279k,JioHotstar,International,United States,48.0,UA13+,https://www.justwatch.com/in/tv-show/andor
DTF St. Louis,show,"Comedy, Drama, Mystery & Thriller, Dark Crime",2026.0,7.3,19k,JioHotstar,International,United States,,,https://www.justwatch.com/in/tv-show/dtf-st-louis
Marvel's Agents of S.H.I.E.L.D.,show,"Action & Adventure, Drama, Mystery & Thriller, Science-Fiction, Superhero",2013.0,7.5,235k,JioHotstar,International,United States,43.0,U,https://www.justwatch.com/in/tv-show/marvels-agents-of-s-h-i-e-l-d
Marvel's Iron Fist,show,"Action & Adventure, Crime, Drama, Fantasy, Science-Fiction, Martial Art",2017.0,6.4,149k,JioHotstar,International,United States,54.0,UA16+,https://www.justwatch.com/in/tv-show/marvels-iron-fist
The Outsider,show,"Crime, Drama, Horror, Detective Crime, Mystery Thriller",2020.0,7.6,116k,JioHotstar,International,United States,57.0,UA13+,https://www.justwatch.com/in/tv-show/the-outsider
Yellowjackets,show,"Drama, Horror, Action Adventure, Mystery Thriller",2021.0,7.7,115k,JioHotstar,International,United States,57.0,UA16+,https://www.justwatch.com/in/tv-show/yellowjackets
Pyaar Kii Ye Ek Kahaani,show,"Drama, Fantasy, Romance, Mystery & Thriller, Modern Fantasy",2010.0,7.3,1k,JioHotstar,Indian,"India, United States",21.0,PG,https://www.justwatch.com/in/tv-show/pyaar-kii-ye-ek-kahaani
The Leftovers,show,"Drama, Fantasy, Mystery & Thriller, Science-Fiction, Sci-Fi Drama",2014.0,8.3,131k,JioHotstar,International,United States,58.0,A,https://www.justwatch.com/in/tv-show/the-leftovers
Warrior,show,"Action & Adventure, Crime, Drama, History, Western, Martial Art",2019.0,8.4,53k,JioHotstar,International,United States,53.0,A,https://www.justwatch.com/in/tv-show/warrior-2019
Meri Aashiqui Tum Se Hi,show,"Drama, Bollywood, Like, Dislike, Lists, Seen all, Sign in, to sync Watchlist",2014.0,,,JioHotstar,Indian,India,21.0,UA13+,https://www.justwatch.com/in/tv-show/meri-aashiqui-tum-se-hi
Salakaar,show,"Action & Adventure, Mystery & Thriller, Action Thriller",2025.0,5.8,1k,JioHotstar,Indian,India,32.0,UA16+,https://www.justwatch.com/in/tv-show/salakaar
Key & Peele,show,"Comedy, Stand Up Comedy",2012.0,8.3,29k,JioHotstar,International,United States,22.0,U,https://www.justwatch.com/in/tv-show/key-and-peele
Grey's Anatomy,show,"Drama, Romance, Romantic Drama",2005.0,7.6,375k,JioHotstar,International,United States,47.0,UA13+,https://www.justwatch.com/in/tv-show/greys-anatomy
Gundeninda Gudigantalu,show,"Drama, Kids & Family, Romance, Romantic Drama",2023.0,,,JioHotstar,Indian,India,,,https://www.justwatch.com/in/tv-show/gundeninda-gudigantalu
Percy Jackson and the Olympians,show,"Drama, Fantasy, Kids & Family, Science-Fiction, Action Adventure",2023.0,7.0,52k,JioHotstar,International,United States,,,https://www.justwatch.com/in/tv-show/percy-jackson-and-the-olympians
Grimm,show,"Action & Adventure, Crime, Drama, Fantasy, Horror, Mystery & Thriller, Science-Fiction, Detective Crime",2011.0,7.9,141k,JioHotstar,International,United States,47.0,U,https://www.justwatch.com/in/tv-show/grimm
Homeland,show,"Crime, Drama, Mystery & Thriller, War & Military, Spies",2011.0,8.3,385k,JioHotstar,International,United States,52.0,A,https://www.justwatch.com/in/tv-show/homeland
Deep Revenge,show,"Drama, Mystery & Thriller",2026.0,,,JioHotstar,International,Japan,,,https://www.justwatch.com/in/tv-show/deep-revenge
Yeh Rishtey Hain Pyaar Ke,show,"Drama, Kids & Family, Bollywood",2019.0,7.1,2k,JioHotstar,Indian,India,21.0,PG,https://www.justwatch.com/in/tv-show/yeh-rishtey-hain-pyaar-ke
Resident Alien,show,"Comedy, Drama, Science-Fiction, Sci-Fi Comedy, Dramedy, Mystery Thriller",2021.0,8.0,88k,JioHotstar,International,United States,44.0,UA16+,https://www.justwatch.com/in/tv-show/resident-alien
Broken But Beautiful,show,"Drama, Romance, Romantic Drama",2018.0,8.5,17k,JioHotstar,Indian,India,25.0,A,https://www.justwatch.com/in/tv-show/broken-but-beautiful
Fuh se Fantasy,show,"Drama, Romance, Romantic Drama",2019.0,6.8,6k,JioHotstar,Indian,India,29.0,UA16+,https://www.justwatch.com/in/tv-show/fuh-se-fantasy
Aashiqana,show,"Crime, Mystery & Thriller, Romance, Romantic Thriller",2022.0,5.6,1k,JioHotstar,Indian,India,22.0,UA16+,https://www.justwatch.com/in/tv-show/aashiqana
Rooster,show,"Comedy, Drama, Dramedy",2026.0,7.6,18k,JioHotstar,International,United States,,,https://www.justwatch.com/in/tv-show/rooster
The Legend of Hanuman,show,"Action & Adventure, Animation, Fantasy, Kids & Family, Science-Fiction, Western Animation",2021.0,9.1,13k,JioHotstar,Indian,India,21.0,PG,https://www.justwatch.com/in/tv-show/the-legend-of-hanuman
Two and a Half Men,show,"Comedy, Romance, Sitcoms",2003.0,7.1,298k,JioHotstar,International,United States,22.0,U,https://www.justwatch.com/in/tv-show/two-and-a-half-men
Silicon Valley,show,"Comedy, Sitcoms",2014.0,8.5,182k,JioHotstar,International,United States,29.0,UA13+,https://www.justwatch.com/in/tv-show/silicon-valley
The 4400,show,"Drama, Mystery & Thriller, Science-Fiction, Sci-Fi Drama",2004.0,7.3,48k,JioHotstar,International,United States,,,https://www.justwatch.com/in/tv-show/the-4400
9-1-1,show,"Action & Adventure, Crime, Drama, Mystery & Thriller, Emotional Drama",2018.0,7.9,64k,JioHotstar,International,United States,43.0,UA16+,https://www.justwatch.com/in/tv-show/9-1-1
Moon Knight,show,"Fantasy, Mystery & Thriller, Science-Fiction, Superhero, Action Adventure",2022.0,7.3,278k,JioHotstar,International,United States,48.0,UA16+,https://www.justwatch.com/in/tv-show/moon-knight
The Sex Lives of College Girls,show,"Comedy, Drama, Female Comedy",2021.0,7.7,35k,JioHotstar,International,United States,29.0,A,https://www.justwatch.com/in/tv-show/the-sex-lives-of-college-girls
Tell Me Lies,show,"Drama, Mystery & Thriller, Romantic Drama",2022.0,7.2,20k,JioHotstar,International,United States,53.0,A,https://www.justwatch.com/in/tv-show/tell-me-lies
Evil,show,"Crime, Drama, Horror, Mystery & Thriller, Paranormal",2019.0,7.7,52k,JioHotstar,International,United States,49.0,UA13+,https://www.justwatch.com/in/tv-show/evil
Taaza Khabar,show,"Action & Adventure, Comedy, Drama, Fantasy, Mystery & Thriller, Science-Fiction, Bollywood, Dramedy, Action Comedy",2023.0,8.0,57k,JioHotstar,Indian,India,32.0,UA16+,https://www.justwatch.com/in/tv-show/taaza-khabar
The Penguin,show,"Crime, Drama, Fantasy, Superhero, Organized Crime",2024.0,8.6,241k,JioHotstar,International,United States,58.0,A,https://www.justwatch.com/in/tv-show/the-penguin
Rome,show,"Action & Adventure, Drama, Romance, War & Military, Made in Europe, Period Drama, Epic",2005.0,8.7,204k,JioHotstar,International,United States,54.0,A,https://www.justwatch.com/in/tv-show/rome
The Capture,show,"Crime, Drama, Mystery Thriller",2019.0,8.0,34k,JioHotstar,International,United Kingdom,,,https://www.justwatch.com/in/tv-show/the-capture
Deli Boys,show,"Comedy, Crime, Drama, Dramedy",2025.0,7.2,4k,JioHotstar,International,United States,,,https://www.justwatch.com/in/tv-show/deli-boys
The Night Of,show,"Crime, Drama, Mystery Thriller",2016.0,8.4,176k,JioHotstar,International,United States,65.0,A,https://www.justwatch.com/in/tv-show/the-night-of
Vikram On Duty,show,"Crime, Mystery & Thriller, Action Thriller",2026.0,,,JioHotstar,Indian,India,22.0,A,https://www.justwatch.com/in/tv-show/vikram-on-duty
Parks and Recreation,show,"Comedy, Sitcoms",2009.0,8.6,316k,JioHotstar,International,United States,22.0,UA13+,https://www.justwatch.com/in/tv-show/parks-and-recreation
The Seven Deadly Sins,show,"Action & Adventure, Animation, Comedy, Fantasy, Science-Fiction, Classic Japanese Anime",2014.0,7.6,46k,JioHotstar,International,Japan,25.0,UA16+,https://www.justwatch.com/in/tv-show/the-seven-deadly-sins
All Her Fault,show,"Crime, Drama, Mystery & Thriller, Emotional Drama",2025.0,7.5,46k,JioHotstar,International,"Australia, United Kingdom, United States",,,https://www.justwatch.com/in/tv-show/all-her-fault
The Five Star Weekend,show,"Drama, Emotional Drama",2026.0,,,JioHotstar,International,United States,,,https://www.justwatch.com/in/tv-show/the-five-star-weekend
Ishq Aur Desire,show,"Drama, Mystery & Thriller, Bollywood",2019.0,6.0,5k,JioHotstar,Indian,India,27.0,A,https://www.justwatch.com/in/tv-show/bekaaboo
Reign,show,"Drama, History, Romance, Young Adult Drama, Period Drama",2013.0,7.4,58k,JioHotstar,International,United States,42.0,UA16+,https://www.justwatch.com/in/tv-show/reign
Iss Pyaar Ko Kya Naam Doon,show,"Drama, Romance, Romantic Drama, Like, Dislike, Lists, Seen all, Sign in, to sync Watchlist",2011.0,7.6,4k,JioHotstar,Indian,India,22.0,PG,https://www.justwatch.com/in/tv-show/what-name-should-i-give-this-love
Mare of Easttown,show,"Crime, Drama, Mystery & Thriller, Detective Crime",2021.0,8.4,223k,JioHotstar,International,United States,60.0,A,https://www.justwatch.com/in/tv-show/mare-of-easttown
Curb Your Enthusiasm,show,"Comedy, Raunchy Comedy",2000.0,8.8,167k,JioHotstar,International,United States,33.0,U,https://www.justwatch.com/in/tv-show/curb-your-enthusiasm
Twin Peaks,show,"Crime, Drama, Horror, Dark Crime, Mystery Thriller",2017.0,8.5,90k,JioHotstar,International,United States,56.0,A,https://www.justwatch.com/in/tv-show/twin-peaks-2017
Heart Beat,show,"Drama, Emotional Drama, Bollywood",2024.0,,,JioHotstar,Indian,India,,,https://www.justwatch.com/in/tv-show/heart-beat
Dil Ko Tumse Pyaar Hua,show,"Drama, Kids & Family, Romance, Romantic Drama",2024.0,,,JioHotstar,International,United States,,,https://www.justwatch.com/in/tv-show/dil-ko-tumse-pyaar-hua
Alien: Earth,show,"Drama, Horror, Mystery & Thriller, Science-Fiction, Sci-Fi Drama",2025.0,7.1,106k,JioHotstar,International,United States,55.0,A,https://www.justwatch.com/in/tv-show/alien
Scorpion,show,"Action & Adventure, Crime, Drama, Mystery & Thriller, Spies, Based On A True Story",2014.0,7.1,64k,JioHotstar,International,United States,42.0,U,https://www.justwatch.com/in/tv-show/scorpion
The King of Queens,show,"Comedy, Sitcoms",1998.0,7.4,95k,JioHotstar,International,United States,24.0,UA13+,https://www.justwatch.com/in/tv-show/the-king-of-queens
Big Little Lies,show,"Crime, Drama, Dark Crime, Mystery Thriller",2017.0,8.4,245k,JioHotstar,International,United States,50.0,UA16+,https://www.justwatch.com/in/tv-show/big-little-lies
Devon Ke Dev...Mahadev,show,"Action & Adventure, Drama, Fantasy, Romance, Bollywood",2011.0,9.2,5k,JioHotstar,Indian,India,22.0,U,https://www.justwatch.com/in/tv-show/devon-ke-dev-mhaadev
Below Deck,show,Reality TV,2013.0,7.5,6k,JioHotstar,International,United States,43.0,UA16+,https://www.justwatch.com/in/tv-show/below-deck
Nazar,show,"Fantasy, Horror, Mystery & Thriller, Science-Fiction, Bollywood",2018.0,,,JioHotstar,Indian,India,20.0,UA13+,https://www.justwatch.com/in/tv-show/nazar
The Newsroom,show,"Drama, Emotional Drama",2012.0,8.6,135k,JioHotstar,International,United States,57.0,UA13+,https://www.justwatch.com/in/tv-show/the-newsroom
Aarya,show,"Action & Adventure, Crime, Drama, Mystery & Thriller, Bollywood",2020.0,7.7,16k,JioHotstar,Indian,India,45.0,UA16+,https://www.justwatch.com/in/tv-show/aarya
Doree,show,"Action & Adventure, Crime, Drama, Kids & Family, Mystery & Thriller, Romance, Bollywood, Like, Dislike, Lists, Seen all, Sign in, to sync Watchlist",2023.0,,,JioHotstar,Indian,India,,,https://www.justwatch.com/in/tv-show/doree
Below Deck Mediterranean,show,Reality TV,2016.0,7.6,4k,JioHotstar,International,United States,45.0,A,https://www.justwatch.com/in/tv-show/below-deck-mediterranean
PAW Patrol,show,"Animation, Comedy, Kids & Family, Family Animation",2013.0,6.1,7k,JioHotstar,International,"Canada, United States",18.0,U,https://www.justwatch.com/in/tv-show/paw-patrol
Only Murders in the Building,show,"Comedy, Crime, Drama, Dramedy, Mystery Thriller",2021.0,8.0,204k,JioHotstar,International,United States,35.0,UA16+,https://www.justwatch.com/in/tv-show/only-murders-in-the-building
Akgwi,show,"Drama, Fantasy, Horror, Mystery Thriller",2023.0,7.9,4k,JioHotstar,International,South Korea,,,https://www.justwatch.com/in/tv-show/revenant
The Madison,show,"Drama, Emotional Drama",2026.0,7.8,20k,JioHotstar,International,United States,,,https://www.justwatch.com/in/tv-show/the-madison
The Great,show,"Comedy, Drama, History, Dramedy, Period Drama",2020.0,8.1,65k,JioHotstar,International,United States,,,https://www.justwatch.com/in/tv-show/the-great
This Is Us,show,"Comedy, Drama, Romance, Dramedy, Romantic Drama",2016.0,8.7,174k,JioHotstar,International,United States,43.0,U,https://www.justwatch.com/in/tv-show/this-is-us
Prisoner,show,"Action & Adventure, Crime, Mystery & Thriller, Action Thriller",2026.0,6.6,1k,JioHotstar,International,United Kingdom,,,https://www.justwatch.com/in/tv-show/prisoner
Bleach: Sennen Kessen-hen,show,"Action & Adventure, Animation, Fantasy, Mystery & Thriller, War & Military, Classic Japanese Anime",2022.0,9.0,77k,JioHotstar,International,Japan,25.0,UA16+,https://www.justwatch.com/in/tv-show/bleach-thousand-year-blood-war
His Dark Materials,show,"Action & Adventure, Drama, Fantasy, Science-Fiction, Epic Fantasy, Sci-Fi Drama, Dark Fantasy",2019.0,7.7,94k,JioHotstar,International,United Kingdom,54.0,UA13+,https://www.justwatch.com/in/tv-show/his-dark-materials
Mairimashita! Iruma-kun,show,"Animation, Comedy, Drama, Fantasy, Science-Fiction, Classic Japanese Anime",2019.0,7.6,3k,JioHotstar,International,Japan,24.0,UA13+,https://www.justwatch.com/in/tv-show/welcome-to-demon-school-iruma-kun
Kasam - Tere Pyaar Ki,show,"Kids & Family, Drama, Bollywood, Romantic Drama",2016.0,,,JioHotstar,Indian,India,,,https://www.justwatch.com/in/tv-show/kasam
White Collar,show,"Comedy, Crime, Drama, Mystery & Thriller, Detective Crime",2009.0,8.2,153k,JioHotstar,International,United States,44.0,U,https://www.justwatch.com/in/tv-show/white-collar
Hawaii Five-0,show,"Action & Adventure, Comedy, Crime, Drama, Mystery & Thriller, Romance, Detective Crime, Action Thriller",2010.0,7.4,83k,JioHotstar,International,United States,43.0,U,https://www.justwatch.com/in/tv-show/hawaii-five-0
Tucci in Italy,show,Documentary,2025.0,8.0,1k,JioHotstar,International,United States,,,https://www.justwatch.com/in/tv-show/tucci-in-italy
Law & Order,show,"Crime, Drama, Mystery & Thriller, Courtroom, Detective Crime",1990.0,7.8,51k,JioHotstar,International,United States,,,https://www.justwatch.com/in/tv-show/law-and-order
Nurse Jackie,show,"Comedy, Drama, Dramedy",2009.0,7.9,33k,JioHotstar,International,United States,27.0,UA16+,https://www.justwatch.com/in/tv-show/nurse-jackie
Gossip Girl,show,"Drama, Romance, Emotional Drama, Young Adult Drama",2007.0,7.5,198k,JioHotstar,International,United States,42.0,U,https://www.justwatch.com/in/tv-show/gossip-girl
Vice Principals,show,Comedy,2016.0,8.0,38k,JioHotstar,International,United States,,,https://www.justwatch.com/in/tv-show/vice-principals
Tuu Juliet Jatt Di,show,"Drama, Romance",2025.0,,,JioHotstar,Indian,India,24.0,UA13+,https://www.justwatch.com/in/tv-show/tu-juliet-jatt-di
American Horror Story,show,"Drama, Horror, Mystery & Thriller, Science-Fiction, Slasher, Horror Thriller",2011.0,7.9,362k,JioHotstar,International,United States,44.0,A,https://www.justwatch.com/in/tv-show/american-horror-story
Shubh Ratri,show,"Comedy, Drama, Bollywood",2019.0,,,JioHotstar,Indian,India,26.0,UA7+,https://www.justwatch.com/in/tv-show/shubh-ratri
Molkki,show,"Drama, Emotional Drama, Bollywood",2020.0,,,JioHotstar,Indian,India,20.0,UA13+,https://www.justwatch.com/in/tv-show/molkki
Tracker,show,"Action & Adventure, Crime, Drama, Detective Crime",2024.0,7.1,30k,JioHotstar,International,United States,,,https://www.justwatch.com/in/tv-show/tracker-2024
Bahu Begum,show,"Drama, Kids & Family, Romance, Bollywood, Like, Dislike, Lists, Seen all, Sign in, to sync Watchlist",2019.0,,,JioHotstar,Indian,India,20.0,UA13+,https://www.justwatch.com/in/tv-show/bahu-begum
Love Conquers All,show,"Drama, Romance, Bollywood",2001.0,3.8,1k,JioHotstar,Indian,India,28.0,UA13+,https://www.justwatch.com/in/tv-show/kasautii-zindagii-kay
Nishir Daak,show,"Horror, Mystery & Thriller, Bollywood, Horror Thriller",2018.0,,,JioHotstar,Indian,India,,,https://www.justwatch.com/in/tv-show/nishir-daak
Halo,show,"Mystery & Thriller, Science-Fiction, War & Military, Sci-Fi Military, Action Adventure",2022.0,7.3,110k,JioHotstar,International,United States,52.0,UA13+,https://www.justwatch.com/in/tv-show/halo
Gold Land,show,"Crime, Drama, Mystery & Thriller, Romance",2026.0,,,JioHotstar,International,South Korea,,,https://www.justwatch.com/in/tv-show/gold-land
MasterChef Australia,show,"Reality TV, Reality Competition",2009.0,8.2,4k,JioHotstar,International,Australia,55.0,U,https://www.justwatch.com/in/tv-show/masterchef-australia
PONIES,show,"Comedy, Crime, Drama, Mystery Thriller",2026.0,7.1,11k,JioHotstar,International,United States,,,https://www.justwatch.com/in/tv-show/ponies
Welcome to Wrexham,show,"Documentary, Sport, Reality TV",2022.0,8.3,25k,JioHotstar,International,United States,34.0,UA16+,https://www.justwatch.com/in/tv-show/welcome-to-wrexham
Dr. Aarambhi,show,Drama,2026.0,,,JioHotstar,Indian,India,21.0,UA13+,https://www.justwatch.com/in/tv-show/dr-aarambhi
Neighbors,show,"Documentary, Reality TV",2026.0,6.8,1k,JioHotstar,International,United States,,,https://www.justwatch.com/in/tv-show/neighbors
Anupamaa,show,"Drama, Emotional Drama, Bollywood",2020.0,3.5,3k,JioHotstar,Indian,India,24.0,UA13+,https://www.justwatch.com/in/tv-show/anupamaa
Vigilante,show,"Action & Adventure, Crime, Drama, Mystery & Thriller, Action Thriller",2023.0,7.7,4k,JioHotstar,International,South Korea,,,https://www.justwatch.com/in/tv-show/vigilante
Boston Legal,show,"Comedy, Crime, Drama, Courtroom",2004.0,8.5,53k,JioHotstar,International,United States,44.0,UA13+,https://www.justwatch.com/in/tv-show/boston-legal
She-Hulk: Attorney at Law,show,"Comedy, Science-Fiction, Action Adventure",2022.0,5.2,209k,JioHotstar,International,United States,32.0,UA16+,https://www.justwatch.com/in/tv-show/she-hulk
Criminal Justice: Adhura Sach,show,"Crime, Drama, Mystery Thriller",2022.0,7.6,8k,JioHotstar,Indian,India,47.0,UA16+,https://www.justwatch.com/in/tv-show/criminal-justice-adhura-sach
1883,show,"Drama, Western, Epic Western",2021.0,8.6,167k,JioHotstar,International,United States,,,https://www.justwatch.com/in/tv-show/1883
New Girl,show,"Comedy, Romance, Sitcoms",2011.0,7.8,263k,JioHotstar,International,United States,21.0,U,https://www.justwatch.com/in/tv-show/new-girl
Barrister Babu,show,"Drama, History, Kids & Family, Romance, Bollywood",2020.0,7.1,1k,JioHotstar,Indian,India,21.0,UA13+,https://www.justwatch.com/in/tv-show/barrister-babu
Poker Face,show,"Comedy, Crime, Drama, Mystery Thriller",2023.0,7.7,68k,JioHotstar,International,United States,,,https://www.justwatch.com/in/tv-show/poker-face
Sirf Tum,show,"Drama, Romantic Drama",2021.0,,,JioHotstar,Indian,India,22.0,UA13+,https://www.justwatch.com/in/tv-show/sirf-tum
Sword Art Online,show,"Action & Adventure, Animation, Drama, Fantasy, Mystery & Thriller, Romance, Science-Fiction, Classic Japanese Anime",2012.0,7.5,54k,JioHotstar,International,Japan,23.0,A,https://www.justwatch.com/in/tv-show/sword-art-online-ii
Barry,show,"Action & Adventure, Comedy, Crime, Drama, Dark Crime, Action Comedy, Sitcoms",2018.0,8.3,143k,JioHotstar,International,United States,32.0,UA13+,https://www.justwatch.com/in/tv-show/barry
Marvel's Jessica Jones,show,"Action & Adventure, Crime, Drama, Mystery & Thriller, Science-Fiction, Superhero",2015.0,7.8,240k,JioHotstar,International,United States,51.0,A,https://www.justwatch.com/in/tv-show/marvels-jessica-jones
Star Wars: Maul - Shadow Lord,show,"Action & Adventure, Animation, Crime, Kids & Family, Science-Fiction",2026.0,8.6,26k,JioHotstar,International,United States,24.0,UA13+,https://www.justwatch.com/in/tv-show/star-wars-maul-shadow-lord
St. Denis Medical,show,"Comedy, Sitcoms",2024.0,7.2,8k,JioHotstar,International,United States,,,https://www.justwatch.com/in/tv-show/st-denis-medical
Marvel's The Defenders,show,"Action & Adventure, Crime, Fantasy, Science-Fiction, Superhero",2017.0,7.2,127k,JioHotstar,International,United States,50.0,UA16+,https://www.justwatch.com/in/tv-show/marvels-the-defenders
Dhurandhar: The Revenge,movie,"Action & Adventure, Crime, Mystery & Thriller",2026.0,8.3,62k,JioCinema,Indian,India,235.0,A,https://www.justwatch.com/in/movie/dhurandhar-the-revenge
Trikala: Script of God,movie,Mystery & Thriller,2026.0,,,JioCinema,Indian,India,127.0,A,https://www.justwatch.com/in/movie/trikala-script-of-god
Dhurandhar,movie,"Action & Adventure, Crime, Drama, Mystery & Thriller, Action Thriller",2025.0,8.3,143k,JioCinema,Indian,India,214.0,A,https://www.justwatch.com/in/movie/dhurandhar-2025
Dridam,movie,"Crime, Drama, Mystery & Thriller, Bollywood",2026.0,7.0,3k,JioCinema,Indian,India,127.0,UA16+,https://www.justwatch.com/in/movie/dridam
Mollywood Times,movie,"Comedy, Drama",2026.0,7.5,2k,JioCinema,Indian,India,150.0,UA16+,https://www.justwatch.com/in/movie/mollywood-times
Evil Dead Rise,movie,"Horror, Mystery & Thriller, Horror Thriller, Dark Fantasy",2023.0,6.5,169k,JioCinema,International,"Ireland, New Zealand, United States",96.0,A,https://www.justwatch.com/in/movie/evil-dead-rise
Spider-Man: No Way Home,movie,"Action & Adventure, Fantasy, Science-Fiction, Superhero",2021.0,,,JioCinema,International,United States,148.0,UA,https://www.justwatch.com/in/movie/spider-man-no-way-home
Avatar: Fire and Ash,movie,"Drama, Fantasy, Science-Fiction, Action Adventure",2025.0,7.2,176k,JioCinema,International,United States,198.0,UA16+,https://www.justwatch.com/in/movie/avatar-3
Send Help,movie,"Comedy, Horror, Mystery & Thriller, Horror Thriller",2026.0,6.7,126k,JioCinema,International,United States,113.0,A,https://www.justwatch.com/in/movie/send-help
Fifty Shades of Grey,movie,"Drama, Mystery & Thriller, Romance, Romantic Thriller, Chick Flicks, Romantic Drama",2015.0,4.2,357k,JioCinema,International,United States,,,https://www.justwatch.com/in/movie/fifty-shades-of-grey
How to Have Sex,movie,"Drama, Emotional Drama",2023.0,6.4,23k,JioCinema,International,"Belgium, France, United Kingdom, Greece",,,https://www.justwatch.com/in/movie/how-to-have-sex
Tell Me What You Want,movie,"Documentary, Drama, Mystery & Thriller, Romance, Romantic Thriller, Romantic Drama",2024.0,4.1,2k,JioCinema,International,Spain,114.0,A,https://www.justwatch.com/in/movie/pideme-lo-que-quieras
Together,movie,"Horror, Romance, Science-Fiction, RomCom",2025.0,6.7,82k,JioCinema,International,"Australia, United States",102.0,A,https://www.justwatch.com/in/movie/together-2025
Ugly story,movie,"Drama, Mystery & Thriller, Romance",2026.0,,,JioCinema,Indian,India,123.0,A,https://www.justwatch.com/in/movie/ugly-story
Sambhavam Adhyayam Onnu,movie,"Drama, Fantasy, Mystery & Thriller, Psychological Thriller",2026.0,7.4,6k,JioCinema,Indian,India,127.0,UA13+,https://www.justwatch.com/in/movie/sambhavam-adhyayam-onnu
Shiddat,movie,"Drama, Romance, Bollywood",2021.0,7.6,27k,JioCinema,Indian,"United Kingdom, India",146.0,UA,https://www.justwatch.com/in/movie/shiddat-2021
Hoppers,movie,"Action & Adventure, Animation, Comedy, Kids & Family, Science-Fiction, Family Animation",2026.0,7.3,65k,JioCinema,International,United States,104.0,UA7+,https://www.justwatch.com/in/movie/hoppers
The Wolf of Wall Street,movie,"Comedy, Crime, Drama, Biopics, Based On A True Story",2013.0,,,JioCinema,International,United States,180.0,A,https://www.justwatch.com/in/movie/the-wolf-of-wall-street
Interstellar,movie,"Action & Adventure, Drama, Science-Fiction, Sci-Fi Drama",2014.0,,,JioCinema,International,"Canada, United Kingdom, United States",169.0,UA,https://www.justwatch.com/in/movie/interstellar
Companion,movie,"Horror, Science-Fiction, Mystery Thriller",2025.0,6.9,180k,JioCinema,International,United States,97.0,A,https://www.justwatch.com/in/movie/companion-2025
Dangal,movie,"Action & Adventure, Comedy, Drama, Kids & Family, Sport, Bollywood",2016.0,8.3,244k,JioCinema,Indian,India,161.0,U,https://www.justwatch.com/in/movie/dangal
Harry Potter and the Philosopher's Stone,movie,"Action & Adventure, Fantasy, Kids & Family, Epic Fantasy",2001.0,7.7,954k,JioCinema,International,"United Kingdom, United States",152.0,U,https://www.justwatch.com/in/movie/harry-potter-and-the-philosophers-stone
Love Sonia,movie,"Drama, Bollywood",2018.0,7.4,2k,JioCinema,Indian,India,126.0,A,https://www.justwatch.com/in/movie/love-sonia
Titanic,movie,"Drama, Romance, Romantic Epic",1997.0,,,JioCinema,International,United States,194.0,UA,https://www.justwatch.com/in/movie/titanic
Hridayam,movie,"Drama, Romance, Romantic Drama",2022.0,8.0,21k,JioCinema,Indian,India,172.0,U,https://www.justwatch.com/in/movie/hridayam
300,movie,"Action & Adventure, Drama, War & Military, Epic Fantasy, Epic",2007.0,7.6,914k,JioCinema,International,"Bulgaria, Canada, United States",117.0,A,https://www.justwatch.com/in/movie/300
Geetha Govindam,movie,"Comedy, Drama, Romance, Bollywood",2018.0,7.7,17k,JioCinema,Indian,India,148.0,UA,https://www.justwatch.com/in/movie/geetha-govindam
Rangasthalam,movie,"Action & Adventure, Drama, Bollywood",2018.0,8.2,31k,JioCinema,Indian,India,179.0,UA,https://www.justwatch.com/in/movie/rangasthalam
Inception,movie,"Action & Adventure, Mystery & Thriller, Science-Fiction, Cerebral, Action Thriller",2010.0,,,JioCinema,International,"United Kingdom, United States",148.0,UA,https://www.justwatch.com/in/movie/inception
Iron Man,movie,"Action & Adventure, Science-Fiction, Superhero",2008.0,,,JioCinema,International,United States,126.0,UA,https://www.justwatch.com/in/movie/iron-man
The Lunchbox,movie,"Drama, Romance, Bollywood",2013.0,7.8,68k,JioCinema,Indian,"Germany, France, India, United States",104.0,U,https://www.justwatch.com/in/movie/the-lunchbox
Strange Days,movie,"Crime, Drama, Mystery & Thriller, Science-Fiction, Cyberpunk, Action Thriller",1995.0,7.2,85k,JioCinema,International,United States,145.0,U,https://www.justwatch.com/in/movie/strange-days
The Amazing Spider-Man,movie,"Action & Adventure, Science-Fiction, Superhero",2012.0,6.9,768k,JioCinema,International,United States,137.0,UA,https://www.justwatch.com/in/movie/the-amazing-spider-man
Pirates of the Caribbean: The Curse of the Black Pearl,movie,"Fantasy, Epic Fantasy, Action Adventure",2003.0,,,JioCinema,International,United States,143.0,UA,https://www.justwatch.com/in/movie/pirates-of-the-caribbean-the-curse-of-the-black-pearl
The Lord of the Rings: The Fellowship of the Ring,movie,"Action & Adventure, Drama, Fantasy, Epic Fantasy",2001.0,,,JioCinema,International,"New Zealand, United States",228.0,U,https://www.justwatch.com/in/movie/the-lord-of-the-rings-the-fellowship-of-the-ring
Chhichhore,movie,"Comedy, Drama, Romance, Bollywood",2019.0,8.3,73k,JioCinema,Indian,India,146.0,U,https://www.justwatch.com/in/movie/chhichhore
Avengers: Infinity War,movie,"Action & Adventure, Science-Fiction, Superhero",2018.0,,,JioCinema,International,United States,149.0,UA,https://www.justwatch.com/in/movie/avengers-infinity-war
Weapons,movie,"Horror, Mystery & Thriller, Horror Thriller",2025.0,7.4,372k,JioCinema,International,United States,129.0,A,https://www.justwatch.com/in/movie/weapons-2025
Bugonia,movie,"Comedy, Crime, Mystery & Thriller, Science-Fiction, Sci-Fi Comedy",2025.0,7.4,202k,JioCinema,International,"Canada, Ireland, South Korea, United States",119.0,A,https://www.justwatch.com/in/movie/bugonia
Bāhubali: The Beginning,movie,"Action & Adventure, Drama, Bollywood",2015.0,8.0,154k,JioCinema,Indian,India,159.0,UA,https://www.justwatch.com/in/movie/baahubali-the-beginning
The Devil's Bride,movie,"Horror, Mystery & Thriller, Horror Thriller",2025.0,,,JioCinema,International,Indonesia,91.0,A,https://www.justwatch.com/in/movie/the-devils-bride
K.G.F: Chapter 1,movie,"Action & Adventure, Crime, Drama, Mystery & Thriller, Bollywood",2018.0,8.1,111k,JioCinema,Indian,India,156.0,UA,https://www.justwatch.com/in/movie/k-g-f-chapter-1
Sisu,movie,"Action & Adventure, Mystery & Thriller, War & Military, War Epics",2023.0,6.9,123k,JioCinema,International,"Finland, United Kingdom, United States",91.0,A,https://www.justwatch.com/in/movie/sisu-2023
The Brutalist,movie,"Drama, Psychological Drama",2024.0,7.2,154k,JioCinema,International,"United Kingdom, United States",215.0,A,https://www.justwatch.com/in/movie/the-brutalist
Spider-Man: Far From Home,movie,"Action & Adventure, Comedy, Fantasy, Science-Fiction, Superhero",2019.0,7.3,643k,JioCinema,International,United States,130.0,UA,https://www.justwatch.com/in/movie/spider-man-far-from-home
Sing 2,movie,"Animation, Comedy, Kids & Family, Music & Musical, Animated Musical",2021.0,7.3,101k,JioCinema,International,United States,110.0,U,https://www.justwatch.com/in/movie/sing-2
Toy Story,movie,"Action & Adventure, Animation, Comedy, Fantasy, Kids & Family, Pixar, Family Animation",1995.0,,,JioCinema,International,United States,81.0,U,https://www.justwatch.com/in/movie/toy-story
First Man,movie,"Drama, History, Biopics",2018.0,7.3,217k,JioCinema,International,United States,138.0,UA,https://www.justwatch.com/in/movie/first-man
Atonement,movie,"Drama, Romance, War & Military, Romantic Epic",2007.0,7.8,330k,JioCinema,International,"France, United Kingdom, United States",123.0,UA,https://www.justwatch.com/in/movie/atonement
Superman,movie,"Action & Adventure, Science-Fiction, Superhero",2025.0,7.0,421k,JioCinema,International,United States,130.0,UA13+,https://www.justwatch.com/in/movie/superman-2025
Hello!,movie,"Action & Adventure, Drama, Horror, Mystery & Thriller, Romance, Bollywood",2017.0,7.4,3k,JioCinema,Indian,India,131.0,U,https://www.justwatch.com/in/movie/hello-2017
Ved,movie,"Drama, Romance, Romantic Drama",2022.0,7.2,5k,JioCinema,Indian,India,148.0,UA,https://www.justwatch.com/in/movie/ved
Man of Steel,movie,"Action & Adventure, Science-Fiction, Superhero",2013.0,7.1,869k,JioCinema,International,"United Kingdom, United States",143.0,UA,https://www.justwatch.com/in/movie/man-of-steel
The Godfather,movie,"Crime, Drama, Organized Crime",1972.0,,,JioCinema,International,United States,175.0,UA,https://www.justwatch.com/in/movie/the-godfather
12th Fail,movie,"Drama, Bollywood, Based On A True Story",2023.0,8.7,173k,JioCinema,Indian,India,146.0,U,https://www.justwatch.com/in/movie/12th-fail
Inglourious Basterds,movie,"Drama, Mystery & Thriller, War & Military, War Drama, War Epics",2009.0,,,JioCinema,International,"Germany, United States",153.0,A,https://www.justwatch.com/in/movie/inglourious-basterds
Wardriver,movie,"Crime, Mystery & Thriller",2026.0,5.5,1k,JioCinema,International,United States,93.0,UA16+,https://www.justwatch.com/in/movie/wardriver
Oppenheimer,movie,"Drama, History, War Drama, Biopics",2023.0,,,JioCinema,International,"United Kingdom, United States",181.0,UA,https://www.justwatch.com/in/movie/oppenheimer
Total Dhamaal,movie,"Action & Adventure, Comedy, Action Comedy",2019.0,4.3,9k,JioCinema,Indian,India,127.0,U,https://www.justwatch.com/in/movie/total-dhamaal
Jumanji: Welcome to the Jungle,movie,"Comedy, Fantasy, Action Adventure",2017.0,6.9,505k,JioCinema,International,United States,119.0,UA,https://www.justwatch.com/in/movie/jumanji-welcome-to-the-jungle
The Devil Wears Prada,movie,"Comedy, Drama, Chick Flicks, Dramedy",2006.0,7.0,557k,JioCinema,International,United States,109.0,UA,https://www.justwatch.com/in/movie/the-devil-wears-prada
The Dark Knight,movie,"Action & Adventure, Crime, Mystery & Thriller, Superhero, Action Thriller",2008.0,,,JioCinema,International,"United Kingdom, United States",152.0,UA,https://www.justwatch.com/in/movie/the-dark-knight
Sinners,movie,"Action & Adventure, Horror, Mystery & Thriller, Horror Thriller",2025.0,7.5,494k,JioCinema,International,"Australia, Canada, United States",137.0,A,https://www.justwatch.com/in/movie/sinners-2025
The RajaSaab,movie,"Action & Adventure, Comedy, Fantasy, Horror, RomCom, Horror Comedy",2026.0,3.1,11k,JioCinema,Indian,India,190.0,UA16+,https://www.justwatch.com/in/movie/the-raja-saab
The Matrix,movie,"Action & Adventure, Science-Fiction, Cerebral, Cyberpunk, Tech Noir",1999.0,,,JioCinema,International,United States,136.0,A,https://www.justwatch.com/in/movie/the-matrix
Shutter Island,movie,"Drama, Horror Thriller, Mystery Thriller, Psychological Thriller",2010.0,,,JioCinema,International,United States,138.0,A,https://www.justwatch.com/in/movie/shutter-island
Ford v Ferrari,movie,"Action & Adventure, Drama, History, Sport, Biopics, Based On A True Story",2019.0,8.1,495k,JioCinema,International,United States,153.0,UA,https://www.justwatch.com/in/movie/ford-v-ferrari
The Avengers,movie,"Action & Adventure, Science-Fiction, Superhero",2012.0,,,JioCinema,International,United States,143.0,UA,https://www.justwatch.com/in/movie/the-avengers
Marco,movie,"Action & Adventure, Crime, Mystery & Thriller, Bollywood",2024.0,6.5,25k,JioCinema,Indian,India,145.0,A,https://www.justwatch.com/in/movie/marco-2024
Dead Poets Society,movie,"Comedy, Drama, Dramedy",1989.0,8.1,657k,JioCinema,International,United States,129.0,U,https://www.justwatch.com/in/movie/dead-poets-society
Blade Runner 2049,movie,"Action & Adventure, Drama, Mystery & Thriller, Science-Fiction, Post Apocalyptic World, Cyberpunk",2017.0,8.0,757k,JioCinema,International,"Canada, United Kingdom, United States",164.0,A,https://www.justwatch.com/in/movie/blade-runner-2049
About Time,movie,"Comedy, Drama, Fantasy, Romance, Science-Fiction, Made in Europe, RomCom, Modern Fantasy, Dramedy, Romantic Drama",2013.0,7.8,436k,JioCinema,International,"United Kingdom, United States",123.0,UA16+,https://www.justwatch.com/in/movie/about-time
Avatar,movie,"Action & Adventure, Fantasy, Science-Fiction, Sci-Fi Military, Epic Fantasy",2009.0,,,JioCinema,International,"United Kingdom, United States",162.0,UA,https://www.justwatch.com/in/movie/avatar
Sarkar,movie,"Action & Adventure, Drama, Bollywood",2018.0,6.7,22k,JioCinema,Indian,India,164.0,UA,https://www.justwatch.com/in/movie/sarkar-2018
Catch Me If You Can,movie,"Crime, Drama, Based On A True Story",2002.0,,,JioCinema,International,United States,141.0,A,https://www.justwatch.com/in/movie/catch-me-if-you-can
Drishyam,movie,"Crime, Drama, Mystery & Thriller, Bollywood",2015.0,8.2,109k,JioCinema,Indian,India,169.0,UA13+,https://www.justwatch.com/in/movie/drishyam
Train to Busan,movie,"Action & Adventure, Horror, Mystery & Thriller",2016.0,7.6,309k,JioCinema,International,South Korea,118.0,A,https://www.justwatch.com/in/movie/train-to-busan
Vivah,movie,"Drama, Kids & Family, Mystery & Thriller, Romance, Bollywood",2006.0,6.7,12k,JioCinema,Indian,India,166.0,U,https://www.justwatch.com/in/movie/vivah
Top Gun: Maverick,movie,"Drama, Action Adventure",2022.0,8.2,731k,JioCinema,International,United States,131.0,UA,https://www.justwatch.com/in/movie/top-gun-maverick
Touch,movie,"Drama, Romance, Romantic Drama",2024.0,7.4,7k,JioCinema,International,"United Kingdom, Iceland",121.0,UA16+,https://www.justwatch.com/in/movie/touch-0
Kabir Singh,movie,"Drama, Romance, Bollywood",2019.0,7.0,45k,JioCinema,Indian,India,172.0,A,https://www.justwatch.com/in/movie/kabir-singh
Mermaid,movie,"Action & Adventure, Comedy, Horror, Mystery & Thriller, Horror Comedy",2026.0,,,JioCinema,International,United States,105.0,A,https://www.justwatch.com/in/movie/mermaid
Kill,movie,"Action & Adventure, Crime, Drama, Mystery & Thriller, Action Thriller",2024.0,7.4,46k,JioCinema,Indian,India,105.0,A,https://www.justwatch.com/in/movie/kill-2024
Dev.D,movie,"Comedy, Drama, Romance, Bollywood",2009.0,7.9,34k,JioCinema,Indian,India,144.0,A,https://www.justwatch.com/in/movie/dev-d
Get Out,movie,"Horror, Mystery & Thriller, Black Culture, Psychological Thriller",2017.0,7.8,823k,JioCinema,International,United States,104.0,UA16+,https://www.justwatch.com/in/movie/get-out
Speak No Evil,movie,"Drama, Horror, Mystery & Thriller, Horror Thriller",2024.0,6.8,139k,JioCinema,International,United States,110.0,A,https://www.justwatch.com/in/movie/speak-no-evil-2024
The Conjuring: Last Rites,movie,"Horror, Mystery & Thriller, Horror Thriller",2025.0,6.2,103k,JioCinema,International,United States,136.0,A,https://www.justwatch.com/in/movie/the-conjuring-last-rites
The Monkey,movie,"Comedy, Horror, Horror Comedy",2025.0,5.9,94k,JioCinema,International,"Canada, United States",97.0,A,https://www.justwatch.com/in/movie/the-monkey
Inside Man,movie,"Crime, Drama, Mystery & Thriller, Heist",2006.0,7.6,425k,JioCinema,International,United States,129.0,UA,https://www.justwatch.com/in/movie/inside-man
Captain America: Civil War,movie,"Action & Adventure, Science-Fiction, Superhero",2016.0,7.8,931k,JioCinema,International,United States,147.0,UA,https://www.justwatch.com/in/movie/captain-america-civil-war
Zootopia 2,movie,"Action & Adventure, Animation, Comedy, Crime, Kids & Family, Family Animation",2025.0,7.3,141k,JioCinema,International,United States,108.0,UA7+,https://www.justwatch.com/in/movie/zootopia-2
The Martian,movie,"Action & Adventure, Drama, Science-Fiction, Sci-Fi Drama",2015.0,,,JioCinema,International,United States,141.0,UA,https://www.justwatch.com/in/movie/the-martian
The Conjuring,movie,"Horror, Mystery & Thriller, Paranormal",2013.0,7.5,625k,JioCinema,International,United States,112.0,A,https://www.justwatch.com/in/movie/the-conjuring
Bang My Box: The Robin Byrd Story,movie,Documentary,2026.0,,,JioCinema,International,United States,,,https://www.justwatch.com/in/movie/bang-my-box-the-robin-byrd-story
The Amazing Spider-Man 2,movie,"Action & Adventure, Comedy, History, Science-Fiction, War & Military, Superhero",2014.0,6.6,593k,JioCinema,International,United States,142.0,UA,https://www.justwatch.com/in/movie/the-amazing-spider-man-2
Tamasha,movie,"Comedy, Drama, Romance, Bollywood",2015.0,7.4,36k,JioCinema,Indian,India,139.0,UA,https://www.justwatch.com/in/movie/tamasha
Avatar: The Way of Water,movie,"Fantasy, Science-Fiction, Action Adventure",2022.0,7.5,631k,JioCinema,International,United States,192.0,UA,https://www.justwatch.com/in/movie/avatar-2
Sathi Leelavathi,movie,Drama,2026.0,,,JioCinema,Indian,India,131.0,UA13+,https://www.justwatch.com/in/movie/sathi-leelavathi-2025
Nosferatu,movie,"Fantasy, Horror, Dark Fantasy",2024.0,7.1,268k,JioCinema,International,United States,133.0,A,https://www.justwatch.com/in/movie/nosferatu-2023
Bāhubali 2: The Conclusion,movie,,,,,JioCinema,,,,,https://www.justwatch.com/in/movie/baahubali-2-the-conclusion
Raid,movie,"Crime, Drama, Mystery & Thriller, Bollywood",2018.0,7.4,23k,JioCinema,Indian,India,120.0,UA,https://www.justwatch.com/in/movie/raid
10 Things I Hate About You,movie,"Comedy, Drama, Romance, Chick Flicks",1999.0,7.4,453k,JioCinema,International,United States,97.0,U,https://www.justwatch.com/in/movie/10-things-i-hate-about-you
Mario,movie,Comedy,2025.0,8.4,1k,JioCinema,Indian,India,137.0,A,https://www.justwatch.com/in/movie/mario-2025
Ratsasan,movie,"Action & Adventure, Crime, Drama, Mystery & Thriller, Action Thriller",2018.0,8.3,51k,JioCinema,Indian,India,170.0,UA,https://www.justwatch.com/in/movie/ratsasan
A Quiet Place,movie,"Drama, Horror, Science-Fiction, Post Apocalyptic World, Monster",2018.0,7.5,661k,JioCinema,International,United States,91.0,A,https://www.justwatch.com/in/movie/a-quiet-place
Liger,movie,"Action & Adventure, Drama, Romance, Sport, Bollywood",2022.0,2.6,49k,JioCinema,Indian,India,138.0,UA,https://www.justwatch.com/in/movie/liger
Hum Saath Saath Hain,movie,"Drama, Kids & Family, Romance, Bollywood",1999.0,6.4,10k,JioCinema,Indian,India,177.0,U,https://www.justwatch.com/in/movie/hum-saath-saath-hain
Zack Snyder's Justice League,movie,"Action & Adventure, Documentary, Fantasy, Science-Fiction, Superhero",2021.0,7.9,474k,JioCinema,International,United States,242.0,UA,https://www.justwatch.com/in/movie/zack-snyders-justice-league
(500) Days of Summer,movie,"Comedy, Drama, Romance, RomCom",2009.0,7.6,621k,JioCinema,International,United States,95.0,UA16+,https://www.justwatch.com/in/movie/500-days-of-summer
Vaazha,movie,"Comedy, Drama, Bollywood",2024.0,7.3,7k,JioCinema,Indian,India,125.0,UA,https://www.justwatch.com/in/movie/vaazha
Lokah Chapter 1: Chandra,movie,"Action & Adventure, Fantasy, Epic Fantasy",2025.0,7.6,20k,JioCinema,Indian,India,151.0,UA16+,https://www.justwatch.com/in/movie/lokah-chapter-one-chandra
Mangalavaaram,movie,"Action & Adventure, Drama, Horror, Mystery & Thriller, Action Thriller",2023.0,6.8,4k,JioCinema,Indian,India,149.0,A,https://www.justwatch.com/in/movie/mangalavaram
Avengers: Endgame,movie,"Action & Adventure, Drama, Science-Fiction, Superhero",2019.0,,,JioCinema,International,United States,181.0,UA,https://www.justwatch.com/in/movie/avengers-endgame
Maleficent,movie,"Action & Adventure, Drama, Kids & Family, Romance, Epic Fantasy, Live Action, Dark Fantasy, Fairytale Fantasy",2014.0,6.9,425k,JioCinema,International,United States,97.0,U,https://www.justwatch.com/in/movie/maleficent
Ransomed,movie,"Action & Adventure, Comedy, Drama, Mystery & Thriller, Action Thriller",2023.0,6.6,1k,JioCinema,International,South Korea,,,https://www.justwatch.com/in/movie/ransomed
Predator: Badlands,movie,"Action & Adventure, Mystery & Thriller, Science-Fiction, Invasion",2025.0,7.2,156k,JioCinema,International,United States,107.0,UA16+,https://www.justwatch.com/in/movie/predator-badlands
Toy Story 4,movie,"Animation, Comedy, Fantasy, Kids & Family, Pixar, Family Animation",2019.0,7.7,287k,JioCinema,International,United States,100.0,U,https://www.justwatch.com/in/movie/toy-story-4
Schindler's List,movie,"Drama, History, War & Military, Biopics, Based On A True Story",1993.0,,,JioCinema,International,United States,195.0,UA,https://www.justwatch.com/in/movie/schindlers-list
Sister Midnight,movie,"Comedy, Drama, Horror, Dramedy",2025.0,5.7,3k,JioCinema,Indian,"United Kingdom, India, Sweden",107.0,A,https://www.justwatch.com/in/movie/sister-midnight
Latency,movie,"Action & Adventure, Horror, Mystery & Thriller, Science-Fiction, Action Thriller",2024.0,4.2,3k,JioCinema,International,"Thailand, United States",94.0,UA16+,https://www.justwatch.com/in/movie/latency
Batman v Superman: Dawn of Justice,movie,"Action & Adventure, Fantasy, Science-Fiction, Superhero",2016.0,6.5,759k,JioCinema,International,United States,152.0,UA,https://www.justwatch.com/in/movie/batman-v-superman-dawn-of-justice
Deadpool,movie,"Action & Adventure, Comedy, Science-Fiction, Superhero, Action Comedy",2016.0,,,JioCinema,International,United States,108.0,A,https://www.justwatch.com/in/movie/deadpool
21 Grams,movie,"Crime, Drama, Mystery & Thriller, Emotional Drama",2003.0,7.6,252k,JioCinema,International,United States,124.0,UA,https://www.justwatch.com/in/movie/21-grams
R.L. Stine's Pumpkinhead,movie,"Comedy, Fantasy, Horror, Horror Thriller, Monster",2025.0,5.8,1k,JioCinema,International,Canada,91.0,UA16+,https://www.justwatch.com/in/movie/r-l-stines-pumpkinhead
A Woman Called Mother,movie,"Drama, Horror, Paranormal",2025.0,,,JioCinema,International,Indonesia,,,https://www.justwatch.com/in/movie/a-woman-called-mother
Batman Begins,movie,"Action & Adventure, Crime, Drama, Superhero",2005.0,,,JioCinema,International,"United Kingdom, United States",140.0,UA,https://www.justwatch.com/in/movie/batman-begins
Bruce Almighty,movie,"Comedy, Fantasy, Modern Fantasy",2003.0,6.8,471k,JioCinema,International,United States,101.0,UA,https://www.justwatch.com/in/movie/bruce-almighty
The Hangover,movie,"Comedy, Raunchy Comedy",2009.0,7.7,934k,JioCinema,International,United States,100.0,A,https://www.justwatch.com/in/movie/the-hangover
Welcome,movie,"Comedy, Crime, Drama, Romance, RomCom",2007.0,7.2,29k,JioCinema,Indian,India,150.0,UA,https://www.justwatch.com/in/movie/welcome
Drishyam,movie,"Crime, Drama, Mystery & Thriller, Bollywood",2013.0,8.4,47k,JioCinema,Indian,India,164.0,U,https://www.justwatch.com/in/movie/drishyam-2013
The Incredible Hulk,movie,"Action & Adventure, Science-Fiction, Superhero",2008.0,6.6,566k,JioCinema,International,United States,112.0,UA,https://www.justwatch.com/in/movie/the-incredible-hulk
Gatta Kusthi,movie,"Comedy, Drama, Romance, Sport, Dramedy",2022.0,6.5,3k,JioCinema,Indian,India,146.0,UA,https://www.justwatch.com/in/movie/gatta-kusthi
World War Z,movie,"Action & Adventure, Horror, Science-Fiction, Zombie",2013.0,7.0,786k,JioCinema,International,United States,116.0,UA,https://www.justwatch.com/in/movie/world-war-z
Hollow Man,movie,"Action & Adventure, Horror, Mystery & Thriller, Science-Fiction, SciFi Horror",2000.0,5.9,147k,JioCinema,International,"Germany, United States",113.0,A,https://www.justwatch.com/in/movie/hollow-man
Vivarium,movie,"Horror, Science-Fiction, Mystery Thriller",2019.0,5.9,92k,JioCinema,International,"Belgium, Denmark, Ireland, United States",99.0,U,https://www.justwatch.com/in/movie/vivarium
Fifty Shades Freed,movie,"Drama, Mystery & Thriller, Romance, Romantic Drama",2018.0,4.6,83k,JioCinema,International,United States,105.0,S,https://www.justwatch.com/in/movie/fifty-shades-freed
The Medium,movie,"Drama, Horror, Mystery & Thriller, Horror Thriller",2021.0,6.5,18k,JioCinema,International,"South Korea, Thailand",131.0,A,https://www.justwatch.com/in/movie/the-medium-2021
Jumanji: The Next Level,movie,"Comedy, Fantasy, Action Adventure",2019.0,6.6,320k,JioCinema,International,United States,123.0,UA,https://www.justwatch.com/in/movie/jumanji-the-next-level
Ne Zha 2,movie,"Action & Adventure, Animation, Comedy, Drama, Fantasy, Western Animation",2025.0,7.9,24k,JioCinema,International,China,144.0,UA7+,https://www.justwatch.com/in/movie/ne-zha-2
Hidden Figures,movie,"Drama, History, Biopics, Based On A True Story",2016.0,7.8,290k,JioCinema,International,United States,127.0,UA,https://www.justwatch.com/in/movie/hidden-figures
Mad Max: Fury Road,movie,"Science-Fiction, Post Apocalyptic World, Action Adventure",2015.0,,,JioCinema,International,"Australia, United States",121.0,A,https://www.justwatch.com/in/movie/mad-max-fury-road
Ready or Not,movie,"Comedy, Horror, Horror Comedy",2019.0,6.9,253k,JioCinema,International,United States,96.0,A,https://www.justwatch.com/in/movie/ready-or-not-2019
The Boy Next Door,movie,"Mystery & Thriller, Romantic Thriller",2015.0,4.7,48k,JioCinema,International,United States,91.0,A,https://www.justwatch.com/in/movie/the-boy-next-door
777 Charlie,movie,"Comedy, Drama, Dramedy",2022.0,8.7,47k,JioCinema,Indian,India,166.0,UA,https://www.justwatch.com/in/movie/777-charlie
Dolittle,movie,"Action & Adventure, Comedy, Fantasy, Kids & Family, Epic Fantasy",2020.0,5.6,72k,JioCinema,International,"China, United States",101.0,UA,https://www.justwatch.com/in/movie/the-voyage-of-doctor-dolittle
Pearl,movie,"Drama, Horror, Mystery & Thriller, Slasher, Horror Thriller",2022.0,7.0,160k,JioCinema,International,United States,102.0,A,https://www.justwatch.com/in/movie/pearl-2022
Arjun Reddy,movie,"Drama, Romance, Bollywood",2017.0,7.9,30k,JioCinema,Indian,India,187.0,A,https://www.justwatch.com/in/movie/arjun-reddy
Aladdin,movie,"Comedy, Drama, Fantasy, Kids & Family, Romance, Live Action, Fairytale Fantasy",2019.0,6.9,315k,JioCinema,International,United States,128.0,U,https://www.justwatch.com/in/movie/aladdin-2019
Jurassic Park,movie,"Action & Adventure, Science-Fiction, Invasion",1993.0,,,JioCinema,International,United States,127.0,UA,https://www.justwatch.com/in/movie/jurassic-park
Jab We Met,movie,"Comedy, Drama, Romance, Bollywood",2007.0,7.9,65k,JioCinema,Indian,India,138.0,U,https://www.justwatch.com/in/movie/jab-we-met
Manam,movie,"Comedy, Drama, Fantasy, Kids & Family, Dramedy",2014.0,8.0,13k,JioCinema,Indian,India,163.0,U,https://www.justwatch.com/in/movie/manam
Scarface,movie,"Action & Adventure, Crime, Drama, Organized Crime",1983.0,,,JioCinema,International,United States,170.0,A,https://www.justwatch.com/in/movie/scarface
Prem Ratan Dhan Payo,movie,"Action & Adventure, Drama, Romance, Bollywood",2015.0,4.4,23k,JioCinema,Indian,India,163.0,U,https://www.justwatch.com/in/movie/prem-ratan-dhan-payo
In the Blink of an Eye,movie,"Drama, Science-Fiction, Sci-Fi Drama",2026.0,6.1,6k,JioCinema,International,United States,,,https://www.justwatch.com/in/movie/in-the-blink-of-an-eye
Independence Day,movie,"Action & Adventure, Science-Fiction, Invasion, End of the World",1996.0,7.0,648k,JioCinema,International,United States,145.0,UA,https://www.justwatch.com/in/movie/independence-day
The Exorcism of Emily Rose,movie,"Crime, Drama, Horror, Mystery & Thriller, Horror Thriller",2005.0,6.7,149k,JioCinema,International,United States,122.0,A,https://www.justwatch.com/in/movie/the-exorcism-of-emily-rose
The Dark Knight Rises,movie,"Action & Adventure, Crime, Drama, Mystery & Thriller, Superhero",2012.0,,,JioCinema,International,"United Kingdom, United States",165.0,UA,https://www.justwatch.com/in/movie/the-dark-knight-rises
Don Jon,movie,"Comedy, Drama, Romance, RomCom",2013.0,6.5,255k,JioCinema,International,United States,90.0,UA,https://www.justwatch.com/in/movie/don-jon
The Batman,movie,"Action & Adventure, Crime, Drama, Mystery & Thriller, Superhero",2022.0,7.8,933k,JioCinema,International,United States,177.0,UA,https://www.justwatch.com/in/movie/the-batman
Iron Man 3,movie,"Action & Adventure, Science-Fiction, Superhero",2013.0,7.1,969k,JioCinema,International,United States,130.0,UA,https://www.justwatch.com/in/movie/iron-man-3
Nocturnal Animals,movie,"Drama, Psychological Drama, Mystery Thriller",2016.0,7.5,317k,JioCinema,International,"China, United Kingdom, United States",116.0,UA13+,https://www.justwatch.com/in/movie/nocturnal-animals
Limitless,movie,"Mystery & Thriller, Science-Fiction, Cerebral, Cyberpunk, Action Thriller",2011.0,7.4,650k,JioCinema,International,United States,106.0,A,https://www.justwatch.com/in/movie/limitless
Back to the Future,movie,"Action & Adventure, Comedy, Science-Fiction, Sci-Fi Comedy",1985.0,,,JioCinema,International,United States,116.0,U,https://www.justwatch.com/in/movie/back-to-the-future
Ek Vivaah... Aisa Bhi,movie,"Drama, Romance, Bollywood",2008.0,,,JioCinema,Indian,India,126.0,U,https://www.justwatch.com/in/movie/ek-vivaah-aisa-bhi
Moana,movie,"Action & Adventure, Animation, Comedy, Fantasy, Kids & Family, Animated Musical",2016.0,7.6,443k,JioCinema,International,United States,107.0,U,https://www.justwatch.com/in/movie/moana
Sarvam Maya,movie,"Comedy, Fantasy, Horror, Kids & Family, Horror Comedy",2025.0,7.7,10k,JioCinema,Indian,India,146.0,U,https://www.justwatch.com/in/movie/sarvam-maya
Nobody,movie,"Action & Adventure, Crime, Drama, Mystery & Thriller, Action Thriller",2021.0,7.4,396k,JioCinema,International,United States,91.0,A,https://www.justwatch.com/in/movie/nobody
Arjun S/O Vyjayanthi,movie,"Action & Adventure, Crime, Drama, Mystery & Thriller, Action Thriller",2025.0,,,JioCinema,Indian,India,142.0,UA,https://www.justwatch.com/in/movie/nkr21
The Legend of Ochi,movie,"Fantasy, Kids & Family, Action Adventure",2025.0,5.8,9k,JioCinema,International,"Finland, United States",,,https://www.justwatch.com/in/movie/the-legend-of-ochi
MaXXXine,movie,"Crime, Horror, Mystery & Thriller, Horror Thriller",2024.0,6.2,88k,JioCinema,International,United States,103.0,A,https://www.justwatch.com/in/movie/maxxxine
Finding Nemo,movie,"Action & Adventure, Animation, Comedy, Kids & Family, Pixar, Family Animation",2003.0,,,JioCinema,International,United States,100.0,U,https://www.justwatch.com/in/movie/finding-nemo
Venom: Let There Be Carnage,movie,"Action & Adventure, Crime, Fantasy, Horror, Mystery & Thriller, Science-Fiction, No Superhero, Superhero",2021.0,5.9,305k,JioCinema,International,United States,97.0,UA,https://www.justwatch.com/in/movie/venom-let-there-be-carnage
"Crazy, Stupid, Love.",movie,"Comedy, Drama, Romance, RomCom, Chick Flicks",2011.0,7.4,622k,JioCinema,International,United States,118.0,A,https://www.justwatch.com/in/movie/crazy-stupid-love
The Super Mario Bros. Movie,movie,"Action & Adventure, Animation, Comedy, Fantasy, Kids & Family, Family Animation",2023.0,7.0,248k,JioCinema,International,"Japan, United States",92.0,U,https://www.justwatch.com/in/movie/super-mario-bros-the-movie
Gaami,movie,"Action & Adventure, Drama, Fantasy, Mystery & Thriller, Science-Fiction, Emotional Drama",2024.0,6.3,2k,JioCinema,Indian,India,147.0,A,https://www.justwatch.com/in/movie/gaami
The Descent,movie,"Action & Adventure, Horror, Mystery & Thriller, Monster",2005.0,7.2,273k,JioCinema,International,United Kingdom,100.0,A,https://www.justwatch.com/in/movie/the-descent
Yesterday,movie,"Comedy, Fantasy, Music & Musical, Romance, Chick Flicks",2019.0,6.8,185k,JioCinema,International,"United Kingdom, United States",116.0,UA,https://www.justwatch.com/in/movie/yesterday
Immaculate,movie,"Horror, Mystery & Thriller, Horror Thriller",2024.0,5.8,61k,JioCinema,International,United States,89.0,A,https://www.justwatch.com/in/movie/immaculate-2024
The Intern,movie,"Comedy, Drama, RomCom, Dramedy",2015.0,7.1,311k,JioCinema,International,United States,121.0,UA,https://www.justwatch.com/in/movie/the-intern
Love Aaj Kal,movie,"Comedy, Drama, Romance, Bollywood",2009.0,6.8,18k,JioCinema,Indian,India,128.0,UA,https://www.justwatch.com/in/movie/love-aaj-kal-2020
Manjummel Boys,movie,"Action & Adventure, Drama, Mystery & Thriller, Dramedy",2024.0,8.2,34k,JioCinema,Indian,India,135.0,UA,https://www.justwatch.com/in/movie/manjummel-boys
Django Unchained,movie,"Comedy, Drama, Western, Revenge Western, Epic Western",2012.0,,,JioCinema,International,United States,165.0,A,https://www.justwatch.com/in/movie/django-unchained
Venom,movie,"Action & Adventure, Science-Fiction, No Superhero, Superhero",2018.0,6.6,608k,JioCinema,International,"China, United States",112.0,UA,https://www.justwatch.com/in/movie/venom-2018
Mersal,movie,"Action & Adventure, Crime, Fantasy, Mystery & Thriller, Bollywood",2017.0,7.5,42k,JioCinema,Indian,India,161.0,UA,https://www.justwatch.com/in/movie/mersal
Mark,movie,"Mystery & Thriller, Action Thriller",2025.0,,,JioCinema,Indian,India,144.0,UA16+,https://www.justwatch.com/in/movie/mark-2025
Vikram,movie,"Action & Adventure, Crime, Drama, Mystery & Thriller, Action Thriller",2022.0,8.3,89k,JioCinema,Indian,India,174.0,UA,https://www.justwatch.com/in/movie/vikram-2021
Heaven,movie,"Crime, Mystery & Thriller, Bollywood",2022.0,6.5,2k,JioCinema,Indian,India,130.0,U,https://www.justwatch.com/in/movie/heaven-2022
The Karate Kid,movie,"Action & Adventure, Drama, Kids & Family, Sport, Martial Art",2010.0,6.3,227k,JioCinema,International,"China, Hong Kong, United States",140.0,U,https://www.justwatch.com/in/movie/the-karate-kid
Eleven,movie,"Crime, Mystery Thriller",2025.0,7.4,12k,JioCinema,Indian,India,135.0,UA,https://www.justwatch.com/in/movie/eleven-2025
Zebra,movie,"Action & Adventure, Crime, Mystery & Thriller, Bollywood, Action Thriller",2024.0,7.1,3k,JioCinema,Indian,India,164.0,UA13+,https://www.justwatch.com/in/movie/zebra
Pitch Perfect,movie,"Comedy, Music & Musical, Romance, Female Comedy, Chick Flicks",2012.0,7.1,351k,JioCinema,International,United States,112.0,U,https://www.justwatch.com/in/movie/pitch-perfect
Life of Pi,movie,"Drama, Fantasy, Action Adventure",2012.0,7.9,701k,JioCinema,International,United States,127.0,U,https://www.justwatch.com/in/movie/life-of-pi
Jurassic World Dominion,movie,"Mystery & Thriller, Science-Fiction, Invasion, Action Adventure",2022.0,5.6,247k,JioCinema,International,United States,147.0,UA,https://www.justwatch.com/in/movie/jurassic-world-dominion
Play Dead,movie,"Horror, Mystery & Thriller, Horror Thriller",2022.0,5.2,5k,JioCinema,International,United States,106.0,A,https://www.justwatch.com/in/movie/play-dead-2022
The Day of the Jackal,movie,"Action & Adventure, Crime, Drama, Mystery & Thriller, Organized Crime",1973.0,7.8,53k,JioCinema,International,"France, United Kingdom",143.0,A,https://www.justwatch.com/in/movie/the-day-of-the-jackal
The Conjuring 2,movie,"Horror, Mystery & Thriller, Paranormal",2016.0,7.3,344k,JioCinema,International,United States,134.0,A,https://www.justwatch.com/in/movie/the-conjuring-2
Minions: The Rise of Gru,movie,"Animation, Comedy, Crime, Kids & Family, Science-Fiction, Family Animation",2022.0,6.5,92k,JioCinema,International,United States,87.0,U,https://www.justwatch.com/in/movie/minions-the-rise-of-gru
Zwigato,movie,"Drama, Emotional Drama, Bollywood",2023.0,6.6,11k,JioCinema,Indian,India,106.0,U,https://www.justwatch.com/in/movie/zwigato
Lipstick Under My Burkha,movie,"Comedy, Drama, Bollywood",2017.0,6.8,7k,JioCinema,Indian,India,116.0,A,https://www.justwatch.com/in/movie/lipstick-under-my-burkha
Su from So,movie,"Comedy, Horror, Horror Comedy",2025.0,7.6,7k,JioCinema,Indian,India,135.0,UA13+,https://www.justwatch.com/in/movie/su-from-so
"Silent Night, Deadly Night",movie,"Horror, Mystery & Thriller, Horror Thriller",2025.0,6.1,7k,JioCinema,International,"Canada, France, United States",96.0,A,https://www.justwatch.com/in/movie/silent-night-deadly-night-0
Splitsville,movie,"Comedy, Raunchy Comedy",2025.0,6.4,16k,JioCinema,International,United States,105.0,UA16+,https://www.justwatch.com/in/movie/splitsville
The Fast and the Furious,movie,"Action & Adventure, Crime, Mystery & Thriller, Heist",2001.0,6.8,459k,JioCinema,International,"Germany, United States",106.0,A,https://www.justwatch.com/in/movie/the-fast-and-the-furious
Uncharted,movie,"Mystery & Thriller, Video Game, Action Adventure",2022.0,6.3,301k,JioCinema,International,United States,116.0,UA,https://www.justwatch.com/in/movie/uncharted
Bhoothakkannadi,movie,Drama,1997.0,,,JioCinema,Indian,India,110.0,U,https://www.justwatch.com/in/movie/bhoothakkannadi
Dog 51,movie,"Crime, Mystery & Thriller, Science-Fiction, Cyberpunk",2025.0,5.8,2k,JioCinema,International,"Belgium, France",,,https://www.justwatch.com/in/movie/chien-51-2025
Avengers: Age of Ultron,movie,"Action & Adventure, Science-Fiction, Superhero",2015.0,,,JioCinema,International,United States,141.0,U,https://www.justwatch.com/in/movie/avengers-age-of-ultron
Forrest Gump,movie,"Comedy, Drama, Romance, Dramedy, Romantic Drama",1994.0,,,JioCinema,International,United States,142.0,UA,https://www.justwatch.com/in/movie/forrest-gump
Paan Singh Tomar,movie,"Action & Adventure, Crime, Drama, Mystery & Thriller, Sport, Bollywood",2012.0,8.2,40k,JioCinema,Indian,India,135.0,UA,https://www.justwatch.com/in/movie/paan-singh-tomar
The Big Lebowski,movie,"Comedy, Crime",1998.0,8.1,918k,JioCinema,International,"United Kingdom, United States",117.0,UA,https://www.justwatch.com/in/movie/the-big-lebowski
Fifty Shades Darker,movie,"Drama, Mystery & Thriller, Romance, Romantic Drama",2017.0,4.6,114k,JioCinema,International,United States,118.0,A,https://www.justwatch.com/in/movie/fifty-shades-darker
Born on the Fourth of July,movie,"Drama, War & Military, War Drama",1989.0,7.2,124k,JioCinema,International,United States,145.0,A,https://www.justwatch.com/in/movie/born-on-the-fourth-of-july
Happy Gilmore,movie,"Comedy, Sport, Sport Comedy",1996.0,7.0,308k,JioCinema,International,United States,92.0,U,https://www.justwatch.com/in/movie/happy-gilmore
xXx,movie,"Action & Adventure, Crime, Drama, Mystery & Thriller, Action Thriller",2002.0,5.9,194k,JioCinema,International,United States,124.0,UA,https://www.justwatch.com/in/movie/xxx
The Lord of the Rings: The Return of the King,movie,"Action & Adventure, Drama, Fantasy, Epic Fantasy",2003.0,,,JioCinema,International,"New Zealand, United States",201.0,UA,https://www.justwatch.com/in/movie/the-lord-of-the-rings-the-return-of-the-king
24,movie,"Action & Adventure, Drama, Mystery & Thriller, Science-Fiction, Bollywood",2016.0,7.9,26k,JioCinema,Indian,India,164.0,U,https://www.justwatch.com/in/movie/24
Eesha,movie,"Horror, Mystery & Thriller, Horror Thriller, Like, Dislike, Watchlist, Seen, Sign in, to sync Watchlist",2025.0,8.3,1k,JioCinema,Indian,India,135.0,A,https://www.justwatch.com/in/movie/eesha-2025
Dracula: A Love Tale,movie,"Fantasy, Horror, Romance, Dark Fantasy",2025.0,6.2,39k,JioCinema,International,France,,,https://www.justwatch.com/in/movie/dracula-a-love-tale
Rental Family,movie,"Comedy, Drama, Dramedy",2025.0,7.6,59k,JioCinema,International,United States,,,https://www.justwatch.com/in/movie/rental-family
Color Out of Space,movie,"Horror, Mystery & Thriller, Science-Fiction, SciFi Horror",2020.0,6.1,65k,JioCinema,International,"Malaysia, Portugal, United States",111.0,UA,https://www.justwatch.com/in/movie/color-out-of-space
Thudarum,movie,"Action & Adventure, Drama, Mystery & Thriller, Bollywood",2025.0,7.5,14k,JioCinema,Indian,India,163.0,UA16+,https://www.justwatch.com/in/movie/thudarum
Housefull 4,movie,"Action & Adventure, Comedy, Drama, Fantasy, Romance, Bollywood",2019.0,3.7,16k,JioCinema,Indian,India,145.0,UA,https://www.justwatch.com/in/movie/housefull-4
Transformers,movie,"Action & Adventure, Science-Fiction, Invasion",2007.0,7.1,720k,JioCinema,International,United States,144.0,UA,https://www.justwatch.com/in/movie/transformers
Top Gun,movie,"Drama, Romance, Action Adventure",1986.0,7.0,555k,JioCinema,International,United States,110.0,U,https://www.justwatch.com/in/movie/vesper
The Bad Guys: Reign of Chaos,movie,"Action & Adventure, Crime, Mystery & Thriller, Action Thriller",2019.0,6.2,3k,JioCinema,International,South Korea,114.0,UA,https://www.justwatch.com/in/movie/the-bad-guys-reign-of-chaos
Pritam Pedro,show,"Comedy, Crime, Drama, Mystery & Thriller",2026.0,8.0,5k,JioCinema,Indian,India,,,https://www.justwatch.com/in/tv-show/pritam-pedro
House of the Dragon,show,"Action & Adventure, Drama, Fantasy, Romance, Science-Fiction",2022.0,8.3,535k,JioCinema,International,United States,61.0,A,https://www.justwatch.com/in/tv-show/house-of-the-dragon
Game of Thrones,show,"Action & Adventure, Drama, Fantasy, Science-Fiction, Epic Fantasy, Epic",2011.0,,,JioCinema,International,United States,58.0,A,https://www.justwatch.com/in/tv-show/game-of-thrones
Bigg Boss,show,"Kids & Family, Reality TV",2006.0,3.6,4k,JioCinema,Indian,India,73.0,UA16+,https://www.justwatch.com/in/tv-show/bigg-boss
Resort,show,"Comedy, Drama",2026.0,,,JioCinema,Indian,India,22.0,UA16+,https://www.justwatch.com/in/tv-show/resort
Euphoria,show,"Drama, Young Adult Drama",2019.0,8.1,315k,JioCinema,International,United States,61.0,A,https://www.justwatch.com/in/tv-show/euphoria
Kaisi Yeh Yaariyan,show,"Comedy, Drama, Romance, Bollywood",2014.0,8.0,2k,JioCinema,Indian,India,22.0,UA13+,https://www.justwatch.com/in/tv-show/kaisi-yeh-yaariaan
Avatar: The Last Airbender,show,"Action & Adventure, Animation, Fantasy, Kids & Family, Science-Fiction, Western Animation",2005.0,9.3,445k,JioCinema,International,United States,24.0,U,https://www.justwatch.com/in/tv-show/avatar-the-last-airbender-2005
Jujutsu Kaisen,show,"Action & Adventure, Animation, Fantasy, Mystery & Thriller, Science-Fiction, Classic Japanese Anime",2020.0,8.5,211k,JioCinema,International,"Japan, United States",24.0,UA16+,https://www.justwatch.com/in/tv-show/jujutsu-kaisen
Asur: Welcome to Your Dark Side,show,"Crime, Drama, Mystery & Thriller",2020.0,8.5,71k,JioCinema,Indian,India,47.0,A,https://www.justwatch.com/in/tv-show/asur
Thukra Ke Mera Pyaar,show,"Drama, Romance, Bollywood, Romantic Drama",2024.0,6.5,3k,JioCinema,Indian,India,23.0,UA16+,https://www.justwatch.com/in/tv-show/thukra-ke-mera-pyaar
Classroom of the Elite,show,"Animation, Drama, Mystery & Thriller, Classic Japanese Anime",2017.0,7.7,25k,JioCinema,International,Japan,23.0,UA16+,https://www.justwatch.com/in/tv-show/classroom-of-the-elite
Friends,show,"Comedy, Romance, Sitcoms",1994.0,,,JioCinema,International,United States,23.0,UA13+,https://www.justwatch.com/in/tv-show/friends
24,show,"Action & Adventure, Crime, Drama, Mystery & Thriller, Bollywood",2013.0,8.0,3k,JioCinema,Indian,India,44.0,UA,https://www.justwatch.com/in/tv-show/24-india
A Knight of the Seven Kingdoms,show,"Action & Adventure, Drama, Fantasy, Science-Fiction, Epic Fantasy",2026.0,8.6,256k,JioCinema,International,United States,,,https://www.justwatch.com/in/tv-show/a-knight-of-the-seven-kingdoms-the-hedge-knight
The Agency,show,"Drama, Mystery Thriller",2024.0,7.4,29k,JioCinema,International,"France, United States",,,https://www.justwatch.com/in/tv-show/the-agency
Kimetsu no Yaiba,show,"Action & Adventure, Animation, Fantasy, Mystery & Thriller, Science-Fiction, Classic Japanese Anime",2019.0,8.6,229k,JioCinema,International,Japan,26.0,A,https://www.justwatch.com/in/tv-show/demon-slayer-kimetsu-no-yaiba
MTV Splitsvilla,show,"Romance, Reality TV",2008.0,3.8,1k,JioCinema,Indian,India,52.0,U,https://www.justwatch.com/in/tv-show/mtv-splitsvilla
The Bear,show,"Comedy, Drama, Psychological Drama, Dramedy",2022.0,8.5,311k,JioCinema,International,United States,35.0,A,https://www.justwatch.com/in/tv-show/the-bear
Prison Break,show,"Action & Adventure, Crime, Drama, Mystery & Thriller, Made in Europe, Dark Crime, Action Thriller",2005.0,8.3,594k,JioCinema,International,United States,49.0,U,https://www.justwatch.com/in/tv-show/prison-break
Mushoku Tensei: Jobless Reincarnation,show,"Action & Adventure, Animation, Drama, Fantasy, Science-Fiction, Classic Japanese Anime",2021.0,8.2,39k,JioCinema,International,Japan,24.0,UA16+,https://www.justwatch.com/in/tv-show/mushoku-tensei-jobless-reincarnation
Dutton Ranch,show,"Drama, Western, Epic Western",2026.0,8.4,10k,JioCinema,International,United States,,,https://www.justwatch.com/in/tv-show/dutton-ranch
A Shop for Killers,show,"Action & Adventure, Drama, Action Thriller, Mystery Thriller",2024.0,8.0,10k,JioCinema,International,South Korea,,,https://www.justwatch.com/in/tv-show/a-shop-for-killers
Laughter Chefs Unlimited Entertainment,show,"Comedy, Kids & Family, Reality TV, Bollywood",2024.0,8.4,1k,JioCinema,Indian,India,,,https://www.justwatch.com/in/tv-show/laughter-chefs-unlimited-entertainment
The Vampire Diaries,show,"Drama, Fantasy, Horror, Mystery & Thriller, Romance, Science-Fiction, Young Adult Drama, Modern Fantasy",2009.0,7.7,384k,JioCinema,International,United States,42.0,U,https://www.justwatch.com/in/tv-show/the-vampire-diaries
Shin Chan,show,"Action & Adventure, Animation, Comedy, Classic Japanese Anime",1992.0,,,JioCinema,International,Japan,19.0,U,https://www.justwatch.com/in/tv-show/crayon-shin-chan
Suits,show,"Comedy, Drama, Courtroom, Dramedy",2011.0,8.4,542k,JioCinema,International,United States,44.0,UA13+,https://www.justwatch.com/in/tv-show/suits
The Day of the Jackal,show,"Crime, Drama, Mystery & Thriller, Action Adventure",2024.0,8.1,133k,JioCinema,International,"United Kingdom, United States",,,https://www.justwatch.com/in/tv-show/the-day-of-the-jackal
Chernobyl,show,"Drama, History, Mystery & Thriller, Based On A True Story",2019.0,,,JioCinema,International,United States,65.0,UA16+,https://www.justwatch.com/in/tv-show/chernobyl
Perfect Crown,show,"Comedy, Drama, Romance",2026.0,7.9,4k,JioCinema,International,South Korea,71.0,UA16+,https://www.justwatch.com/in/tv-show/perfect-crown
True Detective,show,"Crime, Drama, Mystery & Thriller, Dark Crime, Detective Crime",2014.0,8.8,759k,JioCinema,International,United States,61.0,U,https://www.justwatch.com/in/tv-show/true-detective
Naagin,show,"Action & Adventure, Drama, Fantasy, Romance, Science-Fiction, Bollywood",2015.0,3.8,4k,JioCinema,Indian,India,43.0,UA13+,https://www.justwatch.com/in/tv-show/naagin
Tensei Shitara Suraimu Datta Ken,show,"Action & Adventure, Animation, Comedy, Fantasy, Science-Fiction, Classic Japanese Anime",2018.0,8.0,25k,JioCinema,International,Japan,24.0,UA16+,https://www.justwatch.com/in/tv-show/that-time-i-got-reincarnated-as-a-slime
Modern Family,show,"Comedy, Drama, Romance, Sitcoms",2009.0,8.5,541k,JioCinema,International,United States,21.0,UA13+,https://www.justwatch.com/in/tv-show/modern-family
Law & Order: Special Victims Unit,show,"Crime, Drama, Mystery & Thriller, Detective Crime",1999.0,8.1,145k,JioCinema,International,United States,45.0,UA16+,https://www.justwatch.com/in/tv-show/law-and-order-special-victims-unit
Yellowstone,show,"Drama, Western, Period Drama",2018.0,8.6,314k,JioCinema,International,United States,51.0,A,https://www.justwatch.com/in/tv-show/yellowstone
Inspector Avinash,show,"Action & Adventure, Crime, Mystery & Thriller, Action Thriller",2023.0,7.6,17k,JioCinema,Indian,India,40.0,A,https://www.justwatch.com/in/tv-show/inspector-avinash
Seher Hone Ko Hai,show,"Drama, Emotional Drama",2025.0,,,JioCinema,Indian,India,26.0,UA13+,https://www.justwatch.com/in/tv-show/seher-hone-ko-hai
Tôkyô Ribenjâzu,show,"Action & Adventure, Animation, Drama, Classic Japanese Anime",2021.0,7.7,33k,JioCinema,International,Japan,24.0,UA16+,https://www.justwatch.com/in/tv-show/tokyo-revengers
Under the Dome,show,"Drama, Mystery & Thriller, Science-Fiction, Sci-Fi Drama",2013.0,6.5,118k,JioCinema,International,United States,43.0,UA16+,https://www.justwatch.com/in/tv-show/under-the-dome
Succession,show,"Comedy, Drama",2018.0,8.8,359k,JioCinema,International,United States,64.0,U,https://www.justwatch.com/in/tv-show/succession
Mahabharatham,show,"Drama, History, Kids & Family, War & Military, Bollywood",2013.0,8.7,15k,JioCinema,Indian,India,23.0,U,https://www.justwatch.com/in/tv-show/mahabharatham
X-Men '97,show,"Action & Adventure, Animation, Drama, Science-Fiction, Western Animation",2024.0,8.7,53k,JioCinema,International,United States,,,https://www.justwatch.com/in/tv-show/x-men-97
Dexter,show,"Crime, Drama, Mystery & Thriller, Dark Crime, Detective Crime",2006.0,8.6,940k,JioCinema,International,United States,53.0,A,https://www.justwatch.com/in/tv-show/dexter
My Hero Academia,show,"Action & Adventure, Animation, Comedy, Fantasy, Science-Fiction, Classic Japanese Anime",2016.0,8.2,122k,JioCinema,International,Japan,24.0,U,https://www.justwatch.com/in/tv-show/my-hero-academia
Heroes,show,"Crime, Drama, Fantasy, Mystery & Thriller, Science-Fiction, Superhero",2006.0,7.5,260k,JioCinema,International,United States,43.0,U,https://www.justwatch.com/in/tv-show/heroes
Georgie & Mandy's First Marriage,show,"Comedy, RomCom",2024.0,7.1,11k,JioCinema,International,United States,,,https://www.justwatch.com/in/tv-show/georgie-and-mandys-first-marriage
Supernatural,show,"Drama, Fantasy, Horror, Mystery & Thriller, Science-Fiction, Modern Fantasy, Dark Fantasy",2005.0,8.4,541k,JioCinema,International,United States,45.0,UA16+,https://www.justwatch.com/in/tv-show/supernatural
The Wire,show,"Crime, Drama, Mystery & Thriller, Organized Crime, Detective Crime",2002.0,9.3,433k,JioCinema,International,United States,59.0,UA13+,https://www.justwatch.com/in/tv-show/the-wire
Chiraiya,show,"Drama, Emotional Drama",2026.0,5.9,1k,JioCinema,Indian,India,30.0,A,https://www.justwatch.com/in/tv-show/chiraiya
Big Mouth,show,"Action & Adventure, Crime, Drama, Mystery Thriller",2022.0,7.8,9k,JioCinema,International,South Korea,71.0,UA16+,https://www.justwatch.com/in/tv-show/big-mouth-2022
Marvel's Daredevil,show,"Action & Adventure, Crime, Drama, Mystery & Thriller, Science-Fiction, Superhero",2015.0,8.6,534k,JioCinema,International,United States,53.0,UA16+,https://www.justwatch.com/in/tv-show/marvels-daredevil
Young Sheldon,show,"Comedy, Drama, Sitcoms",2017.0,7.7,149k,JioCinema,International,United States,19.0,U,https://www.justwatch.com/in/tv-show/young-sheldon
Peacemaker,show,"Action & Adventure, Comedy, Crime, Drama, Fantasy, Science-Fiction, Superhero, Action Comedy",2022.0,8.3,139k,JioCinema,International,United States,42.0,UA16+,https://www.justwatch.com/in/tv-show/peacemaker
The Beauty,show,"Drama, Horror, Science-Fiction, Emotional Drama",2026.0,6.6,12k,JioCinema,International,United States,,,https://www.justwatch.com/in/tv-show/the-beauty
The Pitt,show,"Drama, Emotional Drama, Action Adventure",2025.0,8.9,155k,JioCinema,International,United States,,,https://www.justwatch.com/in/tv-show/the-pitt
The Sopranos,show,"Crime, Drama, Organized Crime",1999.0,9.2,583k,JioCinema,International,United States,55.0,A,https://www.justwatch.com/in/tv-show/the-sopranos
Oz,show,"Crime, Drama, Mystery & Thriller, Dark Crime",1997.0,8.7,108k,JioCinema,International,United States,,,https://www.justwatch.com/in/tv-show/oz
How I Met Your Mother,show,"Comedy, Drama, Romance, Sitcoms",2005.0,8.3,783k,JioCinema,International,United States,24.0,U,https://www.justwatch.com/in/tv-show/how-i-met-your-mother
Loki,show,"Drama, Fantasy, Science-Fiction, Superhero, Action Adventure",2021.0,8.2,475k,JioCinema,International,United States,49.0,UA13+,https://www.justwatch.com/in/tv-show/loki
Shōgun,show,"Action & Adventure, Drama, History, War & Military, Period Drama",2024.0,8.6,247k,JioCinema,International,United States,59.0,A,https://www.justwatch.com/in/tv-show/shogun-2024
Hostages,show,"Crime, Drama, Mystery Thriller",2019.0,6.8,6k,JioCinema,Indian,India,36.0,UA13+,https://www.justwatch.com/in/tv-show/hostages-2019
SPY x FAMILY,show,"Action & Adventure, Animation, Comedy, Mystery & Thriller, Classic Japanese Anime",2022.0,8.2,62k,JioCinema,International,Japan,25.0,UA16+,https://www.justwatch.com/in/tv-show/spy-x-family
Banshee,show,"Action & Adventure, Crime, Drama, Mystery & Thriller, Dark Crime",2013.0,8.4,148k,JioCinema,International,United States,51.0,A,https://www.justwatch.com/in/tv-show/banshee
Light Shop,show,"Drama, Horror, Mystery Thriller",2024.0,7.8,7k,JioCinema,International,South Korea,,,https://www.justwatch.com/in/tv-show/light-shop
Haikyu!!,show,"Animation, Comedy, Drama, Sport, Classic Japanese Anime",2014.0,8.7,54k,JioCinema,International,Japan,24.0,UA13+,https://www.justwatch.com/in/tv-show/haikyu
Paradise,show,"Crime, Drama, Mystery & Thriller, Science-Fiction, Emotional Drama, Action Adventure",2025.0,7.9,83k,JioCinema,International,United States,,,https://www.justwatch.com/in/tv-show/paradise-2025
Landman,show,"Crime, Drama, Western, Emotional Drama",2024.0,8.2,109k,JioCinema,International,United States,,,https://www.justwatch.com/in/tv-show/landman
The Last of Us,show,"Action & Adventure, Drama, Horror, Mystery & Thriller, Science-Fiction, Video Game",2023.0,8.4,740k,JioCinema,International,United States,57.0,A,https://www.justwatch.com/in/tv-show/the-last-of-us
The Office,show,"Comedy, Sitcoms",2005.0,9.0,837k,JioCinema,International,United States,24.0,U,https://www.justwatch.com/in/tv-show/the-office
Sex and the City,show,"Comedy, Drama, Romance, RomCom, Female Comedy, Chick Flicks",1998.0,7.4,160k,JioCinema,International,United States,29.0,U,https://www.justwatch.com/in/tv-show/sex-and-the-city
The Big Bang Theory,show,"Comedy, Romance, Sitcoms",2007.0,8.1,939k,JioCinema,International,United States,20.0,U,https://www.justwatch.com/in/tv-show/the-big-bang-theory
Malcolm in the Middle,show,"Comedy, Drama, Kids & Family, Sitcoms",2000.0,8.2,161k,JioCinema,International,United States,23.0,U,https://www.justwatch.com/in/tv-show/malcolm-in-the-middle
Special Ops,show,"Action & Adventure, Crime, Drama, Mystery & Thriller, Action Thriller",2020.0,8.5,43k,JioCinema,Indian,India,49.0,UA13+,https://www.justwatch.com/in/tv-show/special-ops
Save the Tigers,show,"Comedy, Drama, Mystery & Thriller, Dramedy",2023.0,8.0,4k,JioCinema,Indian,India,26.0,UA16+,https://www.justwatch.com/in/tv-show/save-the-tigers
The Worst of Evil,show,"Action & Adventure, Crime, Drama, Mystery & Thriller, Action Thriller",2023.0,8.3,8k,JioCinema,International,South Korea,,,https://www.justwatch.com/in/tv-show/the-worst-of-evil
Numb3rs,show,"Crime, Documentary, Drama, Mystery & Thriller, Detective Crime",2005.0,7.0,48k,JioCinema,International,United States,,,https://www.justwatch.com/in/tv-show/numb3rs
Mr. Robot,show,"Crime, Drama, Mystery & Thriller, Psychological Drama",2015.0,8.5,469k,JioCinema,International,United States,49.0,U,https://www.justwatch.com/in/tv-show/mr-robot
Mansion 24,show,"Action & Adventure, Horror, Mystery Thriller",2023.0,,,JioCinema,Indian,India,29.0,A,https://www.justwatch.com/in/tv-show/mansion-24
Swaragini,show,"Kids & Family, Drama, Bollywood",2015.0,,,JioCinema,Indian,India,,,https://www.justwatch.com/in/tv-show/swaragini
The Flash,show,"Action & Adventure, Drama, Science-Fiction, Superhero",2014.0,7.5,386k,JioCinema,International,United States,42.0,U,https://www.justwatch.com/in/tv-show/the-flash
Mubing,show,"Drama, Fantasy, Mystery & Thriller, Science-Fiction, Modern Fantasy, Action Adventure",2023.0,8.4,16k,JioCinema,International,South Korea,,,https://www.justwatch.com/in/tv-show/moving
Marvel's The Punisher,show,"Action & Adventure, Crime, Drama, Mystery & Thriller, Superhero",2017.0,8.4,306k,JioCinema,International,United States,53.0,A,https://www.justwatch.com/in/tv-show/marvels-the-punisher
IT: Welcome to Derry,show,"Drama, Fantasy, Horror, Horror Thriller",2025.0,7.9,111k,JioCinema,International,United States,60.0,A,https://www.justwatch.com/in/tv-show/welcome-to-derry
Cooku with Comali,show,"Comedy, Reality TV, Reality Competition",2019.0,9.1,1k,JioCinema,Indian,India,63.0,UA16+,https://www.justwatch.com/in/tv-show/cooku-with-comali
Muthu Alias Kaattaan,show,"Action & Adventure, Crime, Drama",2026.0,,,JioCinema,Indian,India,32.0,A,https://www.justwatch.com/in/tv-show/muthu-alias-kaattaan
Mayor of Kingstown,show,"Crime, Drama, Mystery & Thriller, Detective Crime",2021.0,8.2,73k,JioCinema,International,United States,,,https://www.justwatch.com/in/tv-show/mayor-of-kingstown
High Potential,show,"Comedy, Crime, Drama, Dark Crime, Mystery Thriller",2024.0,7.6,51k,JioCinema,International,United States,,,https://www.justwatch.com/in/tv-show/high-potential
Hacks,show,"Comedy, Drama, Dramedy",2021.0,8.2,66k,JioCinema,International,United States,33.0,A,https://www.justwatch.com/in/tv-show/hacks
1923,show,"Drama, Western, Epic Western",2022.0,8.3,103k,JioCinema,International,United States,,,https://www.justwatch.com/in/tv-show/1923
The White Lotus,show,"Comedy, Drama, Dramedy",2021.0,8.0,327k,JioCinema,International,United States,62.0,A,https://www.justwatch.com/in/tv-show/the-white-lotus
Brooklyn Nine-Nine,show,"Comedy, Crime, Sitcoms",2013.0,8.4,418k,JioCinema,International,United States,22.0,UA13+,https://www.justwatch.com/in/tv-show/brooklyn-nine-nine
The Americans,show,"Crime, Drama, Mystery & Thriller, Spies",2013.0,8.4,124k,JioCinema,International,United States,48.0,U,https://www.justwatch.com/in/tv-show/the-americans
The Manipulated,show,"Action & Adventure, Crime, Drama, Mystery & Thriller",2025.0,7.7,5k,JioCinema,International,South Korea,,,https://www.justwatch.com/in/tv-show/the-manipulated
Family Guy,show,"Animation, Comedy",1999.0,8.1,389k,JioCinema,International,United States,23.0,UA,https://www.justwatch.com/in/tv-show/family-guy
Billions,show,"Drama, Courtroom",2016.0,8.3,118k,JioCinema,International,United States,57.0,U,https://www.justwatch.com/in/tv-show/billions
Bepannah,show,"Drama, Romance, Romantic Drama, Mystery Thriller, 23, 8, Lists, Seen all, Sign in, to sync Watchlist",2018.0,7.5,1k,JioCinema,Indian,India,23.0,UA13+,https://www.justwatch.com/in/tv-show/bepannaah
Band of Brothers,show,"Action & Adventure, Drama, History, War & Military, War Drama",2001.0,9.4,597k,JioCinema,International,United States,59.0,U,https://www.justwatch.com/in/tv-show/band-of-brothers
Industry,show,Drama,2020.0,7.5,28k,JioCinema,International,"United Kingdom, United States",57.0,A,https://www.justwatch.com/in/tv-show/industry
La Brea,show,"Action & Adventure, Drama, Science-Fiction, Mystery Thriller",2021.0,5.8,17k,JioCinema,International,United States,,,https://www.justwatch.com/in/tv-show/la-brea
Tulsa King,show,"Action & Adventure, Crime, Drama, Organized Crime",2022.0,7.9,118k,JioCinema,International,United States,40.0,A,https://www.justwatch.com/in/tv-show/tulsa-king
"Life, Larry and the Pursuit of Unhappiness: An Almost History of America",show,,2026.0,6.8,1k,JioCinema,International,United States,,,https://www.justwatch.com/in/tv-show/life-larry-and-the-pursuit-of-unhappiness-an-almost-history-of-america
It's Always Sunny in Philadelphia,show,"Comedy, Sitcoms",2005.0,8.8,282k,JioCinema,International,United States,23.0,UA16+,https://www.justwatch.com/in/tv-show/its-always-sunny-in-philadelphia
Brothers and Sisters,show,"Comedy, Drama, Kids & Family",2026.0,,,JioCinema,Indian,India,,,https://www.justwatch.com/in/tv-show/brothers-and-sisters-2026
House,show,"Drama, Emotional Drama, Mystery Thriller",2004.0,8.7,594k,JioCinema,International,United States,44.0,U,https://www.justwatch.com/in/tv-show/house
Wonder Man,show,"Comedy, Drama, Fantasy, Science-Fiction, Action Adventure, Action Comedy",2026.0,7.4,35k,JioCinema,International,United States,,,https://www.justwatch.com/in/tv-show/wonder-man-0
Dune: Prophecy,show,"Drama, Science-Fiction, Action Adventure",2024.0,7.3,68k,JioCinema,International,United States,,,https://www.justwatch.com/in/tv-show/dune-the-sisterhood
RadhaKrishn,show,"Action & Adventure, Comedy, Drama, Kids & Family, Romance, Bollywood",2018.0,8.2,3k,JioCinema,Indian,India,23.0,U,https://www.justwatch.com/in/tv-show/radhakrishn
Your Honor,show,"Crime, Drama, Mystery & Thriller, Courtroom",2020.0,7.6,79k,JioCinema,International,United States,56.0,A,https://www.justwatch.com/in/tv-show/your-honor-2020
Arrow,show,"Action & Adventure, Crime, Drama, Science-Fiction, Superhero",2012.0,7.5,461k,JioCinema,International,United States,42.0,U,https://www.justwatch.com/in/tv-show/arrow
Cousins and Kalyanams,show,"Comedy, Drama, Kids & Family, Romance, Dramedy",2026.0,,,JioCinema,Indian,India,23.0,UA13+,https://www.justwatch.com/in/tv-show/cousins-and-kalyanams
The Legend of Korra,show,"Action & Adventure, Animation, Drama, Fantasy, Kids & Family, Science-Fiction, Classic Japanese Anime",2012.0,8.3,151k,JioCinema,International,United States,23.0,U,https://www.justwatch.com/in/tv-show/the-legend-of-korra
Station Eleven,show,"Drama, Fantasy, Mystery & Thriller, Science-Fiction, Post Apocalyptic World",2021.0,7.5,43k,JioCinema,International,United States,,,https://www.justwatch.com/in/tv-show/station-eleven
Andor,show,"Drama, Fantasy, Mystery & Thriller, Science-Fiction, Action Adventure",2022.0,8.6,279k,JioCinema,International,United States,48.0,UA13+,https://www.justwatch.com/in/tv-show/andor
DTF St. Louis,show,"Comedy, Drama, Mystery & Thriller, Dark Crime",2026.0,7.3,19k,JioCinema,International,United States,,,https://www.justwatch.com/in/tv-show/dtf-st-louis
Marvel's Agents of S.H.I.E.L.D.,show,"Action & Adventure, Drama, Mystery & Thriller, Science-Fiction, Superhero",2013.0,7.5,235k,JioCinema,International,United States,43.0,U,https://www.justwatch.com/in/tv-show/marvels-agents-of-s-h-i-e-l-d
Marvel's Iron Fist,show,"Action & Adventure, Crime, Drama, Fantasy, Science-Fiction, Martial Art",2017.0,6.4,149k,JioCinema,International,United States,54.0,UA16+,https://www.justwatch.com/in/tv-show/marvels-iron-fist
The Outsider,show,"Crime, Drama, Horror, Detective Crime, Mystery Thriller",2020.0,7.6,116k,JioCinema,International,United States,57.0,UA13+,https://www.justwatch.com/in/tv-show/the-outsider
Yellowjackets,show,"Drama, Horror, Action Adventure, Mystery Thriller",2021.0,7.7,115k,JioCinema,International,United States,57.0,UA16+,https://www.justwatch.com/in/tv-show/yellowjackets
Pyaar Kii Ye Ek Kahaani,show,"Drama, Fantasy, Romance, Mystery & Thriller, Modern Fantasy",2010.0,7.3,1k,JioCinema,Indian,"India, United States",21.0,PG,https://www.justwatch.com/in/tv-show/pyaar-kii-ye-ek-kahaani
The Leftovers,show,"Drama, Fantasy, Mystery & Thriller, Science-Fiction, Sci-Fi Drama",2014.0,8.3,131k,JioCinema,International,United States,58.0,A,https://www.justwatch.com/in/tv-show/the-leftovers
Warrior,show,"Action & Adventure, Crime, Drama, History, Western, Martial Art",2019.0,8.4,53k,JioCinema,International,United States,53.0,A,https://www.justwatch.com/in/tv-show/warrior-2019
Meri Aashiqui Tum Se Hi,show,"Drama, Bollywood, Like, Dislike, Lists, Seen all, Sign in, to sync Watchlist",2014.0,,,JioCinema,Indian,India,21.0,UA13+,https://www.justwatch.com/in/tv-show/meri-aashiqui-tum-se-hi
Salakaar,show,"Action & Adventure, Mystery & Thriller, Action Thriller",2025.0,5.8,1k,JioCinema,Indian,India,32.0,UA16+,https://www.justwatch.com/in/tv-show/salakaar
Key & Peele,show,"Comedy, Stand Up Comedy",2012.0,8.3,29k,JioCinema,International,United States,22.0,U,https://www.justwatch.com/in/tv-show/key-and-peele
Grey's Anatomy,show,"Drama, Romance, Romantic Drama",2005.0,7.6,375k,JioCinema,International,United States,47.0,UA13+,https://www.justwatch.com/in/tv-show/greys-anatomy
Gundeninda Gudigantalu,show,"Drama, Kids & Family, Romance, Romantic Drama",2023.0,,,JioCinema,Indian,India,,,https://www.justwatch.com/in/tv-show/gundeninda-gudigantalu
Percy Jackson and the Olympians,show,"Drama, Fantasy, Kids & Family, Science-Fiction, Action Adventure",2023.0,7.0,52k,JioCinema,International,United States,,,https://www.justwatch.com/in/tv-show/percy-jackson-and-the-olympians
Grimm,show,"Action & Adventure, Crime, Drama, Fantasy, Horror, Mystery & Thriller, Science-Fiction, Detective Crime",2011.0,7.9,141k,JioCinema,International,United States,47.0,U,https://www.justwatch.com/in/tv-show/grimm
Homeland,show,"Crime, Drama, Mystery & Thriller, War & Military, Spies",2011.0,8.3,385k,JioCinema,International,United States,52.0,A,https://www.justwatch.com/in/tv-show/homeland
Deep Revenge,show,"Drama, Mystery & Thriller",2026.0,,,JioCinema,International,Japan,,,https://www.justwatch.com/in/tv-show/deep-revenge
Yeh Rishtey Hain Pyaar Ke,show,"Drama, Kids & Family, Bollywood",2019.0,7.1,2k,JioCinema,Indian,India,21.0,PG,https://www.justwatch.com/in/tv-show/yeh-rishtey-hain-pyaar-ke
Resident Alien,show,"Comedy, Drama, Science-Fiction, Sci-Fi Comedy, Dramedy, Mystery Thriller",2021.0,8.0,88k,JioCinema,International,United States,44.0,UA16+,https://www.justwatch.com/in/tv-show/resident-alien
Broken But Beautiful,show,"Drama, Romance, Romantic Drama",2018.0,8.5,17k,JioCinema,Indian,India,25.0,A,https://www.justwatch.com/in/tv-show/broken-but-beautiful
Fuh se Fantasy,show,"Drama, Romance, Romantic Drama",2019.0,6.8,6k,JioCinema,Indian,India,29.0,UA16+,https://www.justwatch.com/in/tv-show/fuh-se-fantasy
Aashiqana,show,"Crime, Mystery & Thriller, Romance, Romantic Thriller",2022.0,5.6,1k,JioCinema,Indian,India,22.0,UA16+,https://www.justwatch.com/in/tv-show/aashiqana
Rooster,show,"Comedy, Drama, Dramedy",2026.0,7.6,18k,JioCinema,International,United States,,,https://www.justwatch.com/in/tv-show/rooster
The Legend of Hanuman,show,"Action & Adventure, Animation, Fantasy, Kids & Family, Science-Fiction, Western Animation",2021.0,9.1,13k,JioCinema,Indian,India,21.0,PG,https://www.justwatch.com/in/tv-show/the-legend-of-hanuman
Two and a Half Men,show,"Comedy, Romance, Sitcoms",2003.0,7.1,298k,JioCinema,International,United States,22.0,U,https://www.justwatch.com/in/tv-show/two-and-a-half-men
Silicon Valley,show,"Comedy, Sitcoms",2014.0,8.5,182k,JioCinema,International,United States,29.0,UA13+,https://www.justwatch.com/in/tv-show/silicon-valley
The 4400,show,"Drama, Mystery & Thriller, Science-Fiction, Sci-Fi Drama",2004.0,7.3,48k,JioCinema,International,United States,,,https://www.justwatch.com/in/tv-show/the-4400
9-1-1,show,"Action & Adventure, Crime, Drama, Mystery & Thriller, Emotional Drama",2018.0,7.9,64k,JioCinema,International,United States,43.0,UA16+,https://www.justwatch.com/in/tv-show/9-1-1
Moon Knight,show,"Fantasy, Mystery & Thriller, Science-Fiction, Superhero, Action Adventure",2022.0,7.3,278k,JioCinema,International,United States,48.0,UA16+,https://www.justwatch.com/in/tv-show/moon-knight
The Sex Lives of College Girls,show,"Comedy, Drama, Female Comedy",2021.0,7.7,35k,JioCinema,International,United States,29.0,A,https://www.justwatch.com/in/tv-show/the-sex-lives-of-college-girls
Tell Me Lies,show,"Drama, Mystery & Thriller, Romantic Drama",2022.0,7.2,20k,JioCinema,International,United States,53.0,A,https://www.justwatch.com/in/tv-show/tell-me-lies
Evil,show,"Crime, Drama, Horror, Mystery & Thriller, Paranormal",2019.0,7.7,52k,JioCinema,International,United States,49.0,UA13+,https://www.justwatch.com/in/tv-show/evil
Taaza Khabar,show,"Action & Adventure, Comedy, Drama, Fantasy, Mystery & Thriller, Science-Fiction, Bollywood, Dramedy, Action Comedy",2023.0,8.0,57k,JioCinema,Indian,India,32.0,UA16+,https://www.justwatch.com/in/tv-show/taaza-khabar
The Penguin,show,"Crime, Drama, Fantasy, Superhero, Organized Crime",2024.0,8.6,241k,JioCinema,International,United States,58.0,A,https://www.justwatch.com/in/tv-show/the-penguin
Rome,show,"Action & Adventure, Drama, Romance, War & Military, Made in Europe, Period Drama, Epic",2005.0,8.7,204k,JioCinema,International,United States,54.0,A,https://www.justwatch.com/in/tv-show/rome
The Capture,show,"Crime, Drama, Mystery Thriller",2019.0,8.0,34k,JioCinema,International,United Kingdom,,,https://www.justwatch.com/in/tv-show/the-capture
Deli Boys,show,"Comedy, Crime, Drama, Dramedy",2025.0,7.2,4k,JioCinema,International,United States,,,https://www.justwatch.com/in/tv-show/deli-boys
The Night Of,show,"Crime, Drama, Mystery Thriller",2016.0,8.4,176k,JioCinema,International,United States,65.0,A,https://www.justwatch.com/in/tv-show/the-night-of
Vikram On Duty,show,"Crime, Mystery & Thriller, Action Thriller",2026.0,,,JioCinema,Indian,India,22.0,A,https://www.justwatch.com/in/tv-show/vikram-on-duty
Parks and Recreation,show,"Comedy, Sitcoms",2009.0,8.6,316k,JioCinema,International,United States,22.0,UA13+,https://www.justwatch.com/in/tv-show/parks-and-recreation
The Seven Deadly Sins,show,"Action & Adventure, Animation, Comedy, Fantasy, Science-Fiction, Classic Japanese Anime",2014.0,7.6,46k,JioCinema,International,Japan,25.0,UA16+,https://www.justwatch.com/in/tv-show/the-seven-deadly-sins
All Her Fault,show,"Crime, Drama, Mystery & Thriller, Emotional Drama",2025.0,7.5,46k,JioCinema,International,"Australia, United Kingdom, United States",,,https://www.justwatch.com/in/tv-show/all-her-fault
The Five Star Weekend,show,"Drama, Emotional Drama",2026.0,,,JioCinema,International,United States,,,https://www.justwatch.com/in/tv-show/the-five-star-weekend
Ishq Aur Desire,show,"Drama, Mystery & Thriller, Bollywood",2019.0,6.0,5k,JioCinema,Indian,India,27.0,A,https://www.justwatch.com/in/tv-show/bekaaboo
Reign,show,"Drama, History, Romance, Young Adult Drama, Period Drama",2013.0,7.4,58k,JioCinema,International,United States,42.0,UA16+,https://www.justwatch.com/in/tv-show/reign
Iss Pyaar Ko Kya Naam Doon,show,"Drama, Romance, Romantic Drama, Like, Dislike, Lists, Seen all, Sign in, to sync Watchlist",2011.0,7.6,4k,JioCinema,Indian,India,22.0,PG,https://www.justwatch.com/in/tv-show/what-name-should-i-give-this-love
Mare of Easttown,show,"Crime, Drama, Mystery & Thriller, Detective Crime",2021.0,8.4,223k,JioCinema,International,United States,60.0,A,https://www.justwatch.com/in/tv-show/mare-of-easttown
Curb Your Enthusiasm,show,"Comedy, Raunchy Comedy",2000.0,8.8,167k,JioCinema,International,United States,33.0,U,https://www.justwatch.com/in/tv-show/curb-your-enthusiasm
Twin Peaks,show,"Crime, Drama, Horror, Dark Crime, Mystery Thriller",2017.0,8.5,90k,JioCinema,International,United States,56.0,A,https://www.justwatch.com/in/tv-show/twin-peaks-2017
Heart Beat,show,"Drama, Emotional Drama, Bollywood",2024.0,,,JioCinema,Indian,India,,,https://www.justwatch.com/in/tv-show/heart-beat
Dil Ko Tumse Pyaar Hua,show,"Drama, Kids & Family, Romance, Romantic Drama",2024.0,,,JioCinema,International,United States,,,https://www.justwatch.com/in/tv-show/dil-ko-tumse-pyaar-hua
Alien: Earth,show,"Drama, Horror, Mystery & Thriller, Science-Fiction, Sci-Fi Drama",2025.0,7.1,106k,JioCinema,International,United States,55.0,A,https://www.justwatch.com/in/tv-show/alien
Scorpion,show,"Action & Adventure, Crime, Drama, Mystery & Thriller, Spies, Based On A True Story",2014.0,7.1,64k,JioCinema,International,United States,42.0,U,https://www.justwatch.com/in/tv-show/scorpion
The King of Queens,show,"Comedy, Sitcoms",1998.0,7.4,95k,JioCinema,International,United States,24.0,UA13+,https://www.justwatch.com/in/tv-show/the-king-of-queens
Big Little Lies,show,"Crime, Drama, Dark Crime, Mystery Thriller",2017.0,8.4,245k,JioCinema,International,United States,50.0,UA16+,https://www.justwatch.com/in/tv-show/big-little-lies
Devon Ke Dev...Mahadev,show,"Action & Adventure, Drama, Fantasy, Romance, Bollywood",2011.0,9.2,5k,JioCinema,Indian,India,22.0,U,https://www.justwatch.com/in/tv-show/devon-ke-dev-mhaadev
Below Deck,show,Reality TV,2013.0,7.5,6k,JioCinema,International,United States,43.0,UA16+,https://www.justwatch.com/in/tv-show/below-deck
Nazar,show,"Fantasy, Horror, Mystery & Thriller, Science-Fiction, Bollywood",2018.0,,,JioCinema,Indian,India,20.0,UA13+,https://www.justwatch.com/in/tv-show/nazar
The Newsroom,show,"Drama, Emotional Drama",2012.0,8.6,135k,JioCinema,International,United States,57.0,UA13+,https://www.justwatch.com/in/tv-show/the-newsroom
Aarya,show,"Action & Adventure, Crime, Drama, Mystery & Thriller, Bollywood",2020.0,7.7,16k,JioCinema,Indian,India,45.0,UA16+,https://www.justwatch.com/in/tv-show/aarya
Doree,show,"Action & Adventure, Crime, Drama, Kids & Family, Mystery & Thriller, Romance, Bollywood, Like, Dislike, Lists, Seen all, Sign in, to sync Watchlist",2023.0,,,JioCinema,Indian,India,,,https://www.justwatch.com/in/tv-show/doree
Below Deck Mediterranean,show,Reality TV,2016.0,7.6,4k,JioCinema,International,United States,45.0,A,https://www.justwatch.com/in/tv-show/below-deck-mediterranean
PAW Patrol,show,"Animation, Comedy, Kids & Family, Family Animation",2013.0,6.1,7k,JioCinema,International,"Canada, United States",18.0,U,https://www.justwatch.com/in/tv-show/paw-patrol
Only Murders in the Building,show,"Comedy, Crime, Drama, Dramedy, Mystery Thriller",2021.0,8.0,204k,JioCinema,International,United States,35.0,UA16+,https://www.justwatch.com/in/tv-show/only-murders-in-the-building
Akgwi,show,"Drama, Fantasy, Horror, Mystery Thriller",2023.0,7.9,4k,JioCinema,International,South Korea,,,https://www.justwatch.com/in/tv-show/revenant
The Madison,show,"Drama, Emotional Drama",2026.0,7.8,20k,JioCinema,International,United States,,,https://www.justwatch.com/in/tv-show/the-madison
The Great,show,"Comedy, Drama, History, Dramedy, Period Drama",2020.0,8.1,65k,JioCinema,International,United States,,,https://www.justwatch.com/in/tv-show/the-great
This Is Us,show,"Comedy, Drama, Romance, Dramedy, Romantic Drama",2016.0,8.7,174k,JioCinema,International,United States,43.0,U,https://www.justwatch.com/in/tv-show/this-is-us
Prisoner,show,"Action & Adventure, Crime, Mystery & Thriller, Action Thriller",2026.0,6.6,1k,JioCinema,International,United Kingdom,,,https://www.justwatch.com/in/tv-show/prisoner
Bleach: Sennen Kessen-hen,show,"Action & Adventure, Animation, Fantasy, Mystery & Thriller, War & Military, Classic Japanese Anime",2022.0,9.0,77k,JioCinema,International,Japan,25.0,UA16+,https://www.justwatch.com/in/tv-show/bleach-thousand-year-blood-war
His Dark Materials,show,"Action & Adventure, Drama, Fantasy, Science-Fiction, Epic Fantasy, Sci-Fi Drama, Dark Fantasy",2019.0,7.7,94k,JioCinema,International,United Kingdom,54.0,UA13+,https://www.justwatch.com/in/tv-show/his-dark-materials
Mairimashita! Iruma-kun,show,"Animation, Comedy, Drama, Fantasy, Science-Fiction, Classic Japanese Anime",2019.0,7.6,3k,JioCinema,International,Japan,24.0,UA13+,https://www.justwatch.com/in/tv-show/welcome-to-demon-school-iruma-kun
Kasam - Tere Pyaar Ki,show,"Kids & Family, Drama, Bollywood, Romantic Drama",2016.0,,,JioCinema,Indian,India,,,https://www.justwatch.com/in/tv-show/kasam
White Collar,show,"Comedy, Crime, Drama, Mystery & Thriller, Detective Crime",2009.0,8.2,153k,JioCinema,International,United States,44.0,U,https://www.justwatch.com/in/tv-show/white-collar
Hawaii Five-0,show,"Action & Adventure, Comedy, Crime, Drama, Mystery & Thriller, Romance, Detective Crime, Action Thriller",2010.0,7.4,83k,JioCinema,International,United States,43.0,U,https://www.justwatch.com/in/tv-show/hawaii-five-0
Tucci in Italy,show,Documentary,2025.0,8.0,1k,JioCinema,International,United States,,,https://www.justwatch.com/in/tv-show/tucci-in-italy
Law & Order,show,"Crime, Drama, Mystery & Thriller, Courtroom, Detective Crime",1990.0,7.8,51k,JioCinema,International,United States,,,https://www.justwatch.com/in/tv-show/law-and-order
Nurse Jackie,show,"Comedy, Drama, Dramedy",2009.0,7.9,33k,JioCinema,International,United States,27.0,UA16+,https://www.justwatch.com/in/tv-show/nurse-jackie
Gossip Girl,show,"Drama, Romance, Emotional Drama, Young Adult Drama",2007.0,7.5,198k,JioCinema,International,United States,42.0,U,https://www.justwatch.com/in/tv-show/gossip-girl
Vice Principals,show,Comedy,2016.0,8.0,38k,JioCinema,International,United States,,,https://www.justwatch.com/in/tv-show/vice-principals
Tuu Juliet Jatt Di,show,"Drama, Romance",2025.0,,,JioCinema,Indian,India,24.0,UA13+,https://www.justwatch.com/in/tv-show/tu-juliet-jatt-di
American Horror Story,show,"Drama, Horror, Mystery & Thriller, Science-Fiction, Slasher, Horror Thriller",2011.0,7.9,362k,JioCinema,International,United States,44.0,A,https://www.justwatch.com/in/tv-show/american-horror-story
Shubh Ratri,show,"Comedy, Drama, Bollywood",2019.0,,,JioCinema,Indian,India,26.0,UA7+,https://www.justwatch.com/in/tv-show/shubh-ratri
Molkki,show,"Drama, Emotional Drama, Bollywood",2020.0,,,JioCinema,Indian,India,20.0,UA13+,https://www.justwatch.com/in/tv-show/molkki
Tracker,show,"Action & Adventure, Crime, Drama, Detective Crime",2024.0,7.1,30k,JioCinema,International,United States,,,https://www.justwatch.com/in/tv-show/tracker-2024
Bahu Begum,show,"Drama, Kids & Family, Romance, Bollywood, Like, Dislike, Lists, Seen all, Sign in, to sync Watchlist",2019.0,,,JioCinema,Indian,India,20.0,UA13+,https://www.justwatch.com/in/tv-show/bahu-begum
Love Conquers All,show,"Drama, Romance, Bollywood",2001.0,3.8,1k,JioCinema,Indian,India,28.0,UA13+,https://www.justwatch.com/in/tv-show/kasautii-zindagii-kay
Nishir Daak,show,"Horror, Mystery & Thriller, Bollywood, Horror Thriller",2018.0,,,JioCinema,Indian,India,,,https://www.justwatch.com/in/tv-show/nishir-daak
Halo,show,"Mystery & Thriller, Science-Fiction, War & Military, Sci-Fi Military, Action Adventure",2022.0,7.3,110k,JioCinema,International,United States,52.0,UA13+,https://www.justwatch.com/in/tv-show/halo
Gold Land,show,"Crime, Drama, Mystery & Thriller, Romance",2026.0,,,JioCinema,International,South Korea,,,https://www.justwatch.com/in/tv-show/gold-land
MasterChef Australia,show,"Reality TV, Reality Competition",2009.0,8.2,4k,JioCinema,International,Australia,55.0,U,https://www.justwatch.com/in/tv-show/masterchef-australia
PONIES,show,"Comedy, Crime, Drama, Mystery Thriller",2026.0,7.1,11k,JioCinema,International,United States,,,https://www.justwatch.com/in/tv-show/ponies
Welcome to Wrexham,show,"Documentary, Sport, Reality TV",2022.0,8.3,25k,JioCinema,International,United States,34.0,UA16+,https://www.justwatch.com/in/tv-show/welcome-to-wrexham
Dr. Aarambhi,show,Drama,2026.0,,,JioCinema,Indian,India,21.0,UA13+,https://www.justwatch.com/in/tv-show/dr-aarambhi
Neighbors,show,"Documentary, Reality TV",2026.0,6.8,1k,JioCinema,International,United States,,,https://www.justwatch.com/in/tv-show/neighbors
Anupamaa,show,"Drama, Emotional Drama, Bollywood",2020.0,3.5,3k,JioCinema,Indian,India,24.0,UA13+,https://www.justwatch.com/in/tv-show/anupamaa
Vigilante,show,"Action & Adventure, Crime, Drama, Mystery & Thriller, Action Thriller",2023.0,7.7,4k,JioCinema,International,South Korea,,,https://www.justwatch.com/in/tv-show/vigilante
Boston Legal,show,"Comedy, Crime, Drama, Courtroom",2004.0,8.5,53k,JioCinema,International,United States,44.0,UA13+,https://www.justwatch.com/in/tv-show/boston-legal
She-Hulk: Attorney at Law,show,"Comedy, Science-Fiction, Action Adventure",2022.0,5.2,209k,JioCinema,International,United States,32.0,UA16+,https://www.justwatch.com/in/tv-show/she-hulk
Criminal Justice: Adhura Sach,show,"Crime, Drama, Mystery Thriller",2022.0,7.6,8k,JioCinema,Indian,India,47.0,UA16+,https://www.justwatch.com/in/tv-show/criminal-justice-adhura-sach
1883,show,"Drama, Western, Epic Western",2021.0,8.6,167k,JioCinema,International,United States,,,https://www.justwatch.com/in/tv-show/1883
New Girl,show,"Comedy, Romance, Sitcoms",2011.0,7.8,263k,JioCinema,International,United States,21.0,U,https://www.justwatch.com/in/tv-show/new-girl
Barrister Babu,show,"Drama, History, Kids & Family, Romance, Bollywood",2020.0,7.1,1k,JioCinema,Indian,India,21.0,UA13+,https://www.justwatch.com/in/tv-show/barrister-babu
Poker Face,show,"Comedy, Crime, Drama, Mystery Thriller",2023.0,7.7,68k,JioCinema,International,United States,,,https://www.justwatch.com/in/tv-show/poker-face
Sirf Tum,show,"Drama, Romantic Drama",2021.0,,,JioCinema,Indian,India,22.0,UA13+,https://www.justwatch.com/in/tv-show/sirf-tum
Sword Art Online,show,"Action & Adventure, Animation, Drama, Fantasy, Mystery & Thriller, Romance, Science-Fiction, Classic Japanese Anime",2012.0,7.5,54k,JioCinema,International,Japan,23.0,A,https://www.justwatch.com/in/tv-show/sword-art-online-ii
Barry,show,"Action & Adventure, Comedy, Crime, Drama, Dark Crime, Action Comedy, Sitcoms",2018.0,8.3,143k,JioCinema,International,United States,32.0,UA13+,https://www.justwatch.com/in/tv-show/barry
Marvel's Jessica Jones,show,"Action & Adventure, Crime, Drama, Mystery & Thriller, Science-Fiction, Superhero",2015.0,7.8,240k,JioCinema,International,United States,51.0,A,https://www.justwatch.com/in/tv-show/marvels-jessica-jones
Star Wars: Maul - Shadow Lord,show,"Action & Adventure, Animation, Crime, Kids & Family, Science-Fiction",2026.0,8.6,26k,JioCinema,International,United States,24.0,UA13+,https://www.justwatch.com/in/tv-show/star-wars-maul-shadow-lord
St. Denis Medical,show,"Comedy, Sitcoms",2024.0,7.2,8k,JioCinema,International,United States,,,https://www.justwatch.com/in/tv-show/st-denis-medical
Marvel's The Defenders,show,"Action & Adventure, Crime, Fantasy, Science-Fiction, Superhero",2017.0,7.2,127k,JioCinema,International,United States,50.0,UA16+,https://www.justwatch.com/in/tv-show/marvels-the-defenders
The Sheep Detectives,movie,"Action & Adventure, Comedy, Kids & Family, Mystery & Thriller, Action Comedy",2026.0,7.6,22k,Amazon Prime Video,International,"United Kingdom, United States",109.0,UA7+,https://www.justwatch.com/in/movie/the-sheep-detectives
Project Hail Mary,movie,"Action & Adventure, Comedy, Drama, Science-Fiction, Sci-Fi Drama",2026.0,8.2,370k,Amazon Prime Video,International,United States,156.0,UA13+,https://www.justwatch.com/in/movie/project-hail-mary
Troy,movie,"Action & Adventure, History, War & Military, Made in Europe, Epic",2004.0,7.3,618k,Amazon Prime Video,International,"United Kingdom, United States",163.0,UA,https://www.justwatch.com/in/movie/troy
Karuppu,movie,"Action & Adventure, Comedy, Drama, Fantasy, Bollywood",2026.0,6.3,9k,Amazon Prime Video,Indian,India,150.0,UA13+,https://www.justwatch.com/in/movie/karuppu
Trikala: Script of God,movie,Mystery & Thriller,2026.0,,,Amazon Prime Video,Indian,India,127.0,A,https://www.justwatch.com/in/movie/trikala-script-of-god
Dose,movie,Mystery & Thriller,2026.0,,,Amazon Prime Video,Indian,India,140.0,UA16+,https://www.justwatch.com/in/movie/dose
Double Occupancy,movie,"Comedy, Drama, Fantasy, Romance",2026.0,,,Amazon Prime Video,Indian,India,132.0,UA16+,https://www.justwatch.com/in/movie/double-occupancy
How to Have Sex,movie,"Drama, Emotional Drama",2023.0,6.4,23k,Amazon Prime Video,International,"Belgium, France, United Kingdom, Greece",,,https://www.justwatch.com/in/movie/how-to-have-sex
Razor,movie,"Action & Adventure, Drama, Mystery & Thriller",2026.0,,,Amazon Prime Video,Indian,India,130.0,A,https://www.justwatch.com/in/movie/razor
Together,movie,"Horror, Romance, Science-Fiction, RomCom",2025.0,6.7,82k,Amazon Prime Video,International,"Australia, United States",102.0,A,https://www.justwatch.com/in/movie/together-2025
Drishyam 3,movie,"Crime, Drama, Kids & Family, Mystery & Thriller",2026.0,6.8,3k,Amazon Prime Video,Indian,India,157.0,UA13+,https://www.justwatch.com/in/movie/drishyam-3
"Good Luck, Have Fun, Don't Die",movie,"Comedy, Science-Fiction, Sci-Fi Drama, Action Adventure",2026.0,7.0,55k,Amazon Prime Video,International,"Germany, United States",,,https://www.justwatch.com/in/movie/good-luck-have-fun-dont-die
Dacoit: A Love Story,movie,"Action & Adventure, Drama, Mystery & Thriller, Romance, Bollywood",2026.0,7.5,9k,Amazon Prime Video,Indian,India,149.0,UA,https://www.justwatch.com/in/movie/dacoit-a-love-story
K.G.F: Chapter 2,movie,"Action & Adventure, Crime, Drama, Mystery & Thriller, Bollywood",2022.0,8.2,170k,Amazon Prime Video,Indian,India,166.0,UA,https://www.justwatch.com/in/movie/k-g-f-chapter-2
Your Fault: London,movie,"Drama, Romance, Romantic Drama",2026.0,6.1,2k,Amazon Prime Video,International,"Spain, United Kingdom, United States",,,https://www.justwatch.com/in/movie/your-fault-london
Second Case of Seetharam,movie,"Crime, Mystery & Thriller, Detective Crime",2026.0,,,Amazon Prime Video,Indian,India,120.0,UA16+,https://www.justwatch.com/in/movie/second-case-of-seetharam
The Housemaid,movie,"Drama, Mystery Thriller",2025.0,6.7,163k,Amazon Prime Video,International,United States,131.0,A,https://www.justwatch.com/in/movie/the-housemaid-0
Junior,movie,"Drama, Emotional Drama, Bollywood",2025.0,4.7,1k,Amazon Prime Video,Indian,India,151.0,UA13+,https://www.justwatch.com/in/movie/junior-2025
Over Your Dead Body,movie,"Action & Adventure, Comedy, Mystery & Thriller, Action Comedy",2026.0,6.3,18k,Amazon Prime Video,International,"Finland, Norway, United States",,,https://www.justwatch.com/in/movie/over-your-dead-body-2026
Ugly story,movie,"Drama, Mystery & Thriller, Romance",2026.0,,,Amazon Prime Video,Indian,India,123.0,A,https://www.justwatch.com/in/movie/ugly-story
Agra,movie,"Drama, Bollywood",2025.0,5.4,1k,Amazon Prime Video,Indian,"France, India",115.0,A,https://www.justwatch.com/in/movie/agra
Tuck Jagadish,movie,"Action & Adventure, Drama, Action Thriller",2021.0,5.6,4k,Amazon Prime Video,Indian,India,145.0,UA13+,https://www.justwatch.com/in/movie/tuck-jagadish
The Secret Agent,movie,"Crime, Drama, Mystery & Thriller, Period Drama",2025.0,7.2,57k,Amazon Prime Video,International,"Argentina, Brazil, Germany, France, Netherlands",161.0,A,https://www.justwatch.com/in/movie/the-secret-agent-2025
Spider-Man: Homecoming,movie,"Action & Adventure, Science-Fiction, Superhero",2017.0,7.4,734k,Amazon Prime Video,International,United States,133.0,UA,https://www.justwatch.com/in/movie/spider-man-homecoming
Succubus,movie,"Horror, Mystery & Thriller, Horror Thriller",2024.0,3.6,1k,Amazon Prime Video,International,Russia,96.0,A,https://www.justwatch.com/in/movie/succubus
Mareechika,movie,"Mystery & Thriller, Romance",2026.0,,,Amazon Prime Video,Indian,India,138.0,UA13+,https://www.justwatch.com/in/movie/mareechika
Jigris,movie,"Comedy, Bollywood",2025.0,7.8,2k,Amazon Prime Video,Indian,India,150.0,UA16+,https://www.justwatch.com/in/movie/jigris
Kantara - A Legend: Chapter 1,movie,"Action & Adventure, Drama, Fantasy, Mystery & Thriller, Bollywood, Action Thriller",2025.0,8.1,57k,Amazon Prime Video,Indian,India,165.0,UA16+,https://www.justwatch.com/in/movie/kantara-chapter-1
Stree 2: Sarkate Ka Aatank,movie,"Comedy, Horror, Horror Comedy",2024.0,6.9,46k,Amazon Prime Video,Indian,India,147.0,UA13+,https://www.justwatch.com/in/movie/stree-2
Interstellar,movie,"Action & Adventure, Drama, Science-Fiction, Sci-Fi Drama",2014.0,,,Amazon Prime Video,International,"Canada, United Kingdom, United States",169.0,UA,https://www.justwatch.com/in/movie/interstellar
Dune,movie,"Drama, Science-Fiction, War & Military, Sci-Fi Drama, Action Adventure",2021.0,,,Amazon Prime Video,International,United States,155.0,UA,https://www.justwatch.com/in/movie/dune-2021
My Fault,movie,"Drama, Mystery & Thriller, Romance, Romantic Drama",2023.0,6.1,45k,Amazon Prime Video,International,Spain,117.0,A,https://www.justwatch.com/in/movie/culpa-mia
My Fault: London,movie,"Drama, Romance, Romantic Drama",2025.0,6.2,17k,Amazon Prime Video,International,United Kingdom,,,https://www.justwatch.com/in/movie/my-fault-london
Spider-Man,movie,"Action & Adventure, Science-Fiction, Superhero",2002.0,7.4,971k,Amazon Prime Video,International,United States,121.0,U,https://www.justwatch.com/in/movie/spider-man
Ginny Wedss Sunny 2,movie,"Comedy, Drama, Kids & Family, Romance",2026.0,,,Amazon Prime Video,Indian,India,134.0,UA16+,https://www.justwatch.com/in/movie/ginny-wedss-sunny-2
Prisoners,movie,"Crime, Drama, Mystery Thriller",2013.0,8.2,941k,Amazon Prime Video,International,United States,153.0,A,https://www.justwatch.com/in/movie/prisoners
Bhaag Milkha Bhaag,movie,"Drama, History, Sport, Bollywood",2013.0,8.2,79k,Amazon Prime Video,Indian,India,186.0,U,https://www.justwatch.com/in/movie/bhaag-milkha-bhaag
Marty Supreme,movie,"Comedy, Drama, Mystery & Thriller, Sport, Dramedy, Sports Drama",2025.0,7.6,192k,Amazon Prime Video,International,"Finland, United States",149.0,A,https://www.justwatch.com/in/movie/marty-supreme
The Dictator,movie,"Comedy, Raunchy Comedy",2012.0,6.5,369k,Amazon Prime Video,International,United States,83.0,A,https://www.justwatch.com/in/movie/the-dictator
After,movie,"Drama, Romance, Romantic Drama",2019.0,5.3,76k,Amazon Prime Video,International,United States,106.0,UA,https://www.justwatch.com/in/movie/after
Mortal Kombat,movie,"Action & Adventure, Fantasy, Mystery & Thriller, Science-Fiction, Video Game",2021.0,6.1,215k,Amazon Prime Video,International,United States,110.0,A,https://www.justwatch.com/in/movie/mortal-kombat-2021
Oye Lucky! Lucky Oye!,movie,"Action & Adventure, Comedy, Crime, Drama",2008.0,7.7,19k,Amazon Prime Video,Indian,India,126.0,UA,https://www.justwatch.com/in/movie/oye-lucky-lucky-oye
Godari Gattupaina,movie,"Kids & Family, Romance, Comedy, RomCom, Romantic Drama",2026.0,,,Amazon Prime Video,Indian,India,,,https://www.justwatch.com/in/movie/godari-gattupaina
Mission: Impossible - The Final Reckoning,movie,"Action & Adventure, Mystery & Thriller, Spies, Action Thriller",2025.0,7.1,233k,Amazon Prime Video,International,United States,170.0,UA13+,https://www.justwatch.com/in/movie/mission-impossible-dead-reckoning-part-two
300,movie,"Action & Adventure, Drama, War & Military, Epic Fantasy, Epic",2007.0,7.6,914k,Amazon Prime Video,International,"Bulgaria, Canada, United States",117.0,A,https://www.justwatch.com/in/movie/300
Thamma,movie,"Comedy, Horror, Mystery & Thriller",2025.0,5.8,49k,Amazon Prime Video,Indian,India,149.0,UA16+,https://www.justwatch.com/in/movie/vampires-of-vijay-nagar
Inception,movie,"Action & Adventure, Mystery & Thriller, Science-Fiction, Cerebral, Action Thriller",2010.0,,,Amazon Prime Video,International,"United Kingdom, United States",148.0,UA,https://www.justwatch.com/in/movie/inception
Rangasthalam,movie,"Action & Adventure, Drama, Bollywood",2018.0,8.2,31k,Amazon Prime Video,Indian,India,179.0,UA,https://www.justwatch.com/in/movie/rangasthalam
Scream 7,movie,"Crime, Horror, Mystery & Thriller, Slasher",2026.0,5.5,58k,Amazon Prime Video,International,"Canada, United States",114.0,A,https://www.justwatch.com/in/movie/scream-7
Once Upon a Time... in Hollywood,movie,"Comedy, Drama, Mystery & Thriller, Dramedy",2019.0,7.6,966k,Amazon Prime Video,International,"China, United Kingdom, United States",162.0,A,https://www.justwatch.com/in/movie/once-upon-a-time-in-hollywood
Eden,movie,"Drama, History, Mystery Thriller",2025.0,6.5,45k,Amazon Prime Video,International,United States,,,https://www.justwatch.com/in/movie/eden-2024
Ikkis,movie,"Action & Adventure, Drama, History, War & Military, War Drama",2026.0,6.1,26k,Amazon Prime Video,Indian,India,144.0,UA13+,https://www.justwatch.com/in/movie/ekkis
Tumbbad,movie,"Drama, Fantasy, Horror, Mystery & Thriller, Made in Europe, Bollywood",2018.0,8.2,75k,Amazon Prime Video,Indian,"India, Sweden",104.0,A,https://www.justwatch.com/in/movie/tumbbad
Odela 2,movie,"Action & Adventure, Crime, Drama, Horror, Mystery & Thriller, Bollywood",2025.0,4.6,6k,Amazon Prime Video,Indian,India,147.0,A,https://www.justwatch.com/in/movie/odela2
Radhe Shyam,movie,"Drama, Romance, Romantic Drama",2022.0,5.2,33k,Amazon Prime Video,Indian,India,138.0,UA,https://www.justwatch.com/in/movie/radhe-shyam
Pushpa: The Rise,movie,"Action & Adventure, Crime, Drama, Mystery & Thriller, Bollywood",2021.0,7.6,100k,Amazon Prime Video,Indian,India,179.0,UA,https://www.justwatch.com/in/movie/pushpa
The Amazing Spider-Man,movie,"Action & Adventure, Science-Fiction, Superhero",2012.0,6.9,768k,Amazon Prime Video,International,United States,137.0,UA,https://www.justwatch.com/in/movie/the-amazing-spider-man
Subedaar,movie,"Action & Adventure, Drama, Action Thriller",2026.0,6.1,11k,Amazon Prime Video,Indian,India,145.0,A,https://www.justwatch.com/in/movie/subedaar-2026
Carmeni Selvam,movie,"Comedy, Drama, Mystery & Thriller",2026.0,,,Amazon Prime Video,Indian,India,144.0,U,https://www.justwatch.com/in/movie/carmeni-selvam-2026
Couple Friendly,movie,"Drama, Romance, Romantic Drama",2026.0,7.2,1k,Amazon Prime Video,Indian,India,118.0,A,https://www.justwatch.com/in/movie/couple-friendly
Drishyam 2,movie,"Crime, Drama, Mystery & Thriller, Bollywood",2022.0,8.2,52k,Amazon Prime Video,Indian,India,140.0,UA,https://www.justwatch.com/in/movie/drishyam-2-2022
Kishkindhapuri,movie,"Comedy, Drama, Horror, Mystery & Thriller, Bollywood, Horror Thriller",2025.0,6.9,3k,Amazon Prime Video,Indian,India,125.0,A,https://www.justwatch.com/in/movie/kishkindhapuri-2025
Spider-Man 3,movie,"Action & Adventure, Science-Fiction, Made in Europe, Superhero",2007.0,6.3,702k,Amazon Prime Video,International,United States,139.0,UA,https://www.justwatch.com/in/movie/spider-man-3
Crime 101,movie,"Crime, Drama, Mystery & Thriller, Heist, Detective Crime",2026.0,6.8,83k,Amazon Prime Video,International,"United Kingdom, United States",141.0,A,https://www.justwatch.com/in/movie/crime-101
The Others,movie,"Horror, Mystery & Thriller, Made in Europe, Horror Thriller, Paranormal",2001.0,7.6,427k,Amazon Prime Video,International,"Spain, France, United States",101.0,UA13+,https://www.justwatch.com/in/movie/the-others
American Psycho,movie,"Crime, Drama, Horror, Mystery & Thriller, Dark Crime, Horror Thriller",2000.0,7.6,843k,Amazon Prime Video,International,"Canada, United States",102.0,A,https://www.justwatch.com/in/movie/american-psycho
I Saw the Devil,movie,"Action & Adventure, Horror, Mystery & Thriller, Dark Crime",2010.0,7.8,166k,Amazon Prime Video,International,South Korea,,,https://www.justwatch.com/in/movie/i-saw-the-devil
Valathu Vashathe Kallan,movie,"Crime, Drama, Mystery & Thriller, Bollywood",2026.0,6.1,2k,Amazon Prime Video,Indian,India,135.0,UA13+,https://www.justwatch.com/in/movie/valathu-vashathe-kallan-2026
K.G.F: Chapter 1,movie,"Action & Adventure, Crime, Drama, Mystery & Thriller, Bollywood",2018.0,8.1,111k,Amazon Prime Video,Indian,India,156.0,UA,https://www.justwatch.com/in/movie/k-g-f-chapter-1
Kalki 2898-AD,movie,"Action & Adventure, Drama, Fantasy, Mystery & Thriller, Science-Fiction, Bollywood",2024.0,7.1,55k,Amazon Prime Video,Indian,India,180.0,UA,https://www.justwatch.com/in/movie/kalki-2898-ad
Whistle,movie,"Horror, Mystery & Thriller, Horror Thriller",2026.0,5.2,15k,Amazon Prime Video,International,"Ireland, United States",100.0,A,https://www.justwatch.com/in/movie/whistle-2026
Spider-Man: Into the Spider-Verse,movie,"Action & Adventure, Animation, Fantasy, Kids & Family, Science-Fiction, Superhero, Western Animation",2018.0,8.4,795k,Amazon Prime Video,International,United States,117.0,U,https://www.justwatch.com/in/movie/spider-man-into-the-spider-verse
Spider-Man: Far From Home,movie,"Action & Adventure, Comedy, Fantasy, Science-Fiction, Superhero",2019.0,7.3,643k,Amazon Prime Video,International,United States,130.0,UA,https://www.justwatch.com/in/movie/spider-man-far-from-home
O' Romeo,movie,"Action & Adventure, Crime, Drama, Mystery & Thriller, Romance, Action Thriller",2026.0,5.8,21k,Amazon Prime Video,Indian,India,178.0,A,https://www.justwatch.com/in/movie/arjun-ustara
First Man,movie,"Drama, History, Biopics",2018.0,7.3,217k,Amazon Prime Video,International,United States,138.0,UA,https://www.justwatch.com/in/movie/first-man
Aashaan,movie,"Comedy, Drama",2026.0,,,Amazon Prime Video,Indian,India,159.0,UA13+,https://www.justwatch.com/in/movie/aashaan
Sukhamano Sukhamann,movie,"Comedy, Drama, Fantasy",2026.0,,,Amazon Prime Video,Indian,India,107.0,U,https://www.justwatch.com/in/movie/sukhamano-sukhamann
Primate,movie,"Horror, Mystery & Thriller, Horror Thriller",2026.0,5.8,30k,Amazon Prime Video,International,"Australia, Canada, United Kingdom, United States",92.0,A,https://www.justwatch.com/in/movie/primate
Oldboy,movie,"Action & Adventure, Drama, No Superhero, Action Thriller, Mystery Thriller",2003.0,8.3,722k,Amazon Prime Video,International,South Korea,120.0,A,https://www.justwatch.com/in/movie/oldboy-2003
Shershaah,movie,"Action & Adventure, Drama, Mystery & Thriller, War & Military, Bollywood, Biopics",2021.0,8.3,136k,Amazon Prime Video,Indian,India,135.0,UA,https://www.justwatch.com/in/movie/shershaah
Man of Steel,movie,"Action & Adventure, Science-Fiction, Superhero",2013.0,7.1,869k,Amazon Prime Video,International,"United Kingdom, United States",143.0,UA,https://www.justwatch.com/in/movie/man-of-steel
Coolie,movie,"Action & Adventure, Crime, Mystery & Thriller, Action Thriller",2025.0,6.0,24k,Amazon Prime Video,Indian,India,170.0,A,https://www.justwatch.com/in/movie/coolie-2025
Alpha,movie,"Drama, Action Adventure",2018.0,6.6,71k,Amazon Prime Video,International,"Canada, China, United States",97.0,UA,https://www.justwatch.com/in/movie/alpha
Pulp Fiction,movie,"Comedy, Crime, Drama, Mystery & Thriller, Organized Crime, Dark Crime",1994.0,,,Amazon Prime Video,International,United States,154.0,A,https://www.justwatch.com/in/movie/pulp-fiction
Hereditary,movie,"Drama, Horror, Paranormal, Mystery Thriller, Psychological Thriller",2018.0,7.3,459k,Amazon Prime Video,International,"United Kingdom, United States",127.0,A,https://www.justwatch.com/in/movie/hereditary
Drishyam 2,movie,"Crime, Drama, Mystery & Thriller, Bollywood",2021.0,8.4,45k,Amazon Prime Video,Indian,India,153.0,UA,https://www.justwatch.com/in/movie/drishyam-2
Inglourious Basterds,movie,"Drama, Mystery & Thriller, War & Military, War Drama, War Epics",2009.0,,,Amazon Prime Video,International,"Germany, United States",153.0,A,https://www.justwatch.com/in/movie/inglourious-basterds
Kill Bill: Vol. 1,movie,"Action & Adventure, Crime, Mystery & Thriller, Martial Art",2003.0,,,Amazon Prime Video,International,United States,111.0,A,https://www.justwatch.com/in/movie/kill-bill-vol-1
Wardriver,movie,"Crime, Mystery & Thriller",2026.0,5.5,1k,Amazon Prime Video,International,United States,93.0,UA16+,https://www.justwatch.com/in/movie/wardriver
Jumanji: Welcome to the Jungle,movie,"Comedy, Fantasy, Action Adventure",2017.0,6.9,505k,Amazon Prime Video,International,United States,119.0,UA,https://www.justwatch.com/in/movie/jumanji-welcome-to-the-jungle
Tenet,movie,"Action & Adventure, Mystery & Thriller, Science-Fiction, Sci-Fi Drama, Cerebral, Action Thriller",2020.0,7.3,607k,Amazon Prime Video,International,"United Kingdom, United States",150.0,UA,https://www.justwatch.com/in/movie/tenet
The Dark Knight,movie,"Action & Adventure, Crime, Mystery & Thriller, Superhero, Action Thriller",2008.0,,,Amazon Prime Video,International,"United Kingdom, United States",152.0,UA,https://www.justwatch.com/in/movie/the-dark-knight
The Matrix,movie,"Action & Adventure, Science-Fiction, Cerebral, Cyberpunk, Tech Noir",1999.0,,,Amazon Prime Video,International,United States,136.0,A,https://www.justwatch.com/in/movie/the-matrix
The Voyeurs,movie,"Drama, Romance, Mystery Thriller",2021.0,6.1,50k,Amazon Prime Video,International,United States,117.0,A,https://www.justwatch.com/in/movie/the-voyeurs-2021
Edge of Tomorrow,movie,"Action & Adventure, Science-Fiction, Sci-Fi Military",2014.0,7.9,807k,Amazon Prime Video,International,United States,113.0,UA,https://www.justwatch.com/in/movie/edge-of-tomorrow
Baaghi 4,movie,"Action & Adventure, Drama, Mystery & Thriller, Bollywood, Action Thriller",2025.0,2.5,9k,Amazon Prime Video,Indian,India,157.0,A,https://www.justwatch.com/in/movie/baaghi-4
Happy Raj,movie,"Drama, Romance, RomCom, Dramedy",2026.0,,,Amazon Prime Video,Indian,India,159.0,UA7+,https://www.justwatch.com/in/movie/happy-raj
Apocalypto,movie,"Drama, Mystery & Thriller, Action Adventure",2006.0,7.9,360k,Amazon Prime Video,International,"United Kingdom, United States",138.0,A,https://www.justwatch.com/in/movie/apocalypto
Bullet Train,movie,"Action & Adventure, Comedy, Mystery & Thriller, Action Thriller",2022.0,7.3,539k,Amazon Prime Video,International,United States,126.0,A,https://www.justwatch.com/in/movie/bullet-train
Predestination,movie,"Action & Adventure, Drama, Mystery & Thriller, Science-Fiction, Cerebral",2014.0,7.4,336k,Amazon Prime Video,International,Australia,97.0,S,https://www.justwatch.com/in/movie/predestination
Blade Runner 2049,movie,"Action & Adventure, Drama, Mystery & Thriller, Science-Fiction, Post Apocalyptic World, Cyberpunk",2017.0,8.0,757k,Amazon Prime Video,International,"Canada, United Kingdom, United States",164.0,A,https://www.justwatch.com/in/movie/blade-runner-2049
Kantara,movie,"Action & Adventure, Drama, Mystery & Thriller, Bollywood, Action Thriller",2022.0,8.1,117k,Amazon Prime Video,Indian,India,147.0,UA,https://www.justwatch.com/in/movie/kantara
Marco,movie,"Action & Adventure, Crime, Mystery & Thriller, Bollywood",2024.0,6.5,25k,Amazon Prime Video,Indian,India,145.0,A,https://www.justwatch.com/in/movie/marco-2024
Ok Jaanu,movie,"Drama, Romance, Bollywood",2017.0,5.4,5k,Amazon Prime Video,Indian,India,135.0,UA,https://www.justwatch.com/in/movie/ok-jaanu
Star,movie,"Drama, Romance, Bollywood",2024.0,6.6,2k,Amazon Prime Video,Indian,India,157.0,U,https://www.justwatch.com/in/movie/star-2024
Jerry Maguire,movie,"Comedy, Drama, Romance, Sport, RomCom",1996.0,7.3,312k,Amazon Prime Video,International,United States,138.0,U,https://www.justwatch.com/in/movie/jerry-maguire
Sarileru Neekevvaru,movie,"Action & Adventure, Bollywood",2020.0,,,Amazon Prime Video,Indian,India,169.0,UA,https://www.justwatch.com/in/movie/sarileru-neekevvaru
Knives Out,movie,"Comedy, Crime, Drama, Dramedy, Detective Crime, Mystery Thriller",2019.0,7.9,881k,Amazon Prime Video,International,United States,130.0,UA,https://www.justwatch.com/in/movie/knives-out
Drishyam,movie,"Crime, Drama, Mystery & Thriller, Bollywood",2015.0,8.2,109k,Amazon Prime Video,Indian,India,169.0,UA13+,https://www.justwatch.com/in/movie/drishyam
Train to Busan,movie,"Action & Adventure, Horror, Mystery & Thriller",2016.0,7.6,309k,Amazon Prime Video,International,South Korea,118.0,A,https://www.justwatch.com/in/movie/train-to-busan
Vivah,movie,"Drama, Kids & Family, Mystery & Thriller, Romance, Bollywood",2006.0,6.7,12k,Amazon Prime Video,Indian,India,166.0,U,https://www.justwatch.com/in/movie/vivah
Vasantha Mullai,movie,"Mystery & Thriller, Bollywood",2023.0,,,Amazon Prime Video,Indian,India,108.0,UA,https://www.justwatch.com/in/movie/vasantha-mullai-2023
Love Insurance Kompany,movie,"Comedy, Romance, Science-Fiction, RomCom, Bollywood",2026.0,,,Amazon Prime Video,Indian,India,157.0,UA13+,https://www.justwatch.com/in/movie/love-insurance-kompany
Kabir Singh,movie,"Drama, Romance, Bollywood",2019.0,7.0,45k,Amazon Prime Video,Indian,India,172.0,A,https://www.justwatch.com/in/movie/kabir-singh
300: Rise of an Empire,movie,"Action & Adventure, Drama, Fantasy, History, War & Military, Epic",2014.0,6.2,329k,Amazon Prime Video,International,"Bulgaria, United States",102.0,A,https://www.justwatch.com/in/movie/300-rise-of-an-empire
Top Gun: Maverick,movie,"Drama, Action Adventure",2022.0,8.2,731k,Amazon Prime Video,International,United States,131.0,UA,https://www.justwatch.com/in/movie/top-gun-maverick
Terminator 2: Judgment Day,movie,"Action & Adventure, Mystery & Thriller, Science-Fiction, Tech Noir",1991.0,,,Amazon Prime Video,International,"France, United States",137.0,A,https://www.justwatch.com/in/movie/terminator-2-judgment-day
Twilight,movie,"Drama, Fantasy, Romance, Modern Fantasy",2008.0,5.4,528k,Amazon Prime Video,International,"United Kingdom, United States",122.0,UA,https://www.justwatch.com/in/movie/twilight
Mermaid,movie,"Action & Adventure, Comedy, Horror, Mystery & Thriller, Horror Comedy",2026.0,,,Amazon Prime Video,International,United States,105.0,A,https://www.justwatch.com/in/movie/mermaid
Gladiator,movie,"Action & Adventure, Drama, Epic",2000.0,,,Amazon Prime Video,International,"United Kingdom, United States",155.0,UA,https://www.justwatch.com/in/movie/gladiator
Saaho,movie,"Action & Adventure, Mystery & Thriller, Bollywood",2019.0,5.1,26k,Amazon Prime Video,Indian,India,170.0,UA13+,https://www.justwatch.com/in/movie/saaho
La La Land,movie,"Comedy, Drama, Music & Musical, Romance, Musical",2016.0,8.0,766k,Amazon Prime Video,International,United States,129.0,A,https://www.justwatch.com/in/movie/la-la-land
The Departed,movie,"Crime, Drama, Mystery & Thriller, Organized Crime, Detective Crime",2006.0,,,Amazon Prime Video,International,"Hong Kong, United States",151.0,A,https://www.justwatch.com/in/movie/the-departed
The Monkey,movie,"Comedy, Horror, Horror Comedy",2025.0,5.9,94k,Amazon Prime Video,International,"Canada, United States",97.0,A,https://www.justwatch.com/in/movie/the-monkey
Three Thousand Years of Longing,movie,"Drama, Fantasy, Romance, Romantic Drama",2022.0,6.7,72k,Amazon Prime Video,International,"Australia, China, United Kingdom",108.0,UA,https://www.justwatch.com/in/movie/three-thousand-years-of-longing
Singham Again,movie,"Action & Adventure, Crime, Drama, Mystery & Thriller, Bollywood, Action Thriller",2024.0,4.3,76k,Amazon Prime Video,Indian,India,145.0,UA16+,https://www.justwatch.com/in/movie/singham-again-2024-0
Teri Baaton Mein Aisa Uljha Jiya,movie,"Comedy, Drama, Romance, Science-Fiction, RomCom",2024.0,6.2,55k,Amazon Prime Video,Indian,India,141.0,UA,https://www.justwatch.com/in/movie/untitled-shahid-kapoor-kriti-sanon-film
Jack Ryan: Ghost War,movie,"Action & Adventure, Drama, Mystery & Thriller, Action Thriller",2026.0,5.7,26k,Amazon Prime Video,International,United States,,,https://www.justwatch.com/in/movie/tom-clancys-jack-ryan-ghost-war
Tamasha,movie,"Comedy, Drama, Romance, Bollywood",2015.0,7.4,36k,Amazon Prime Video,Indian,India,139.0,UA,https://www.justwatch.com/in/movie/tamasha
Pride & Prejudice,movie,"Drama, Romance, Chick Flicks, Romantic Drama, Romantic Epic",2005.0,7.8,378k,Amazon Prime Video,International,"France, United Kingdom, United States",128.0,UA13+,https://www.justwatch.com/in/movie/pride-and-prejudice-2005
Annihilation,movie,"Drama, Horror, Mystery & Thriller, Science-Fiction, SciFi Horror, Cerebral",2018.0,6.8,395k,Amazon Prime Video,International,"United Kingdom, United States",115.0,A,https://www.justwatch.com/in/movie/annihilation
Inside Man,movie,"Crime, Drama, Mystery & Thriller, Heist",2006.0,7.6,425k,Amazon Prime Video,International,United States,129.0,UA,https://www.justwatch.com/in/movie/inside-man
Case 137,movie,"Crime, Drama, Detective Crime",2025.0,7.2,3k,Amazon Prime Video,International,France,,,https://www.justwatch.com/in/movie/case-137-2025
Salbardi,movie,Drama,2026.0,,,Amazon Prime Video,Indian,India,,,https://www.justwatch.com/in/movie/salbardi-2026
The Running Man,movie,"Action & Adventure, Mystery & Thriller, Science-Fiction, Action Thriller",2025.0,6.4,112k,Amazon Prime Video,International,"United Kingdom, United States",133.0,A,https://www.justwatch.com/in/movie/the-running-man-2025
Whiplash,movie,"Drama, Music & Musical, Mystery & Thriller",2014.0,,,Amazon Prime Video,International,United States,107.0,A,https://www.justwatch.com/in/movie/whiplash
Insomnia,movie,"Drama, Mystery Thriller",2002.0,7.2,344k,Amazon Prime Video,International,United States,118.0,UA,https://www.justwatch.com/in/movie/insomnia-2002
Notting Hill,movie,"Comedy, Drama, Romance, RomCom, Chick Flicks",1999.0,7.2,386k,Amazon Prime Video,International,"United Kingdom, United States",124.0,U,https://www.justwatch.com/in/movie/notting-hill
The Amazing Spider-Man 2,movie,"Action & Adventure, Comedy, History, Science-Fiction, War & Military, Superhero",2014.0,6.6,593k,Amazon Prime Video,International,United States,142.0,UA,https://www.justwatch.com/in/movie/the-amazing-spider-man-2
Ramani Kalyanam,movie,"Drama, Romance",2026.0,,,Amazon Prime Video,Indian,India,,,https://www.justwatch.com/in/movie/ramani-kalyanam
The Age of Adaline,movie,"Drama, Fantasy, Romance, Modern Fantasy, Romantic Drama",2015.0,7.2,229k,Amazon Prime Video,International,United States,112.0,UA13+,https://www.justwatch.com/in/movie/the-age-of-adaline
Sathi Leelavathi,movie,Drama,2026.0,,,Amazon Prime Video,Indian,India,131.0,UA13+,https://www.justwatch.com/in/movie/sathi-leelavathi-2025
The Family Star,movie,"Action & Adventure, Comedy, Drama, Romance, Bollywood",2024.0,5.4,6k,Amazon Prime Video,Indian,India,159.0,UA13+,https://www.justwatch.com/in/movie/family-star
Confessions of a Dangerous Mind,movie,"Comedy, Crime, Drama, Mystery & Thriller, Romance, Made in Europe, Spies",2002.0,7.0,92k,Amazon Prime Video,International,"Germany, United Kingdom, United States",113.0,A,https://www.justwatch.com/in/movie/confessions-of-a-dangerous-mind
Goodachari,movie,"Action & Adventure, Crime, Mystery & Thriller, Bollywood",2018.0,7.8,12k,Amazon Prime Video,Indian,India,147.0,UA,https://www.justwatch.com/in/movie/goodachari
Mario,movie,Comedy,2025.0,8.4,1k,Amazon Prime Video,Indian,India,137.0,A,https://www.justwatch.com/in/movie/mario-2025
Now You See Me: Now You Don't,movie,"Crime, Mystery Thriller",2025.0,5.9,70k,Amazon Prime Video,International,"United Arab Emirates, Canada, Hungary, United States",113.0,UA16+,https://www.justwatch.com/in/movie/now-you-see-me-3
Pongala,movie,"Action & Adventure, Drama",2025.0,,,Amazon Prime Video,Indian,India,158.0,A,https://www.justwatch.com/in/movie/pongala
Hunting Jessica Brok,movie,"Action & Adventure, Mystery & Thriller",2025.0,5.9,1k,Amazon Prime Video,International,"United States, South Africa",,,https://www.justwatch.com/in/movie/hunting-jessica-brok
A Quiet Place,movie,"Drama, Horror, Science-Fiction, Post Apocalyptic World, Monster",2018.0,7.5,661k,Amazon Prime Video,International,United States,91.0,A,https://www.justwatch.com/in/movie/a-quiet-place
The Conjuring,movie,"Horror, Mystery & Thriller, Paranormal",2013.0,7.5,625k,Amazon Prime Video,International,United States,112.0,A,https://www.justwatch.com/in/movie/the-conjuring
The Angry Birds Movie,movie,"Action & Adventure, Animation, Comedy, Kids & Family, Made in Europe, Video Game, Family Animation",2016.0,6.3,118k,Amazon Prime Video,International,"Finland, United States",97.0,UA,https://www.justwatch.com/in/movie/the-angry-birds-movie
Exhuma,movie,"Drama, Horror, Mystery & Thriller, Horror Thriller",2024.0,6.9,29k,Amazon Prime Video,International,South Korea,134.0,UA,https://www.justwatch.com/in/movie/exhuma
Dug Dug,movie,"Comedy, Drama, Music & Musical",2026.0,,,Amazon Prime Video,Indian,India,,,https://www.justwatch.com/in/movie/dug-dug
Hum Saath Saath Hain,movie,"Drama, Kids & Family, Romance, Bollywood",1999.0,6.4,10k,Amazon Prime Video,Indian,India,177.0,U,https://www.justwatch.com/in/movie/hum-saath-saath-hain
Bharathanatyam,movie,"Comedy, Drama, Dramedy",2024.0,6.7,2k,Amazon Prime Video,Indian,India,121.0,U,https://www.justwatch.com/in/movie/bharathanatyam-2024
Mangalavaaram,movie,"Action & Adventure, Drama, Horror, Mystery & Thriller, Action Thriller",2023.0,6.8,4k,Amazon Prime Video,Indian,India,149.0,A,https://www.justwatch.com/in/movie/mangalavaram
C/o Kancharapalem,movie,"Drama, Romance, Emotional Drama",2018.0,8.8,10k,Amazon Prime Video,Indian,India,142.0,UA,https://www.justwatch.com/in/movie/c-o-kancharapalem
The Invisible Man,movie,"Drama, Horror, Mystery & Thriller, Science-Fiction, Horror Thriller, Psychological Thriller",2020.0,7.1,286k,Amazon Prime Video,International,"Australia, United States",125.0,A,https://www.justwatch.com/in/movie/the-invisible-man
Legally Blonde,movie,"Comedy, Romance, RomCom, Chick Flicks",2001.0,6.5,287k,Amazon Prime Video,International,United States,96.0,U,https://www.justwatch.com/in/movie/legally-blonde
Ransomed,movie,"Action & Adventure, Comedy, Drama, Mystery & Thriller, Action Thriller",2023.0,6.6,1k,Amazon Prime Video,International,South Korea,,,https://www.justwatch.com/in/movie/ransomed
Rahu Ketu,movie,"Comedy, Fantasy, Romance, Action Adventure",2026.0,6.4,2k,Amazon Prime Video,Indian,India,140.0,UA16+,https://www.justwatch.com/in/movie/rahu-ketu-2026
Laila Majnu,movie,"Drama, Romance",2018.0,7.6,9k,Amazon Prime Video,Indian,India,139.0,UA,https://www.justwatch.com/in/movie/laila-majnu
Vivarium,movie,"Horror, Science-Fiction, Mystery Thriller",2019.0,5.9,92k,Amazon Prime Video,International,"Belgium, Denmark, Ireland, United States",99.0,U,https://www.justwatch.com/in/movie/vivarium
Platoon,movie,"Action & Adventure, Drama, War & Military, War Drama",1986.0,8.1,472k,Amazon Prime Video,International,"United Kingdom, United States",120.0,UA,https://www.justwatch.com/in/movie/platoon
Culpa tuya,movie,"Drama, Romance, Romantic Drama",2024.0,5.3,19k,Amazon Prime Video,International,Spain,,,https://www.justwatch.com/in/movie/your-fault
Udal,movie,"Drama, Mystery Thriller",2022.0,6.3,1k,Amazon Prime Video,Indian,India,122.0,A,https://www.justwatch.com/in/movie/udal
Madgaon Express,movie,"Comedy, Drama, Dramedy",2024.0,7.0,42k,Amazon Prime Video,Indian,India,143.0,UA,https://www.justwatch.com/in/movie/madgaon-express
Bhishmar,movie,"Comedy, Music & Musical, Mystery & Thriller, Romance",2026.0,4.0,1k,Amazon Prime Video,Indian,India,140.0,UA13+,https://www.justwatch.com/in/movie/bhishmar
Sister Midnight,movie,"Comedy, Drama, Horror, Dramedy",2025.0,5.7,3k,Amazon Prime Video,Indian,"United Kingdom, India, Sweden",107.0,A,https://www.justwatch.com/in/movie/sister-midnight
PaPa (O naanna),movie,"Comedy, Drama, Kids & Family, Romance, Romantic Drama",2025.0,,,Amazon Prime Video,Indian,India,131.0,U,https://www.justwatch.com/in/movie/papa-o-naanna
Mension House Mallesh,movie,"Comedy, Drama, Dramedy",2026.0,9.1,3k,Amazon Prime Video,Indian,India,121.0,A,https://www.justwatch.com/in/movie/mension-house-mallesh
R.L. Stine's Pumpkinhead,movie,"Comedy, Fantasy, Horror, Horror Thriller, Monster",2025.0,5.8,1k,Amazon Prime Video,International,Canada,91.0,UA16+,https://www.justwatch.com/in/movie/r-l-stines-pumpkinhead
Housefull 5,movie,"Comedy, Mystery & Thriller, Bollywood",2025.0,3.3,18k,Amazon Prime Video,Indian,"United Kingdom, India",163.0,UA16+,https://www.justwatch.com/in/movie/housefull-5
Friends with Benefits,movie,"Comedy, Romance, RomCom, Chick Flicks",2011.0,6.5,421k,Amazon Prime Video,International,United States,105.0,A,https://www.justwatch.com/in/movie/friends-with-benefits
The Angry Birds Movie 2,movie,"Action & Adventure, Animation, Comedy, Kids & Family, Made in Europe, Video Game, Family Animation",2019.0,6.4,42k,Amazon Prime Video,International,"Finland, United States",97.0,U,https://www.justwatch.com/in/movie/the-angry-birds-movie-2
Latency,movie,"Action & Adventure, Horror, Mystery & Thriller, Science-Fiction, Action Thriller",2024.0,4.2,3k,Amazon Prime Video,International,"Thailand, United States",94.0,UA16+,https://www.justwatch.com/in/movie/latency
Knowing,movie,"Drama, Fantasy, Mystery & Thriller, Science-Fiction, Disaster",2009.0,6.2,262k,Amazon Prime Video,International,"Australia, United Kingdom, United States",121.0,UA,https://www.justwatch.com/in/movie/knowing
Batman Begins,movie,"Action & Adventure, Crime, Drama, Superhero",2005.0,,,Amazon Prime Video,International,"United Kingdom, United States",140.0,UA,https://www.justwatch.com/in/movie/batman-begins
Madagascar,movie,"Action & Adventure, Animation, Comedy, Kids & Family, Family Animation",2005.0,7.0,482k,Amazon Prime Video,International,United States,86.0,U,https://www.justwatch.com/in/movie/madagascar
The Hangover,movie,"Comedy, Raunchy Comedy",2009.0,7.7,934k,Amazon Prime Video,International,United States,100.0,A,https://www.justwatch.com/in/movie/the-hangover
Mr. Housekeeping,movie,,2025.0,,,Amazon Prime Video,International,Where does Mr. Housekeeping rank today?,,,https://www.justwatch.com/in/movie/mr-housekeeping
Kumbalangi Nights,movie,"Comedy, Drama, Romance, Dramedy",2019.0,8.5,21k,Amazon Prime Video,Indian,India,135.0,U,https://www.justwatch.com/in/movie/kumbalangi-nights
Sita Ramam,movie,"Action & Adventure, Drama, History, Romance, Bollywood",2022.0,8.5,84k,Amazon Prime Video,Indian,India,158.0,U,https://www.justwatch.com/in/movie/sita-ramam
The Naked Gun,movie,"Action & Adventure, Comedy, Crime, Action Comedy",2025.0,6.3,130k,Amazon Prime Video,International,"Canada, United States",85.0,A,https://www.justwatch.com/in/movie/the-naked-gun-2025
System,movie,Mystery & Thriller,2026.0,,,Amazon Prime Video,Indian,"India, United States",124.0,UA13+,https://www.justwatch.com/in/movie/system
Sureshanteyum Sumalathayudeyum Hrudayahariyaya Pranayakadha,movie,"Comedy, Drama, Fantasy, Romance, Bollywood",2024.0,,,Amazon Prime Video,Indian,India,138.0,U,https://www.justwatch.com/in/movie/sureshinteyum-sumalathayudeyum-hridayahariyaya-pranayakatha
Twilight of the Warriors: Walled In,movie,"Action & Adventure, Crime, Mystery & Thriller, Action Thriller",2024.0,6.9,12k,Amazon Prime Video,International,"China, Hong Kong",125.0,A,https://www.justwatch.com/in/movie/twilight-of-the-warriors-walled-in
Pathaan,movie,"Action & Adventure, Mystery & Thriller, Action Thriller",2023.0,5.8,166k,Amazon Prime Video,Indian,"Spain, India, Italy, Turkey",146.0,UA,https://www.justwatch.com/in/movie/pathaan
Poorna,movie,"Action & Adventure, Drama, Biopics",2017.0,7.7,1k,Amazon Prime Video,Indian,India,105.0,U,https://www.justwatch.com/in/movie/poorna
Talk to Me,movie,"Horror, Mystery & Thriller, Horror Thriller",2023.0,7.1,218k,Amazon Prime Video,International,"Australia, United Kingdom",95.0,UA,https://www.justwatch.com/in/movie/talk-to-me-2022
Jurassic Park,movie,"Action & Adventure, Science-Fiction, Invasion",1993.0,,,Amazon Prime Video,International,United States,127.0,UA,https://www.justwatch.com/in/movie/jurassic-park
Deep Water,movie,"Crime, Drama, Mystery & Thriller, Romance, Romantic Thriller",2022.0,5.5,72k,Amazon Prime Video,International,United States,116.0,A,https://www.justwatch.com/in/movie/deep-water-2021
Baby John,movie,"Action & Adventure, Crime, Drama, Mystery & Thriller, Action Thriller",2024.0,5.0,19k,Amazon Prime Video,Indian,India,162.0,UA16+,https://www.justwatch.com/in/movie/untitled-murad-khetani-varun-dhawan-project
Dhamaal,movie,"Action & Adventure, Comedy, Bollywood",2007.0,7.6,22k,Amazon Prime Video,Indian,India,135.0,UA,https://www.justwatch.com/in/movie/dhamaal
"The Adventures of Priscilla, Queen of the Desert",movie,"Comedy, Drama, Music & Musical, Dramedy",1994.0,7.5,61k,Amazon Prime Video,International,"Australia, United States",103.0,U,https://www.justwatch.com/in/movie/the-adventures-of-priscilla-queen-of-the-desert
Now You See Me,movie,"Crime, Mystery Thriller",2013.0,7.2,773k,Amazon Prime Video,International,"France, United States",115.0,UA13+,https://www.justwatch.com/in/movie/now-you-see-me
Seetharam Benoy,movie,"Drama, Mystery Thriller",2021.0,,,Amazon Prime Video,Indian,India,125.0,UA,https://www.justwatch.com/in/movie/seetharam-benoy
Cup,movie,"Drama, Kids & Family, Sport, Bollywood, Sports Drama",2024.0,,,Amazon Prime Video,Indian,India,125.0,U,https://www.justwatch.com/in/movie/cup
Gabbar Is Back,movie,"Action & Adventure, Crime, Drama, Bollywood",2015.0,7.0,29k,Amazon Prime Video,Indian,India,130.0,UA,https://www.justwatch.com/in/movie/gabbar-is-back
Hell in Paradise,movie,"Action & Adventure, Drama, Mystery & Thriller",2025.0,,,Amazon Prime Video,International,France,,,https://www.justwatch.com/in/movie/hell-in-paradise
The Medium,movie,"Drama, Horror, Mystery & Thriller, Horror Thriller",2021.0,6.5,18k,Amazon Prime Video,International,"South Korea, Thailand",131.0,A,https://www.justwatch.com/in/movie/the-medium-2021
Jumanji: The Next Level,movie,"Comedy, Fantasy, Action Adventure",2019.0,6.6,320k,Amazon Prime Video,International,United States,123.0,UA,https://www.justwatch.com/in/movie/jumanji-the-next-level
Yodha,movie,"Action & Adventure, Drama, Mystery & Thriller, Bollywood, Action Thriller",2024.0,5.7,8k,Amazon Prime Video,Indian,India,131.0,UA,https://www.justwatch.com/in/movie/yodha-2022
World War Z,movie,"Action & Adventure, Horror, Science-Fiction, Zombie",2013.0,7.0,786k,Amazon Prime Video,International,United States,116.0,UA,https://www.justwatch.com/in/movie/world-war-z
Joseph,movie,"Crime, Drama, Mystery & Thriller, Bollywood",2018.0,8.0,7k,Amazon Prime Video,Indian,India,138.0,UA,https://www.justwatch.com/in/movie/joseph
"The Good, the Bad and the Ugly",movie,"Drama, Western, Made in Europe, Epic Western, Spaghetti Western",1966.0,8.8,892k,Amazon Prime Video,International,"Germany, Spain, Italy, United States",161.0,A,https://www.justwatch.com/in/movie/the-good-the-bad-and-the-ugly
Ballerina,movie,"Action & Adventure, Crime, Drama, Mystery & Thriller, Action Thriller",2025.0,6.8,156k,Amazon Prime Video,International,United States,125.0,A,https://www.justwatch.com/in/movie/ballerina-2024
Pacific Rim,movie,"Action & Adventure, Science-Fiction, Invasion",2013.0,6.9,560k,Amazon Prime Video,International,"Mexico, United States",131.0,UA,https://www.justwatch.com/in/movie/pacific-rim
Road House,movie,"Action & Adventure, Drama, Mystery & Thriller, Action Thriller",2024.0,6.2,187k,Amazon Prime Video,International,United States,,,https://www.justwatch.com/in/movie/road-house-2024
12 Angry Men,movie,"Crime, Drama, Courtroom",1957.0,9.0,988k,Amazon Prime Video,International,United States,97.0,U,https://www.justwatch.com/in/movie/12-angry-men
Nuremberg,movie,"Drama, History, Mystery & Thriller, War & Military, War Drama",2025.0,7.4,101k,Amazon Prime Video,International,"Hungary, United States",149.0,UA16+,https://www.justwatch.com/in/movie/nuremberg
Phir Hera Pheri,movie,"Comedy, Crime, Bollywood",2006.0,7.4,31k,Amazon Prime Video,Indian,India,150.0,UA,https://www.justwatch.com/in/movie/phir-hera-pheri
Tu Meri Main Tera Main Tera Tu Meri,movie,"Comedy, Romance, RomCom",2025.0,4.0,27k,Amazon Prime Video,Indian,India,144.0,UA16+,https://www.justwatch.com/in/movie/tu-meri-main-tera-main-tera-tu-meri-2025
777 Charlie,movie,"Comedy, Drama, Dramedy",2022.0,8.7,47k,Amazon Prime Video,Indian,India,166.0,UA,https://www.justwatch.com/in/movie/777-charlie
Late Shift,movie,"Drama, Mystery & Thriller",2025.0,7.7,10k,Amazon Prime Video,International,"Switzerland, Germany",,,https://www.justwatch.com/in/movie/heldin
Deepwater Horizon,movie,"Action & Adventure, Drama, History, Mystery & Thriller, Disaster",2016.0,7.1,200k,Amazon Prime Video,International,United States,107.0,UA,https://www.justwatch.com/in/movie/deepwater-horizon
The Witch: Part 1. The Subversion,movie,"Action & Adventure, Science-Fiction, Made in Europe, Mystery Thriller",2018.0,7.2,22k,Amazon Prime Video,International,"Hong Kong, South Korea",126.0,UA,https://www.justwatch.com/in/movie/the-witch-part-1-the-subversion
Crossing Lines,movie,"Action & Adventure, Drama, Mystery & Thriller, Action Thriller",2025.0,,,Amazon Prime Video,International,Denmark,,,https://www.justwatch.com/in/movie/crossing-lines
Mad Max: Fury Road,movie,"Science-Fiction, Post Apocalyptic World, Action Adventure",2015.0,,,Amazon Prime Video,International,"Australia, United States",121.0,A,https://www.justwatch.com/in/movie/mad-max-fury-road
Welcome,movie,"Comedy, Crime, Drama, Romance, RomCom",2007.0,7.2,29k,Amazon Prime Video,Indian,India,150.0,UA,https://www.justwatch.com/in/movie/welcome
Spider-Man 2,movie,"Action & Adventure, Science-Fiction, Superhero",2004.0,7.5,788k,Amazon Prime Video,International,United States,127.0,U,https://www.justwatch.com/in/movie/spider-man-2
Vadakkan,movie,"Fantasy, Horror, Mystery & Thriller, Horror Thriller",2025.0,6.0,6k,Amazon Prime Video,Indian,"Finland, India",120.0,A,https://www.justwatch.com/in/movie/vadakkan
Gods of Egypt,movie,"Action & Adventure, Drama, Fantasy, Epic Fantasy",2016.0,5.4,136k,Amazon Prime Video,International,"Australia, Hong Kong, United States",127.0,UA,https://www.justwatch.com/in/movie/gods-of-egypt
The Hunger Games,movie,"Action & Adventure, Mystery & Thriller, Science-Fiction, Young Adult Dystopia",2012.0,,,Amazon Prime Video,International,United States,142.0,UA,https://www.justwatch.com/in/movie/the-hunger-games
The Dark Knight Rises,movie,"Action & Adventure, Crime, Drama, Mystery & Thriller, Superhero",2012.0,,,Amazon Prime Video,International,"United Kingdom, United States",165.0,UA,https://www.justwatch.com/in/movie/the-dark-knight-rises
The Reader,movie,"Drama, Romance, Made in Europe",2008.0,7.6,274k,Amazon Prime Video,International,"Germany, United States",124.0,UA,https://www.justwatch.com/in/movie/the-reader
Arjun Reddy,movie,"Drama, Romance, Bollywood",2017.0,7.9,30k,Amazon Prime Video,Indian,India,187.0,A,https://www.justwatch.com/in/movie/arjun-reddy
Prem Ratan Dhan Payo,movie,"Action & Adventure, Drama, Romance, Bollywood",2015.0,4.4,23k,Amazon Prime Video,Indian,India,163.0,U,https://www.justwatch.com/in/movie/prem-ratan-dhan-payo
Evaru,movie,"Crime, Mystery & Thriller, Bollywood",2019.0,8.1,10k,Amazon Prime Video,Indian,India,118.0,UA,https://www.justwatch.com/in/movie/evaru
Honey,movie,"Horror, Mystery & Thriller, Horror Thriller",2026.0,3.7,2k,Amazon Prime Video,Indian,India,118.0,A,https://www.justwatch.com/in/movie/honey-2026-1
Off Campus,show,"Drama, Romance, Sport, Romantic Drama",2026.0,7.9,37k,Amazon Prime Video,International,United States,,,https://www.justwatch.com/in/tv-show/off-campus
FROM,show,"Drama, Horror, Science-Fiction, Mystery Thriller",2022.0,7.8,191k,Amazon Prime Video,International,United States,,,https://www.justwatch.com/in/tv-show/from
Mirzapur,show,"Action & Adventure, Crime, Drama, Mystery & Thriller, Organized Crime, Bollywood",2018.0,8.4,93k,Amazon Prime Video,Indian,India,50.0,A,https://www.justwatch.com/in/tv-show/mirzapur
Raakh,show,"Crime, Drama, Mystery & Thriller",2026.0,7.6,4k,Amazon Prime Video,Indian,India,41.0,A,https://www.justwatch.com/in/tv-show/raakh
Alliance,show,,2026.0,,,Amazon Prime Video,Indian,India,,A,https://www.justwatch.com/in/tv-show/the-alliance
See You at Work Tomorrow!,show,"Comedy, Drama, Romance",2026.0,,,Amazon Prime Video,International,South Korea,68.0,UA16+,https://www.justwatch.com/in/tv-show/see-you-at-work-tomorrow
Farzi,show,"Comedy, Crime, Drama, Mystery & Thriller, Bollywood",2023.0,8.3,56k,Amazon Prime Video,Indian,India,56.0,UA16+,https://www.justwatch.com/in/tv-show/farzi
Gram Chikitsalay,show,"Comedy, Drama, Dramedy",2025.0,7.2,5k,Amazon Prime Video,Indian,India,38.0,UA16+,https://www.justwatch.com/in/tv-show/gram-chikitsalay
Sapne vs Everyone,show,"Drama, Psychological Drama",2023.0,9.2,85k,Amazon Prime Video,Indian,India,69.0,UA16+,https://www.justwatch.com/in/tv-show/sapne-vs-everyone
Panchayat,show,"Comedy, Drama, Bollywood",2020.0,9.0,118k,Amazon Prime Video,Indian,India,36.0,UA16+,https://www.justwatch.com/in/tv-show/panchayat
Erotic Stories,show,"Drama, Emotional Drama, Romantic Thriller",2023.0,,,Amazon Prime Video,International,Australia,,,https://www.justwatch.com/in/tv-show/erotic-stories
Overflow,show,"Animation, Classic Japanese Anime",2020.0,,,Amazon Prime Video,International,Japan,,,https://www.justwatch.com/in/tv-show/overflow
The Boys,show,"Action & Adventure, Comedy, Crime, Drama, Science-Fiction, No Superhero",2019.0,8.5,999k,Amazon Prime Video,International,United States,62.0,A,https://www.justwatch.com/in/tv-show/the-boys
Jujutsu Kaisen,show,"Action & Adventure, Animation, Fantasy, Mystery & Thriller, Science-Fiction, Classic Japanese Anime",2020.0,8.5,211k,Amazon Prime Video,International,"Japan, United States",24.0,UA16+,https://www.justwatch.com/in/tv-show/jujutsu-kaisen
Silo,show,"Drama, Science-Fiction, Sci-Fi Drama",2023.0,8.1,216k,Amazon Prime Video,International,United States,50.0,A,https://www.justwatch.com/in/tv-show/silo
Spider-Noir,show,"Crime, Drama, Fantasy, Mystery & Thriller, Science-Fiction, Superhero, Action Adventure",2026.0,7.8,47k,Amazon Prime Video,International,United States,44.0,UA16+,https://www.justwatch.com/in/tv-show/spider-noir
Classroom of the Elite,show,"Animation, Drama, Mystery & Thriller, Classic Japanese Anime",2017.0,7.7,25k,Amazon Prime Video,International,Japan,23.0,UA16+,https://www.justwatch.com/in/tv-show/classroom-of-the-elite
Spartacus,show,"Drama, Romance, Action Adventure, Epic",2010.0,8.4,296k,Amazon Prime Video,International,United States,54.0,A,https://www.justwatch.com/in/tv-show/spartacus
Shingeki no Kyojin,show,"Action & Adventure, Animation, Drama, Fantasy, Horror, Science-Fiction, Classic Japanese Anime",2013.0,9.1,546k,Amazon Prime Video,International,Japan,25.0,UA13+,https://www.justwatch.com/in/tv-show/attack-on-titan
The Summer I Turned Pretty,show,"Drama, Romance, Romantic Drama",2022.0,7.2,74k,Amazon Prime Video,International,United States,54.0,UA16+,https://www.justwatch.com/in/tv-show/the-summer-i-turned-pretty
Kimetsu no Yaiba,show,"Action & Adventure, Animation, Fantasy, Mystery & Thriller, Science-Fiction, Classic Japanese Anime",2019.0,8.6,229k,Amazon Prime Video,International,Japan,26.0,A,https://www.justwatch.com/in/tv-show/demon-slayer-kimetsu-no-yaiba
Matka King,show,"Crime, Drama, Organized Crime",2026.0,7.2,2k,Amazon Prime Video,Indian,India,,,https://www.justwatch.com/in/tv-show/matka-king
The Family Man,show,"Action & Adventure, Comedy, Crime, Drama, Mystery & Thriller, Bollywood",2019.0,8.7,112k,Amazon Prime Video,Indian,India,47.0,A,https://www.justwatch.com/in/tv-show/the-family-man
Naruto,show,"Action & Adventure, Animation, Comedy, Fantasy, Science-Fiction, Classic Japanese Anime",2002.0,8.4,169k,Amazon Prime Video,International,Japan,23.0,UA16+,https://www.justwatch.com/in/tv-show/naruto
Mushoku Tensei: Jobless Reincarnation,show,"Action & Adventure, Animation, Drama, Fantasy, Science-Fiction, Classic Japanese Anime",2021.0,8.2,39k,Amazon Prime Video,International,Japan,24.0,UA16+,https://www.justwatch.com/in/tv-show/mushoku-tensei-jobless-reincarnation
The Mentalist,show,"Crime, Drama, Mystery & Thriller, Detective Crime",2008.0,8.2,232k,Amazon Prime Video,International,United States,44.0,U,https://www.justwatch.com/in/tv-show/the-mentalist
Farming Life in Another World,show,"Animation, Comedy, Fantasy, Romance, Science-Fiction, Classic Japanese Anime",2023.0,7.3,2k,Amazon Prime Video,International,Japan,,,https://www.justwatch.com/in/tv-show/farming-life-in-another-world
Room of Guilty Pleasure,show,"Animation, Comedy, Romance, Classic Japanese Anime",2025.0,,,Amazon Prime Video,International,Japan,,,https://www.justwatch.com/in/tv-show/room-of-guilty-pleasure
Every Year After,show,"Drama, Romance",2026.0,6.3,4k,Amazon Prime Video,International,"Canada, United States",,,https://www.justwatch.com/in/tv-show/every-year-after
Dr. STONE,show,"Action & Adventure, Animation, Science-Fiction, Classic Japanese Anime",2019.0,8.1,43k,Amazon Prime Video,International,Japan,24.0,UA13+,https://www.justwatch.com/in/tv-show/dr-stone
Ookii Onnanoko wa Suki Desuka？,show,"Animation, Classic Japanese Anime",2026.0,,,Amazon Prime Video,International,Japan,,,https://www.justwatch.com/in/tv-show/do-you-like-big-girls
Undercover High School,show,"Action & Adventure, Comedy, Drama, Action Comedy",2025.0,,,Amazon Prime Video,International,South Korea,,,https://www.justwatch.com/in/tv-show/undercover-high-school
The Vampire Diaries,show,"Drama, Fantasy, Horror, Mystery & Thriller, Romance, Science-Fiction, Young Adult Drama, Modern Fantasy",2009.0,7.7,384k,Amazon Prime Video,International,United States,42.0,U,https://www.justwatch.com/in/tv-show/the-vampire-diaries
Suzhal - The Vortex,show,"Crime, Drama, Fantasy, Mystery Thriller",2022.0,8.1,11k,Amazon Prime Video,Indian,India,46.0,UA16+,https://www.justwatch.com/in/tv-show/suzhal-the-vortex
Reacher,show,"Crime, Drama, Mystery & Thriller, Action Adventure, Action Thriller",2022.0,8.0,296k,Amazon Prime Video,International,United States,49.0,A,https://www.justwatch.com/in/tv-show/jack-reacher
Death Note,show,"Animation, Crime, Drama, Fantasy, Mystery & Thriller, Science-Fiction, Classic Japanese Anime",2006.0,8.9,486k,Amazon Prime Video,International,Japan,24.0,UA16+,https://www.justwatch.com/in/tv-show/death-note
Sherlock,show,"Crime, Drama, Mystery & Thriller, Made in Europe, Detective Crime",2010.0,,,Amazon Prime Video,International,United Kingdom,88.0,A,https://www.justwatch.com/in/tv-show/sherlock
S Line,show,"Drama, Fantasy, Science-Fiction, Mystery Thriller",2025.0,6.2,3k,Amazon Prime Video,International,South Korea,52.0,A,https://www.justwatch.com/in/tv-show/s-line
Suits,show,"Comedy, Drama, Courtroom, Dramedy",2011.0,8.4,542k,Amazon Prime Video,International,United States,44.0,UA13+,https://www.justwatch.com/in/tv-show/suits
Yoasobi Gurashi!,show,"Animation, Drama, Romance, Classic Japanese Anime",2024.0,,,Amazon Prime Video,International,Japan,,,https://www.justwatch.com/in/tv-show/yoasobi-gurashi
High School Return of a Gangster,show,"Drama, Fantasy, Science-Fiction",2024.0,7.7,2k,Amazon Prime Video,International,South Korea,,,https://www.justwatch.com/in/tv-show/high-school-return-of-a-gangster
Tensei Shitara Suraimu Datta Ken,show,"Action & Adventure, Animation, Comedy, Fantasy, Science-Fiction, Classic Japanese Anime",2018.0,8.0,25k,Amazon Prime Video,International,Japan,24.0,UA16+,https://www.justwatch.com/in/tv-show/that-time-i-got-reincarnated-as-a-slime
Tôkyô Ribenjâzu,show,"Action & Adventure, Animation, Drama, Classic Japanese Anime",2021.0,7.7,33k,Amazon Prime Video,International,Japan,24.0,UA16+,https://www.justwatch.com/in/tv-show/tokyo-revengers
The 100,show,"Action & Adventure, Crime, Drama, Science-Fiction, Young Adult Drama, Young Adult Dystopia, Sci-Fi Drama, Post Apocalyptic World",2014.0,7.5,305k,Amazon Prime Video,International,United States,42.0,U,https://www.justwatch.com/in/tv-show/the-100
Mad Men,show,"Drama, Emotional Drama, Based On A True Story, Period Drama",2007.0,8.7,291k,Amazon Prime Video,International,United States,49.0,UA16+,https://www.justwatch.com/in/tv-show/mad-men
Evilive,show,"Action & Adventure, Crime, Drama, Mystery & Thriller, Action Thriller",2023.0,,,Amazon Prime Video,International,South Korea,,,https://www.justwatch.com/in/tv-show/evilive
Isakapatnam,show,,2026.0,,,Amazon Prime Video,Indian,India,,A,https://www.justwatch.com/in/tv-show/isakapatnam
Teen Wolf,show,"Action & Adventure, Comedy, Drama, Fantasy, Mystery & Thriller, Romance, Science-Fiction, Young Adult Drama, Modern Fantasy",2011.0,7.7,179k,Amazon Prime Video,International,United States,42.0,U,https://www.justwatch.com/in/tv-show/teen-wolf
Maxton Hall – The World Between Us,show,"Drama, Romance, Romantic Drama",2024.0,7.5,25k,Amazon Prime Video,International,Germany,,,https://www.justwatch.com/in/tv-show/maxton-hall-the-world-between-us
Community,show,"Comedy, Sitcoms",2009.0,8.5,311k,Amazon Prime Video,International,United States,23.0,U,https://www.justwatch.com/in/tv-show/community
Dexter,show,"Crime, Drama, Mystery & Thriller, Dark Crime, Detective Crime",2006.0,8.6,940k,Amazon Prime Video,International,United States,53.0,A,https://www.justwatch.com/in/tv-show/dexter
Supernatural,show,"Drama, Fantasy, Horror, Mystery & Thriller, Science-Fiction, Modern Fantasy, Dark Fantasy",2005.0,8.4,541k,Amazon Prime Video,International,United States,45.0,UA16+,https://www.justwatch.com/in/tv-show/supernatural
BLUE LOCK,show,"Action & Adventure, Animation, Drama, Mystery & Thriller, Sport, Classic Japanese Anime",2022.0,8.1,32k,Amazon Prime Video,International,Japan,24.0,UA16+,https://www.justwatch.com/in/tv-show/bluelock
My Hero Academia,show,"Action & Adventure, Animation, Comedy, Fantasy, Science-Fiction, Classic Japanese Anime",2016.0,8.2,122k,Amazon Prime Video,International,Japan,24.0,U,https://www.justwatch.com/in/tv-show/my-hero-academia
Margo's Got Money Troubles,show,"Comedy, Drama, Dramedy",2026.0,7.3,12k,Amazon Prime Video,International,United States,39.0,A,https://www.justwatch.com/in/tv-show/margos-got-money-troubles
Hostel Daze,show,"Comedy, Drama, Bollywood",2019.0,8.5,23k,Amazon Prime Video,Indian,India,34.0,A,https://www.justwatch.com/in/tv-show/hostel-daze
Aspirants,show,"Drama, Bollywood",2021.0,9.1,319k,Amazon Prime Video,Indian,India,45.0,UA13+,https://www.justwatch.com/in/tv-show/aspirants
Under the Dome,show,"Drama, Mystery & Thriller, Science-Fiction, Sci-Fi Drama",2013.0,6.5,118k,Amazon Prime Video,International,United States,43.0,UA16+,https://www.justwatch.com/in/tv-show/under-the-dome
Half Man,show,Drama,2026.0,8.0,12k,Amazon Prime Video,International,United Kingdom,,,https://www.justwatch.com/in/tv-show/half-man
The Tudors,show,"Drama, History, Romance, War & Military, Made in Europe, Period Drama, Epic",2007.0,8.1,87k,Amazon Prime Video,International,United States,53.0,A,https://www.justwatch.com/in/tv-show/the-tudors
Young Sheldon,show,"Comedy, Drama, Sitcoms",2017.0,7.7,149k,Amazon Prime Video,International,United States,19.0,U,https://www.justwatch.com/in/tv-show/young-sheldon
56 Days,show,"Crime, Drama, Romance, Mystery Thriller",2026.0,6.7,11k,Amazon Prime Video,International,United States,49.0,A,https://www.justwatch.com/in/tv-show/56-days
Shameless,show,"Comedy, Drama, Dramedy",2011.0,8.5,334k,Amazon Prime Video,International,United States,54.0,U,https://www.justwatch.com/in/tv-show/shameless
Black Torch,show,"Action & Adventure, Animation, Mystery & Thriller, Science-Fiction",2026.0,,,Amazon Prime Video,International,Japan,,,https://www.justwatch.com/in/tv-show/black-torch
SPY x FAMILY,show,"Action & Adventure, Animation, Comedy, Mystery & Thriller, Classic Japanese Anime",2022.0,8.2,62k,Amazon Prime Video,International,Japan,25.0,UA16+,https://www.justwatch.com/in/tv-show/spy-x-family
Friday Night Lights,show,"Drama, Sport, Young Adult Drama, Sports Drama",2006.0,8.7,79k,Amazon Prime Video,International,United States,,,https://www.justwatch.com/in/tv-show/friday-night-lights
Re:Zero kara Hajimeru Isekai Seikatsu,show,"Action & Adventure, Animation, Drama, Fantasy, Horror, Mystery & Thriller, Romance, Science-Fiction, Classic Japanese Anime",2016.0,8.2,72k,Amazon Prime Video,International,Japan,26.0,UA16+,https://www.justwatch.com/in/tv-show/re-zero-starting-life-in-another-world
Tokyo Ghoul,show,"Action & Adventure, Animation, Drama, Fantasy, Horror, Mystery & Thriller, Science-Fiction, Classic Japanese Anime",2014.0,7.7,83k,Amazon Prime Video,International,Japan,24.0,A,https://www.justwatch.com/in/tv-show/tokyo-ghoul
The Pyramid Scheme,show,"Comedy, Drama, Dramedy",2026.0,,,Amazon Prime Video,Indian,India,42.0,UA13+,https://www.justwatch.com/in/tv-show/the-pyramid-scheme
Robin Hood,show,"Drama, Action Adventure",2025.0,6.8,7k,Amazon Prime Video,International,United States,,,https://www.justwatch.com/in/tv-show/robin-hood-2025
The Night Manager,show,"Crime, Drama, Mystery & Thriller, Made in Europe, Spies, Organized Crime",2016.0,8.0,139k,Amazon Prime Video,International,United Kingdom,56.0,A,https://www.justwatch.com/in/tv-show/the-night-manager
The Office,show,"Comedy, Sitcoms",2005.0,9.0,837k,Amazon Prime Video,International,United States,24.0,U,https://www.justwatch.com/in/tv-show/the-office
Haikyu!!,show,"Animation, Comedy, Drama, Sport, Classic Japanese Anime",2014.0,8.7,54k,Amazon Prime Video,International,Japan,24.0,UA13+,https://www.justwatch.com/in/tv-show/haikyu
Fallout,show,"Drama, Science-Fiction, Post Apocalyptic World, Action Adventure",2024.0,8.3,395k,Amazon Prime Video,International,United States,57.0,A,https://www.justwatch.com/in/tv-show/fallout
The Scarecrow,show,"Crime, Drama, Mystery Thriller",2026.0,8.3,1k,Amazon Prime Video,International,South Korea,,,https://www.justwatch.com/in/tv-show/the-scarecrow
Clarkson's Farm,show,"Comedy, Documentary, Reality TV",2021.0,9.0,87k,Amazon Prime Video,International,United Kingdom,48.0,UA16+,https://www.justwatch.com/in/tv-show/jeremy-clarkson-i-bought-the-farm
Arabia Kadali,show,"Drama, Bollywood",2025.0,,,Amazon Prime Video,Indian,India,12.0,UA16+,https://www.justwatch.com/in/tv-show/arabia-kadali
Dhootha,show,"Crime, Drama, Horror, Mystery & Thriller, Bollywood",2023.0,7.7,6k,Amazon Prime Video,Indian,India,43.0,A,https://www.justwatch.com/in/tv-show/dhootha
The Loyalty Game,show,"Drama, Mystery & Thriller",2026.0,,,Amazon Prime Video,International,Philippines,,,https://www.justwatch.com/in/tv-show/the-loyalty-game
Heated Rivalry,show,"Drama, Romance, Sport, Sports Drama",2025.0,8.7,109k,Amazon Prime Video,International,Canada,,,https://www.justwatch.com/in/tv-show/heated-rivalry
Fargo,show,"Crime, Drama, Mystery & Thriller, Dark Crime, Detective Crime",2014.0,8.8,470k,Amazon Prime Video,International,United States,52.0,UA16+,https://www.justwatch.com/in/tv-show/fargo
The Expanse,show,"Drama, Science-Fiction, Sci-Fi Drama, Mystery Thriller, Tech Noir",2015.0,8.5,192k,Amazon Prime Video,International,United States,45.0,UA16+,https://www.justwatch.com/in/tv-show/the-expanse
The Flash,show,"Action & Adventure, Drama, Science-Fiction, Superhero",2014.0,7.5,386k,Amazon Prime Video,International,United States,42.0,U,https://www.justwatch.com/in/tv-show/the-flash
Absolute Value of Romance,show,"Comedy, Drama, Romance",2026.0,,,Amazon Prime Video,International,South Korea,31.0,UA16+,https://www.justwatch.com/in/tv-show/absolute-value-of-romance
The Legend of Vox Machina,show,"Action & Adventure, Animation, Comedy, Fantasy, Science-Fiction, Western Animation",2022.0,8.4,55k,Amazon Prime Video,International,United States,26.0,A,https://www.justwatch.com/in/tv-show/critical-role-the-legend-of-vox-machina
Elle,show,,2026.0,,,Amazon Prime Video,International,United States,,,https://www.justwatch.com/in/tv-show/elle
Smallville,show,"Action & Adventure, Documentary, Drama, Science-Fiction, Young Adult Drama, Superhero",2001.0,7.5,154k,Amazon Prime Video,International,United States,43.0,UA16+,https://www.justwatch.com/in/tv-show/smallville
Ash vs Evil Dead,show,"Action & Adventure, Comedy, Horror, Mystery & Thriller, Science-Fiction, Slasher, Horror Comedy",2015.0,8.4,81k,Amazon Prime Video,International,United States,30.0,A,https://www.justwatch.com/in/tv-show/ash-vs-evil-dead
Adam's Sweet Agony,show,"Animation, Classic Japanese Anime",2024.0,,,Amazon Prime Video,International,Japan,,,https://www.justwatch.com/in/tv-show/adams-sweet-agony
Rasbhari,show,"Comedy, Drama, Romance, Bollywood, Romantic Drama",2020.0,2.9,15k,Amazon Prime Video,Indian,India,25.0,A,https://www.justwatch.com/in/tv-show/rasbhari
Rent-a-Girlfriend,show,"Animation, Comedy, Romance, Classic Japanese Anime",2020.0,6.7,12k,Amazon Prime Video,International,Japan,24.0,A,https://www.justwatch.com/in/tv-show/rent-a-girlfriend
In Plain Sight,show,"Action & Adventure, Crime, Drama, Mystery & Thriller, Detective Crime",2008.0,7.4,13k,Amazon Prime Video,International,United States,,,https://www.justwatch.com/in/tv-show/in-plain-sight
Fringe,show,"Drama, Mystery & Thriller, Science-Fiction, Sci-Fi Drama",2008.0,8.4,270k,Amazon Prime Video,International,"Canada, United States",47.0,UA16+,https://www.justwatch.com/in/tv-show/fringe
The Lord of the Rings: The Rings of Power,show,"Action & Adventure, Drama, Fantasy, Science-Fiction, Epic Fantasy",2022.0,6.9,440k,Amazon Prime Video,International,United States,68.0,UA16+,https://www.justwatch.com/in/tv-show/the-lord-of-the-rings-the-rings-of-power
INVINCIBLE,show,"Action & Adventure, Animation, Drama, Fantasy, Mystery & Thriller, Science-Fiction",2021.0,8.7,344k,Amazon Prime Video,International,United States,49.0,A,https://www.justwatch.com/in/tv-show/invincible
Gumihodyeon,show,"Comedy, Drama, Fantasy, History, Horror, Romance, Science-Fiction",2020.0,7.9,13k,Amazon Prime Video,International,South Korea,70.0,UA13+,https://www.justwatch.com/in/tv-show/tale-of-the-nine-tailed
Fullmetal Alchemist: Brotherhood,show,"Action & Adventure, Animation, Comedy, Drama, Fantasy, Science-Fiction, Classic Japanese Anime",2009.0,9.1,251k,Amazon Prime Video,International,Japan,29.0,UA,https://www.justwatch.com/in/tv-show/fullmetal-alchemist-brotherhood
Schitt's Creek,show,"Comedy, Sitcoms",2015.0,8.5,174k,Amazon Prime Video,International,Canada,22.0,U,https://www.justwatch.com/in/tv-show/schitts-creek
Dexter: Original Sin,show,"Crime, Drama, Mystery & Thriller, Dark Crime",2024.0,8.2,68k,Amazon Prime Video,International,United States,,,https://www.justwatch.com/in/tv-show/dexter-original-sin
Inspector Rishi,show,"Action & Adventure, Drama, Horror, Mystery & Thriller, Horror Thriller",2024.0,7.2,3k,Amazon Prime Video,Indian,India,45.0,A,https://www.justwatch.com/in/tv-show/inspector-rishi
Dark Winds,show,"Crime, Drama, Mystery & Thriller, Detective Crime, Psychological Thriller",2022.0,7.7,33k,Amazon Prime Video,International,United States,46.0,A,https://www.justwatch.com/in/tv-show/dark-winds
Frieren: Beyond Journey's End,show,"Action & Adventure, Animation, Comedy, Drama, Fantasy, Science-Fiction, Classic Japanese Anime",2023.0,8.9,78k,Amazon Prime Video,International,Japan,25.0,UA16+,https://www.justwatch.com/in/tv-show/frieren-beyond-journeys-end
Arrow,show,"Action & Adventure, Crime, Drama, Science-Fiction, Superhero",2012.0,7.5,461k,Amazon Prime Video,International,United States,42.0,U,https://www.justwatch.com/in/tv-show/arrow
Good Boy,show,"Action & Adventure, Comedy, Crime, Drama, Romance, Action Comedy",2025.0,7.4,6k,Amazon Prime Video,International,South Korea,,,https://www.justwatch.com/in/tv-show/good-boy
The Middle,show,"Comedy, Kids & Family, Sitcoms",2009.0,7.7,61k,Amazon Prime Video,International,United States,21.0,U,https://www.justwatch.com/in/tv-show/the-middle
One Punch Man: Wanpanman,show,"Action & Adventure, Animation, Comedy, Fantasy, Science-Fiction, Classic Japanese Anime",2015.0,8.6,226k,Amazon Prime Video,International,Japan,24.0,UA7+,https://www.justwatch.com/in/tv-show/one-punch-man
Little Disasters,show,"Drama, Psychological Drama",2025.0,7.0,2k,Amazon Prime Video,International,United Kingdom,,,https://www.justwatch.com/in/tv-show/little-disasters
Harem Camp!,show,"Animation, Classic Japanese Anime",2022.0,,,Amazon Prime Video,International,Japan,,,https://www.justwatch.com/in/tv-show/harem-camp
The Peripheral,show,"Drama, Mystery & Thriller, Science-Fiction, Sci-Fi Drama",2022.0,7.5,91k,Amazon Prime Video,International,United States,62.0,UA16+,https://www.justwatch.com/in/tv-show/the-peripheral
Justified,show,"Action & Adventure, Crime, Drama, Mystery & Thriller, Western, Action Thriller, Marshal Western",2010.0,8.6,131k,Amazon Prime Video,International,United States,43.0,UA16+,https://www.justwatch.com/in/tv-show/justified
2 Broke Girls,show,"Comedy, Female Comedy, Sitcoms",2011.0,6.7,115k,Amazon Prime Video,International,United States,21.0,U,https://www.justwatch.com/in/tv-show/2-broke-girls
Blue Lights,show,"Crime, Drama, Mystery & Thriller, Detective Crime",2023.0,8.2,22k,Amazon Prime Video,International,United Kingdom,,,https://www.justwatch.com/in/tv-show/blue-lights
Deo keitu,show,"Action & Adventure, Crime, Drama, Mystery & Thriller, Romance",2016.0,7.7,12k,Amazon Prime Video,International,South Korea,65.0,UA16+,https://www.justwatch.com/in/tv-show/the-k2
Superman & Lois,show,"Action & Adventure, Drama, Science-Fiction, Superhero",2021.0,7.8,50k,Amazon Prime Video,International,United States,,,https://www.justwatch.com/in/tv-show/superman-and-lois
Kôkaku Kidôtai,show,"Action & Adventure, Animation, Science-Fiction",2026.0,,,Amazon Prime Video,International,Japan,,,https://www.justwatch.com/in/tv-show/kokaku-kidotai
Grand Blue Dreaming,show,"Animation, Comedy, Drama, Classic Japanese Anime",2018.0,7.9,7k,Amazon Prime Video,International,Japan,24.0,A,https://www.justwatch.com/in/tv-show/grand-blue-dreaming
Counterpart,show,"Drama, Mystery & Thriller, Science-Fiction, Sci-Fi Drama",2017.0,8.0,34k,Amazon Prime Video,International,United States,,,https://www.justwatch.com/in/tv-show/counterpart
The Good Wife,show,"Crime, Drama, Emotional Drama, Courtroom",2009.0,8.3,89k,Amazon Prime Video,International,United States,44.0,U,https://www.justwatch.com/in/tv-show/the-good-wife
The Man in the High Castle,show,"Drama, Mystery & Thriller, Science-Fiction, Sci-Fi Drama, Epic",2015.0,7.9,113k,Amazon Prime Video,International,United States,55.0,A,https://www.justwatch.com/in/tv-show/the-man-in-the-high-castle
Citadel,show,"Action & Adventure, Crime, Drama, Mystery & Thriller, Emotional Drama",2023.0,6.2,41k,Amazon Prime Video,International,United States,43.0,UA16+,https://www.justwatch.com/in/tv-show/citadel
S.W.A.T.,show,"Action & Adventure, Crime, Drama, Mystery & Thriller, Action Thriller",2017.0,7.2,41k,Amazon Prime Video,International,United States,42.0,UA16+,https://www.justwatch.com/in/tv-show/s-w-a-t-2017
Gen V,show,"Comedy, Drama, Science-Fiction, Action Adventure",2023.0,7.6,153k,Amazon Prime Video,International,United States,,,https://www.justwatch.com/in/tv-show/gen-v
Khauf,show,"Drama, Horror, Mystery & Thriller, Bollywood",2025.0,7.4,5k,Amazon Prime Video,Indian,India,47.0,A,https://www.justwatch.com/in/tv-show/khauf
Newtopia,show,"Action & Adventure, Comedy, Drama, Fantasy, Horror, Mystery & Thriller, Romance, Science-Fiction",2025.0,6.6,11k,Amazon Prime Video,International,South Korea,,,https://www.justwatch.com/in/tv-show/newtopia
Death in Paradise,show,"Comedy, Crime, Drama, Mystery & Thriller, Detective Crime",2011.0,7.8,33k,Amazon Prime Video,International,"France, United Kingdom",,,https://www.justwatch.com/in/tv-show/death-in-paradise
Oshi no Ko,show,"Animation, Drama, Fantasy, Music & Musical, Mystery & Thriller, Classic Japanese Anime",2023.0,8.3,17k,Amazon Prime Video,International,Japan,26.0,UA13+,https://www.justwatch.com/in/tv-show/oshi-no-ko
Bandish Bandits,show,"Drama, Kids & Family, Music & Musical, Romance, Romantic Drama",2020.0,8.6,20k,Amazon Prime Video,Indian,India,46.0,UA16+,https://www.justwatch.com/in/tv-show/bandish-bandits
Death's Game,show,"Drama, Fantasy, Science-Fiction",2023.0,8.4,24k,Amazon Prime Video,International,South Korea,,,https://www.justwatch.com/in/tv-show/deaths-game
Bambai Meri Jaan,show,"Action & Adventure, Crime, Drama, Bollywood",2023.0,7.5,5k,Amazon Prime Video,Indian,India,46.0,A,https://www.justwatch.com/in/tv-show/bambai-meri-jaan
Young Sherlock,show,"Drama, Mystery & Thriller, Action Adventure",2026.0,7.5,30k,Amazon Prime Video,International,"United Kingdom, United States",,,https://www.justwatch.com/in/tv-show/young-sherlock
Dandadan,show,"Action & Adventure, Animation, Comedy, Fantasy, Mystery & Thriller, Romance, Science-Fiction, Classic Japanese Anime",2024.0,8.3,55k,Amazon Prime Video,International,Japan,24.0,UA16+,https://www.justwatch.com/in/tv-show/dan-da-dan
Shaktimaan,show,"Animation, Fantasy, Kids & Family, Science-Fiction, Bollywood, Action Adventure",1997.0,8.1,5k,Amazon Prime Video,Indian,India,42.0,U,https://www.justwatch.com/in/tv-show/shaktimaan-a-powerful-man
Made in Heaven,show,"Drama, Romance, Romantic Drama",2019.0,8.2,15k,Amazon Prime Video,Indian,India,58.0,UA16+,https://www.justwatch.com/in/tv-show/made-in-heaven-2019
Aillaendeu,show,"Drama, Fantasy, Horror, Mystery & Thriller, Science-Fiction, Action Adventure",2022.0,7.0,4k,Amazon Prime Video,International,South Korea,51.0,A,https://www.justwatch.com/in/tv-show/island
Chainsaw Man,show,"Action & Adventure, Animation, Comedy, Fantasy, Science-Fiction, Classic Japanese Anime",2022.0,8.3,105k,Amazon Prime Video,International,Japan,24.0,A,https://www.justwatch.com/in/tv-show/chainsaw-man
The Guest,show,"Crime, Drama, Horror, Mystery Thriller",2018.0,8.0,2k,Amazon Prime Video,International,South Korea,66.0,UA16+,https://www.justwatch.com/in/tv-show/the-guest
The Originals,show,"Drama, Fantasy, Horror, Mystery & Thriller, Science-Fiction, Modern Fantasy",2013.0,8.2,161k,Amazon Prime Video,International,United States,43.0,U,https://www.justwatch.com/in/tv-show/the-originals
Fleabag,show,"Comedy, Drama, Made in Europe, Raunchy Comedy, Dramedy",2016.0,8.7,248k,Amazon Prime Video,International,United Kingdom,25.0,A,https://www.justwatch.com/in/tv-show/fleabag
Unexpectedly Naughty Fukami,show,"Animation, Comedy, Drama, Romance, Classic Japanese Anime",2025.0,,,Amazon Prime Video,International,Japan,,,https://www.justwatch.com/in/tv-show/unexpectedly-naughty-fukami
Hunter x Hunter,show,"Action & Adventure, Animation, Comedy, Fantasy, Science-Fiction, Classic Japanese Anime",2011.0,9.0,197k,Amazon Prime Video,International,Japan,23.0,UA16+,https://www.justwatch.com/in/tv-show/hunter-x-hunter
Marika's Love Meter Malfunction,show,"Animation, Comedy, Romance",2026.0,,,Amazon Prime Video,International,Japan,,,https://www.justwatch.com/in/tv-show/marikas-love-meter-malfunction
Boys Over Flowers,show,"Comedy, Drama, Romance",2009.0,7.7,17k,Amazon Prime Video,International,South Korea,64.0,UA13+,https://www.justwatch.com/in/tv-show/boys-over-flowers
Jee Karda,show,"Comedy, Drama, Romance, Romantic Drama",2023.0,6.5,8k,Amazon Prime Video,Indian,India,33.0,A,https://www.justwatch.com/in/tv-show/jee-karda
Saga of Tanya the Evil,show,"Action & Adventure, Animation, Drama, Fantasy, Science-Fiction, War & Military, Classic Japanese Anime",2017.0,7.6,5k,Amazon Prime Video,International,Japan,24.0,UA16+,https://www.justwatch.com/in/tv-show/saga-of-tanya-the-evil
Batman: The Animated Series,show,"Action & Adventure, Animation, Crime, Kids & Family, Science-Fiction, Superhero",1992.0,9.0,137k,Amazon Prime Video,International,United States,22.0,UA7+,https://www.justwatch.com/in/tv-show/batman-the-animated-series
The Exiled Heavy Knight Knows How to Game the System,show,"Action & Adventure, Animation, Fantasy, Science-Fiction, Epic Fantasy, Classic Japanese Anime",2026.0,,,Amazon Prime Video,International,Japan,,,https://www.justwatch.com/in/tv-show/the-exiled-heavy-knight-knows-how-to-game-the-system
Boston Blue,show,"Crime, Drama, Detective Crime",2025.0,6.3,4k,Amazon Prime Video,International,United States,,,https://www.justwatch.com/in/tv-show/boston-blue
The Game of Keys,show,"Comedy, Drama, Romance, Romantic Drama",2019.0,6.4,2k,Amazon Prime Video,International,Mexico,29.0,A,https://www.justwatch.com/in/tv-show/el-juego-de-las-llaves
The Walking Dead: Dead City,show,"Action & Adventure, Drama, Horror, Mystery & Thriller, Science-Fiction",2023.0,7.0,34k,Amazon Prime Video,International,United States,,,https://www.justwatch.com/in/tv-show/the-walking-dead-dead-city
Secret Mission - Undercover Agents Never Back Down!,show,"Animation, Classic Japanese Anime",2023.0,,,Amazon Prime Video,International,Japan,,,https://www.justwatch.com/in/tv-show/secret-mission-undercover-agents-never-back-down
Gossip Girl,show,"Drama, Romance, Emotional Drama, Young Adult Drama",2007.0,7.5,198k,Amazon Prime Video,International,United States,42.0,U,https://www.justwatch.com/in/tv-show/gossip-girl
The Terminal List,show,"Action & Adventure, Drama, Mystery & Thriller, Action Thriller",2022.0,7.9,128k,Amazon Prime Video,International,United States,58.0,A,https://www.justwatch.com/in/tv-show/the-terminal-list
Vinland Saga,show,"Action & Adventure, Animation, Drama, History, War & Military, Classic Japanese Anime",2019.0,8.9,142k,Amazon Prime Video,International,Japan,25.0,A,https://www.justwatch.com/in/tv-show/vinland-saga
The Traitors,show,Reality TV,2025.0,,,Amazon Prime Video,Indian,India,62.0,A,https://www.justwatch.com/in/tv-show/the-traitors-2024
Matlock,show,"Crime, Drama, Courtroom",2024.0,7.5,16k,Amazon Prime Video,International,United States,,,https://www.justwatch.com/in/tv-show/matlock
Crushology 101,show,"Comedy, Drama, Romance, RomCom",2025.0,,,Amazon Prime Video,International,South Korea,,,https://www.justwatch.com/in/tv-show/crushology-101
Secret Level,show,"Action & Adventure, Animation, Fantasy, Science-Fiction, Epic Fantasy",2024.0,7.3,31k,Amazon Prime Video,International,United States,,,https://www.justwatch.com/in/tv-show/secret-level
Eve,show,"Comedy, Drama, Romance",2022.0,7.3,2k,Amazon Prime Video,International,South Korea,63.0,A,https://www.justwatch.com/in/tv-show/eve
Legacies,show,"Drama, Fantasy, Horror, Science-Fiction, Young Adult Drama",2018.0,7.2,42k,Amazon Prime Video,International,United States,41.0,U,https://www.justwatch.com/in/tv-show/legacies
Dexter: Resurrection,show,"Crime, Drama, Mystery & Thriller, Dark Crime",2025.0,9.0,147k,Amazon Prime Video,International,United States,52.0,A,https://www.justwatch.com/in/tv-show/dexter-resurrection
The Big C,show,"Comedy, Drama, Dramedy, Sitcoms",2010.0,8.1,20k,Amazon Prime Video,International,United States,32.0,UA16+,https://www.justwatch.com/in/tv-show/the-big-c
Bleach: Sennen Kessen-hen,show,"Action & Adventure, Animation, Fantasy, Mystery & Thriller, War & Military, Classic Japanese Anime",2022.0,9.0,77k,Amazon Prime Video,International,Japan,25.0,UA16+,https://www.justwatch.com/in/tv-show/bleach-thousand-year-blood-war
The Pradeeps of Pittsburgh,show,"Comedy, Drama, Dramedy",2024.0,6.1,1k,Amazon Prime Video,International,"Canada, United States",,,https://www.justwatch.com/in/tv-show/the-pradeeps-of-pittsburgh
Late Bloomer,show,"Comedy, Drama, Dramedy",2024.0,7.9,1k,Amazon Prime Video,International,Canada,,,https://www.justwatch.com/in/tv-show/late-bloomer
Spring Fever,show,"Comedy, Drama, Romance, RomCom",2026.0,7.3,2k,Amazon Prime Video,International,South Korea,62.0,UA16+,https://www.justwatch.com/in/tv-show/spring-fever
Bloody Flower,show,"Crime, Drama, Mystery Thriller",2026.0,,,Amazon Prime Video,International,South Korea,,,https://www.justwatch.com/in/tv-show/bloody-flower
War of the Worlds,show,"Drama, Science-Fiction, Sci-Fi Military, Sci-Fi Drama",2019.0,6.5,20k,Amazon Prime Video,International,France,,,https://www.justwatch.com/in/tv-show/war-of-the-worlds
Tom Clancy's Jack Ryan,show,"Action & Adventure, Crime, Drama, Mystery & Thriller, Spies, Action Thriller",2018.0,8.0,194k,Amazon Prime Video,International,United States,51.0,UA16+,https://www.justwatch.com/in/tv-show/tom-clancys-jack-ryan
Citadel: Honey Bunny,show,"Action & Adventure, Drama, Mystery & Thriller, Science-Fiction, Spies, Bollywood",2024.0,6.2,9k,Amazon Prime Video,Indian,India,50.0,UA16+,https://www.justwatch.com/in/tv-show/citadel-honey-bunny
Oggy and the Cockroaches,show,"Action & Adventure, Animation, Comedy, Kids & Family, Science-Fiction, Made in Europe",1999.0,7.5,6k,Amazon Prime Video,International,France,9.0,U,https://www.justwatch.com/in/tv-show/oggy-and-the-cockroaches
Those About to Die,show,"Action & Adventure, Drama, History, Dramedy",2024.0,6.7,22k,Amazon Prime Video,International,"Germany, Italy, United States",,,https://www.justwatch.com/in/tv-show/those-about-to-die
One Tree Hill,show,"Drama, Romance, Sport, Young Adult Drama",2003.0,7.8,94k,Amazon Prime Video,International,United States,48.0,U,https://www.justwatch.com/in/tv-show/one-tree-hill
Cruel Summer,show,"Drama, Mystery Thriller",2021.0,7.4,22k,Amazon Prime Video,International,United States,,,https://www.justwatch.com/in/tv-show/cruel-summer
FLAMES,show,"Comedy, Drama, Romance, Made in Europe, Bollywood",2018.0,8.8,34k,Amazon Prime Video,Indian,India,,,https://www.justwatch.com/in/tv-show/flames
Scooby-Doo! Mystery Incorporated,show,"Animation, Comedy, Crime, Fantasy, Horror, Kids & Family, Mystery & Thriller, Science-Fiction, Family Animation",2010.0,8.2,22k,Amazon Prime Video,International,United States,23.0,UA7+,https://www.justwatch.com/in/tv-show/scooby-doo-mystery-incorporated
Wind Breaker,show,"Action & Adventure, Animation, Comedy, Drama, Classic Japanese Anime",2024.0,7.4,9k,Amazon Prime Video,International,Japan,23.0,UA16+,https://www.justwatch.com/in/tv-show/wind-breaker
Dupahiya,show,"Comedy, Drama, Dramedy",2025.0,7.4,6k,Amazon Prime Video,Indian,India,,,https://www.justwatch.com/in/tv-show/dupahiya
Father Brown,show,"Crime, Drama, Mystery & Thriller, Detective Crime",2013.0,7.8,17k,Amazon Prime Video,International,United Kingdom,,,https://www.justwatch.com/in/tv-show/father-brown
We Were Liars,show,"Drama, Mystery & Thriller, Romance, Psychological Drama",2025.0,6.8,18k,Amazon Prime Video,International,United States,56.0,A,https://www.justwatch.com/in/tv-show/we-were-liars
NIPPON SANGOKU: The Three Nations of the Crimson Sun,show,"Animation, Drama, War & Military",2026.0,8.4,1k,Amazon Prime Video,International,"Japan, United States",,,https://www.justwatch.com/in/tv-show/nippon-sangoku
NCIS,show,"Action & Adventure, Crime, Drama, Mystery & Thriller, Detective Crime",2003.0,7.8,177k,Amazon Prime Video,International,United States,43.0,U,https://www.justwatch.com/in/tv-show/ncis
ImMATURE,show,"Comedy, Drama, Romance, Dramedy",2019.0,8.5,11k,Amazon Prime Video,Indian,India,27.0,UA16+,https://www.justwatch.com/in/tv-show/im-mature
Blue Bloods,show,"Crime, Drama, Mystery & Thriller, Detective Crime",2010.0,7.7,54k,Amazon Prime Video,International,United States,42.0,U,https://www.justwatch.com/in/tv-show/blue-bloods
Gilmore Girls,show,"Comedy, Drama, Young Adult Drama, Dramedy",2000.0,8.2,174k,Amazon Prime Video,International,United States,44.0,U,https://www.justwatch.com/in/tv-show/gilmore-girls
Breathe,show,"Crime, Drama, Mystery & Thriller, Bollywood",2018.0,8.2,23k,Amazon Prime Video,Indian,India,38.0,UA16+,https://www.justwatch.com/in/tv-show/breathe
Fullmetal Alchemist,show,"Action & Adventure, Animation, Comedy, Drama, Fantasy, Science-Fiction, Classic Japanese Anime",2003.0,8.5,86k,Amazon Prime Video,International,Japan,24.0,UA16+,https://www.justwatch.com/in/tv-show/fullmetal-alchemist
Lukkhe,show,"Action & Adventure, Drama, Music & Musical, Emotional Drama",2026.0,,,Amazon Prime Video,Indian,India,,,https://www.justwatch.com/in/tv-show/lukkhe
Power Rangers,show,"Action & Adventure, Kids & Family, Science-Fiction, Live Action",1993.0,6.6,26k,Amazon Prime Video,International,United States,22.0,UA7+,https://www.justwatch.com/in/tv-show/power-rangers
Love Is Never Gone,show,"Action & Adventure, Drama, Mystery & Thriller, Romance, Romantic Thriller",2026.0,,,Amazon Prime Video,International,Philippines,,,https://www.justwatch.com/in/tv-show/love-is-never-gone
Dark City: The Cleaner,show,"Crime, Drama, Mystery & Thriller, Dark Crime",2024.0,6.9,1k,Amazon Prime Video,International,New Zealand,,,https://www.justwatch.com/in/tv-show/dark-city-the-cleaner
Steal,show,"Action & Adventure, Crime, Drama, Heist, Mystery Thriller",2026.0,7.0,18k,Amazon Prime Video,International,United Kingdom,,,https://www.justwatch.com/in/tv-show/steal
The House of the Spirits,show,"Drama, Horror, Emotional Drama",2026.0,7.7,1k,Amazon Prime Video,International,United States,,,https://www.justwatch.com/in/tv-show/the-house-of-the-spirits
Four Years Later,show,"Drama, Romantic Drama",2024.0,,,Amazon Prime Video,International,Australia,27.0,A,https://www.justwatch.com/in/tv-show/four-years-later
The Marvelous Mrs. Maisel,show,"Comedy, Drama, Dramedy",2017.0,8.6,158k,Amazon Prime Video,International,United States,55.0,UA16+,https://www.justwatch.com/in/tv-show/the-marvelous-mrs-maisel
Skins,show,"Comedy, Drama, Made in Europe, Young Adult Drama",2007.0,8.2,100k,Amazon Prime Video,International,United Kingdom,46.0,UA,https://www.justwatch.com/in/tv-show/skins
The White Princess,show,"Drama, History, Romance, War & Military, Made in Europe, Period Drama",2017.0,7.5,18k,Amazon Prime Video,International,United States,,,https://www.justwatch.com/in/tv-show/the-white-princess
Nae Nampyeongwa Gyeolhonhaejweo,show,"Comedy, Drama, Fantasy, Romance, Science-Fiction, Modern Fantasy, Dramedy",2024.0,7.8,12k,Amazon Prime Video,International,South Korea,,,https://www.justwatch.com/in/tv-show/marry-my-husband
Highway Love,show,"Comedy, Romance, Bollywood, Romantic Drama",2023.0,7.3,2k,Amazon Prime Video,Indian,India,33.0,UA16+,https://www.justwatch.com/in/tv-show/highway-love
Sword Art Online,show,"Action & Adventure, Animation, Drama, Fantasy, Mystery & Thriller, Romance, Science-Fiction, Classic Japanese Anime",2012.0,7.5,54k,Amazon Prime Video,International,Japan,23.0,A,https://www.justwatch.com/in/tv-show/sword-art-online-ii
Yandere Dark Elf: She Chased Me All the Way from Another World!,show,"Animation, Comedy, Fantasy, Romance, Science-Fiction, Classic Japanese Anime",2025.0,,,Amazon Prime Video,International,Japan,12.0,A,https://www.justwatch.com/in/tv-show/yandere-dark-elf-she-chased-me-all-the-way-from-another-world
The Outer Limits,show,"Drama, Fantasy, Horror, Mystery & Thriller, Science-Fiction, Sci-Fi Drama, SciFi Horror",1995.0,7.7,14k,Amazon Prime Video,International,United States,,,https://www.justwatch.com/in/tv-show/the-outer-limits
Patriot,show,"Comedy, Drama, Mystery & Thriller, Spies",2015.0,8.2,21k,Amazon Prime Video,International,United States,46.0,U,https://www.justwatch.com/in/tv-show/patriot
Mumbai Diaries,show,"Action & Adventure, Drama, Mystery Thriller",2021.0,8.4,31k,Amazon Prime Video,Indian,India,46.0,A,https://www.justwatch.com/in/tv-show/mumbai-diaries-26-11
Madam Secretary,show,"Drama, Mystery & Thriller, War & Military, Emotional Drama",2014.0,7.8,29k,Amazon Prime Video,International,United States,43.0,U,https://www.justwatch.com/in/tv-show/madam-secretary
Vadhandhi,show,"Crime, Drama, Mystery & Thriller, Bollywood",2022.0,7.9,6k,Amazon Prime Video,Indian,India,49.0,UA16+,https://www.justwatch.com/in/tv-show/vadhandhi
House of David,show,"Action & Adventure, Drama, History, War & Military, Religious Drama",2025.0,7.5,14k,Amazon Prime Video,International,United States,,,https://www.justwatch.com/in/tv-show/house-of-david
Siren's Kiss,show,"Crime, Drama, Romance, Mystery Thriller",2026.0,6.7,1k,Amazon Prime Video,International,South Korea,,,https://www.justwatch.com/in/tv-show/seiren
LOL: Hasse Toh Phasse,show,"Comedy, Reality TV",2021.0,3.8,1k,Amazon Prime Video,Indian,India,26.0,A,https://www.justwatch.com/in/tv-show/lol-hasse-toh-phasse
Cruel Intentions,show,"Drama, Emotional Drama",2024.0,5.6,5k,Amazon Prime Video,International,United States,,,https://www.justwatch.com/in/tv-show/cruel-intentions
Tomorrow with You,show,"Drama, Fantasy, Romance, Romantic Drama",2017.0,7.4,1k,Amazon Prime Video,International,South Korea,65.0,UA13+,https://www.justwatch.com/in/tv-show/tomorrow-with-you
My Lady Jane,show,"Comedy, Drama, History, Science-Fiction, Action Adventure",2024.0,7.4,23k,Amazon Prime Video,International,United States,,,https://www.justwatch.com/in/tv-show/my-lady-jane
The O.C.,show,"Comedy, Drama, Romance, Young Adult Drama, Dramedy",2003.0,7.6,104k,Amazon Prime Video,International,United States,43.0,U,https://www.justwatch.com/in/tv-show/the-o-c
"My Classmate's a Sexy Actress, and Now We Live Together?!",show,,2026.0,,,Amazon Prime Video,International,Japan,,,https://www.justwatch.com/in/tv-show/my-classmates-a-sexy-actress-and-now-we-live-together
Descendants of the Sun,show,"Action & Adventure, Comedy, Drama, Romance",2016.0,8.2,29k,Amazon Prime Video,International,South Korea,58.0,UA16+,https://www.justwatch.com/in/tv-show/descendants-of-the-sun
"Jack-of-All-Trades, Party of None",show,"Action & Adventure, Animation, Fantasy, Science-Fiction, Classic Japanese Anime",2026.0,6.7,1k,Amazon Prime Video,International,Japan,,,https://www.justwatch.com/in/tv-show/jack-of-all-trades-party-of-none
Neon Genesis Evangelion,show,"Action & Adventure, Animation, Drama, Science-Fiction, Classic Japanese Anime",1995.0,8.5,111k,Amazon Prime Video,International,Japan,24.0,U,https://www.justwatch.com/in/tv-show/neon-genesis-evangelion
Balti,movie,"Action & Adventure, Comedy, Drama, Romance, Sport",2025.0,6.4,1k,SonyLIV,Indian,India,151.0,UA16+,https://www.justwatch.com/in/movie/balti
Spider-Man: No Way Home,movie,"Action & Adventure, Fantasy, Science-Fiction, Superhero",2021.0,,,SonyLIV,International,United States,148.0,UA,https://www.justwatch.com/in/movie/spider-man-no-way-home
Athiradi,movie,"Action & Adventure, Comedy, Drama, Bollywood",2026.0,7.1,1k,SonyLIV,Indian,India,156.0,UA13+,https://www.justwatch.com/in/movie/athiradi
Evil Dead,movie,"Horror, Mystery & Thriller, Splatter, Paranormal",2013.0,6.5,213k,SonyLIV,International,United States,91.0,A,https://www.justwatch.com/in/movie/evil-dead
Spider-Man,movie,"Action & Adventure, Science-Fiction, Superhero",2002.0,7.4,971k,SonyLIV,International,United States,121.0,U,https://www.justwatch.com/in/movie/spider-man
Pani,movie,"Action & Adventure, Crime, Drama, Mystery & Thriller, Bollywood",2024.0,6.9,4k,SonyLIV,Indian,India,143.0,UA,https://www.justwatch.com/in/movie/pani
Por Thozhil,movie,"Action & Adventure, Crime, Mystery & Thriller, Bollywood, Action Thriller",2023.0,8.0,13k,SonyLIV,Indian,India,147.0,UA,https://www.justwatch.com/in/movie/por-thozhil
Alpha,movie,"Drama, Action Adventure",2018.0,6.6,71k,SonyLIV,International,"Canada, China, United States",97.0,UA,https://www.justwatch.com/in/movie/alpha
Spider-Man 3,movie,"Action & Adventure, Science-Fiction, Made in Europe, Superhero",2007.0,6.3,702k,SonyLIV,International,United States,139.0,UA,https://www.justwatch.com/in/movie/spider-man-3
Karakkam,movie,"Comedy, Horror",2026.0,,,SonyLIV,Indian,India,104.0,UA13+,https://www.justwatch.com/in/movie/karakkam
Once Upon a Time... in Hollywood,movie,"Comedy, Drama, Mystery & Thriller, Dramedy",2019.0,7.6,966k,SonyLIV,International,"China, United Kingdom, United States",162.0,A,https://www.justwatch.com/in/movie/once-upon-a-time-in-hollywood
The Amazing Spider-Man,movie,"Action & Adventure, Science-Fiction, Superhero",2012.0,6.9,768k,SonyLIV,International,United States,137.0,UA,https://www.justwatch.com/in/movie/the-amazing-spider-man
Bāhubali: The Beginning,movie,"Action & Adventure, Drama, Bollywood",2015.0,8.0,154k,SonyLIV,Indian,India,159.0,UA,https://www.justwatch.com/in/movie/baahubali-the-beginning
Bramayugam,movie,"Drama, Horror, Mystery & Thriller, Bollywood",2024.0,7.7,18k,SonyLIV,Indian,India,139.0,UA,https://www.justwatch.com/in/movie/bramayugam
Sisu,movie,"Action & Adventure, Mystery & Thriller, War & Military, War Epics",2023.0,6.9,123k,SonyLIV,International,"Finland, United Kingdom, United States",91.0,A,https://www.justwatch.com/in/movie/sisu-2023
Spider-Man: Into the Spider-Verse,movie,"Action & Adventure, Animation, Fantasy, Kids & Family, Science-Fiction, Superhero, Western Animation",2018.0,8.4,795k,SonyLIV,International,United States,117.0,U,https://www.justwatch.com/in/movie/spider-man-into-the-spider-verse
Spider-Man: Far From Home,movie,"Action & Adventure, Comedy, Fantasy, Science-Fiction, Superhero",2019.0,7.3,643k,SonyLIV,International,United States,130.0,UA,https://www.justwatch.com/in/movie/spider-man-far-from-home
Jumanji: Welcome to the Jungle,movie,"Comedy, Fantasy, Action Adventure",2017.0,6.9,505k,SonyLIV,International,United States,119.0,UA,https://www.justwatch.com/in/movie/jumanji-welcome-to-the-jungle
Moneyball,movie,"Drama, Sport, Biopics, Sports Drama",2011.0,7.6,511k,SonyLIV,International,United States,134.0,A,https://www.justwatch.com/in/movie/moneyball
Bullet Train,movie,"Action & Adventure, Comedy, Mystery & Thriller, Action Thriller",2022.0,7.3,539k,SonyLIV,International,United States,126.0,A,https://www.justwatch.com/in/movie/bullet-train
Blade Runner 2049,movie,"Action & Adventure, Drama, Mystery & Thriller, Science-Fiction, Post Apocalyptic World, Cyberpunk",2017.0,8.0,757k,SonyLIV,International,"Canada, United Kingdom, United States",164.0,A,https://www.justwatch.com/in/movie/blade-runner-2049
Sitaare Zameen Par,movie,"Comedy, Drama, Sport, Bollywood, Sports Drama",2025.0,6.9,33k,SonyLIV,Indian,India,155.0,UA13+,https://www.justwatch.com/in/movie/sitaare-zameen-par
Marco,movie,"Action & Adventure, Crime, Mystery & Thriller, Bollywood",2024.0,6.5,25k,SonyLIV,Indian,India,145.0,A,https://www.justwatch.com/in/movie/marco-2024
Jerry Maguire,movie,"Comedy, Drama, Romance, Sport, RomCom",1996.0,7.3,312k,SonyLIV,International,United States,138.0,U,https://www.justwatch.com/in/movie/jerry-maguire
Your Name.,movie,"Animation, Drama, Fantasy, Romance, Classic Japanese Anime, Western Animation",2016.0,8.4,396k,SonyLIV,International,Japan,106.0,UA13+,https://www.justwatch.com/in/movie/your-name
The Amazing Spider-Man 2,movie,"Action & Adventure, Comedy, History, Science-Fiction, War & Military, Superhero",2014.0,6.6,593k,SonyLIV,International,United States,142.0,UA,https://www.justwatch.com/in/movie/the-amazing-spider-man-2
Madhuvidhu,movie,"Comedy, Drama, Kids & Family, Romance, Dramedy",2026.0,6.5,1k,SonyLIV,Indian,India,125.0,U,https://www.justwatch.com/in/movie/madhuvidhu-2026
Bāhubali 2: The Conclusion,movie,,,,,SonyLIV,,,,,https://www.justwatch.com/in/movie/baahubali-2-the-conclusion
Close Encounters of the Third Kind,movie,"Drama, Science-Fiction, Sci-Fi Drama",1977.0,7.6,235k,SonyLIV,International,"United Kingdom, United States",137.0,U,https://www.justwatch.com/in/movie/close-encounters-of-the-third-kind
Agent,movie,"Action & Adventure, Mystery & Thriller, Action Thriller",2023.0,4.0,1k,SonyLIV,Indian,India,155.0,UA,https://www.justwatch.com/in/movie/agent
Spider-Man 2,movie,"Action & Adventure, Science-Fiction, Superhero",2004.0,7.5,788k,SonyLIV,International,United States,127.0,U,https://www.justwatch.com/in/movie/spider-man-2
The Angry Birds Movie 2,movie,"Action & Adventure, Animation, Comedy, Kids & Family, Made in Europe, Video Game, Family Animation",2019.0,6.4,42k,SonyLIV,International,"Finland, United States",97.0,U,https://www.justwatch.com/in/movie/the-angry-birds-movie-2
A Few Good Men,movie,"Drama, Mystery & Thriller, Courtroom",1992.0,7.8,318k,SonyLIV,International,United States,138.0,U,https://www.justwatch.com/in/movie/a-few-good-men
Rekhachithram,movie,"Crime, Drama, Mystery Thriller",2025.0,7.8,17k,SonyLIV,Indian,India,147.0,UA13+,https://www.justwatch.com/in/movie/rekhachithram
Everything Everywhere All at Once,movie,"Comedy, Drama, Fantasy, Science-Fiction, Action Adventure, Action Comedy",2022.0,7.7,648k,SonyLIV,International,United States,139.0,A,https://www.justwatch.com/in/movie/everything-everywhere-all-at-once
Jujutsu Kaisen 0,movie,"Action & Adventure, Animation, Fantasy, Classic Japanese Anime",2021.0,7.8,64k,SonyLIV,International,Japan,105.0,UA,https://www.justwatch.com/in/movie/jujutsu-kaisen-0-the-movie
Kalamkaval,movie,"Crime, Drama, Bollywood",2025.0,7.2,3k,SonyLIV,Indian,India,144.0,UA16+,https://www.justwatch.com/in/movie/kalamkaval
Men in Black,movie,"Action & Adventure, Comedy, Science-Fiction, Sci-Fi Comedy",1997.0,7.3,666k,SonyLIV,International,United States,94.0,UA,https://www.justwatch.com/in/movie/men-in-black
Call Me by Your Name,movie,"Drama, Romance, Made in Europe",2017.0,7.8,328k,SonyLIV,International,"Brazil, France, Italy, United States",132.0,UA,https://www.justwatch.com/in/movie/call-me-by-your-name
A Silent Voice: The Movie,movie,"Animation, Drama, Romance, Western Animation",2016.0,8.2,144k,SonyLIV,International,Japan,130.0,UA16+,https://www.justwatch.com/in/movie/a-silent-voice
Venom: Let There Be Carnage,movie,"Action & Adventure, Crime, Fantasy, Horror, Mystery & Thriller, Science-Fiction, No Superhero, Superhero",2021.0,5.9,305k,SonyLIV,International,United States,97.0,UA,https://www.justwatch.com/in/movie/venom-let-there-be-carnage
Venom,movie,"Action & Adventure, Science-Fiction, No Superhero, Superhero",2018.0,6.6,608k,SonyLIV,International,"China, United States",112.0,UA,https://www.justwatch.com/in/movie/venom-2018
The Karate Kid,movie,"Action & Adventure, Drama, Kids & Family, Sport, Martial Art",2010.0,6.3,227k,SonyLIV,International,"China, Hong Kong, United States",140.0,U,https://www.justwatch.com/in/movie/the-karate-kid
Laalo: Krishna Sada Sahaayate,movie,"Drama, Kids & Family, Bollywood",2025.0,8.1,2k,SonyLIV,Indian,India,135.0,UA13+,https://www.justwatch.com/in/movie/laalo-krishna-sada-sahaayate
Uncharted,movie,"Mystery & Thriller, Video Game, Action Adventure",2022.0,6.3,301k,SonyLIV,International,United States,116.0,UA,https://www.justwatch.com/in/movie/uncharted
The Other Guys,movie,"Action & Adventure, Comedy, Crime, Mystery & Thriller, Action Comedy",2010.0,6.7,310k,SonyLIV,International,United States,107.0,A,https://www.justwatch.com/in/movie/the-other-guys
The Da Vinci Code,movie,,2006.0,6.7,487k,SonyLIV,International,United States,149.0,A,https://www.justwatch.com/in/movie/the-da-vinci-code
Bhoothakaalam,movie,"Drama, Horror, Bollywood, Mystery Thriller",2022.0,7.4,5k,SonyLIV,Indian,India,105.0,UA,https://www.justwatch.com/in/movie/bhoothakaalam
The Blue Lagoon,movie,"Action & Adventure, Drama, Romance, Romantic Drama",1980.0,5.8,83k,SonyLIV,International,United States,104.0,A,https://www.justwatch.com/in/movie/the-blue-lagoon
Kadaisi Vivasayi,movie,"Drama, Dramedy",2022.0,8.7,10k,SonyLIV,Indian,India,145.0,U,https://www.justwatch.com/in/movie/kadaisi-vivasayi-2022
Captain Phillips,movie,"Action & Adventure, Crime, Drama, Mystery & Thriller, Based On A True Story",2013.0,7.8,520k,SonyLIV,International,United States,134.0,UA,https://www.justwatch.com/in/movie/captain-phillips
Demon Slayer -Kimetsu no Yaiba- The Movie: Mugen Train,movie,"Action & Adventure, Animation, Fantasy, Mystery & Thriller, Classic Japanese Anime",2020.0,8.2,101k,SonyLIV,International,Japan,117.0,UA,https://www.justwatch.com/in/movie/demon-slayer-kimetsu-no-yaiba-the-movie-mugen-train
Bougainvillea,movie,"Action & Adventure, Crime, Mystery & Thriller, Action Thriller",2024.0,6.4,3k,SonyLIV,Indian,India,138.0,UA,https://www.justwatch.com/in/movie/bougainvillea
Madhuram,movie,"Drama, Romance, Romantic Drama",2021.0,7.6,3k,SonyLIV,Indian,India,122.0,UA13+,https://www.justwatch.com/in/movie/madhuram-2021
Weathering with You,movie,"Animation, Drama, Fantasy, Romance, Western Animation",2019.0,7.5,70k,SonyLIV,International,Japan,111.0,UA13+,https://www.justwatch.com/in/movie/weathering-with-you
The Patriot,movie,"Action & Adventure, Drama, History, War & Military, War Drama, War Epics",2000.0,7.2,313k,SonyLIV,International,"Germany, United States",165.0,U,https://www.justwatch.com/in/movie/the-patriot
Erin Brockovich,movie,"Drama, Biopics",2000.0,7.5,247k,SonyLIV,International,United States,131.0,A,https://www.justwatch.com/in/movie/erin-brockovich
Black Hawk Down,movie,"Action & Adventure, Drama, History, War & Military, War Epics",2001.0,7.7,455k,SonyLIV,International,"United Kingdom, United States",145.0,UA,https://www.justwatch.com/in/movie/black-hawk-down
Salt,movie,"Action & Adventure, Mystery & Thriller, Spies, Action Thriller",2010.0,6.5,343k,SonyLIV,International,United States,100.0,UA,https://www.justwatch.com/in/movie/salt
Across the Universe,movie,"Drama, Fantasy, History, Music & Musical, Romance, Musical",2007.0,7.3,117k,SonyLIV,International,United States,,,https://www.justwatch.com/in/movie/across-the-universe
96,movie,"Drama, Romance, Romantic Drama",2018.0,8.5,45k,SonyLIV,Indian,India,159.0,U,https://www.justwatch.com/in/movie/96
Angels & Demons,movie,,2009.0,6.7,326k,SonyLIV,International,"Italy, United States",138.0,A,https://www.justwatch.com/in/movie/angels-and-demons
Salute,movie,"Action & Adventure, Crime, Drama, Mystery & Thriller, Action Thriller",2022.0,7.0,6k,SonyLIV,Indian,India,145.0,UA,https://www.justwatch.com/in/movie/salute-2022
Don't Breathe,movie,"Crime, Horror, Mystery & Thriller, Horror Thriller",2016.0,7.1,332k,SonyLIV,International,United States,89.0,A,https://www.justwatch.com/in/movie/dont-breathe
65,movie,"Action & Adventure, Drama, Mystery & Thriller, Science-Fiction, Sci-Fi Drama",2023.0,5.4,107k,SonyLIV,International,"Canada, United States",92.0,UA,https://www.justwatch.com/in/movie/65
Big Fish,movie,"Action & Adventure, Drama, Fantasy, Romance, Epic Fantasy, Modern Fantasy, Dramedy",2003.0,7.9,477k,SonyLIV,International,United States,125.0,U,https://www.justwatch.com/in/movie/big-fish
50 First Dates,movie,"Comedy, Drama, Romance, RomCom, Chick Flicks",2004.0,6.8,416k,SonyLIV,International,United States,99.0,UA,https://www.justwatch.com/in/movie/50-first-dates
Don't Breathe 2,movie,"Action & Adventure, Crime, Horror, Mystery & Thriller, Horror Thriller",2021.0,6.0,82k,SonyLIV,International,United States,98.0,UA,https://www.justwatch.com/in/movie/dont-breathe-2
Zombieland,movie,"Action & Adventure, Comedy, Horror, Horror Comedy, Zombie",2009.0,7.5,669k,SonyLIV,International,United States,88.0,A,https://www.justwatch.com/in/movie/zombieland
Churuli,movie,"Fantasy, Horror, Mystery & Thriller, Science-Fiction, Bollywood",2021.0,7.0,6k,SonyLIV,Indian,India,,,https://www.justwatch.com/in/movie/churuli
The Fabelmans,movie,"Drama, Emotional Drama",2022.0,7.5,135k,SonyLIV,Indian,"India, United States",151.0,UA,https://www.justwatch.com/in/movie/the-fabelmans
Saudi Vellakka,movie,"Drama, Bollywood",2022.0,8.0,2k,SonyLIV,Indian,India,146.0,U,https://www.justwatch.com/in/movie/saudi-vellakka
Journey of Love 18+,movie,"Comedy, Drama, Romance, Dramedy",2023.0,6.3,1k,SonyLIV,Indian,India,123.0,U,https://www.justwatch.com/in/movie/18-plus
Puzhu,movie,"Crime, Drama, Mystery & Thriller, Bollywood",2022.0,6.2,3k,SonyLIV,Indian,India,122.0,U,https://www.justwatch.com/in/movie/puzhu
Hook,movie,"Comedy, Fantasy, Kids & Family, Live Action, Action Adventure, Fairytale Fantasy",1991.0,6.8,292k,SonyLIV,International,United States,142.0,U,https://www.justwatch.com/in/movie/hook
The Adventures of Tintin,movie,"Animation, Kids & Family, Mystery & Thriller, Action Adventure, Family Animation",2011.0,7.3,255k,SonyLIV,International,"New Zealand, United States",107.0,U,https://www.justwatch.com/in/movie/the-adventures-of-tintin
Cobra,movie,"Action & Adventure, Crime, Mystery & Thriller, Action Thriller",2022.0,6.0,10k,SonyLIV,Indian,India,183.0,UA,https://www.justwatch.com/in/movie/cobra-2022
Thalavan,movie,"Crime, Drama, Mystery & Thriller, Bollywood",2024.0,7.2,7k,SonyLIV,Indian,India,133.0,UA,https://www.justwatch.com/in/movie/thalavan
Escape Room: Tournament of Champions,movie,"Action & Adventure, Horror, Science-Fiction, Mystery Thriller",2021.0,5.8,68k,SonyLIV,International,United States,88.0,UA,https://www.justwatch.com/in/movie/escape-room-tournament-of-champions
Baby Girl,movie,"Drama, Kids & Family, Mystery & Thriller, Emotional Drama",2026.0,5.9,3k,SonyLIV,Indian,India,125.0,UA7+,https://www.justwatch.com/in/movie/baby-girl
Big Daddy,movie,"Comedy, Drama, Made in Europe, Raunchy Comedy",1999.0,6.5,252k,SonyLIV,International,United States,93.0,U,https://www.justwatch.com/in/movie/big-daddy
Krrish 3,movie,"Action & Adventure, Science-Fiction, Bollywood",2013.0,5.4,28k,SonyLIV,Indian,India,152.0,U,https://www.justwatch.com/in/movie/krrish-3
Resident Evil: Retribution,movie,"Action & Adventure, Horror, Mystery & Thriller, Science-Fiction, Zombie, Video Game",2012.0,5.3,159k,SonyLIV,International,"Canada, Germany, United States",95.0,A,https://www.justwatch.com/in/movie/resident-evil-retribution
Suzume,movie,"Action & Adventure, Animation, Drama, Fantasy, Classic Japanese Anime",2022.0,7.6,63k,SonyLIV,International,Japan,122.0,UA7+,https://www.justwatch.com/in/movie/suzume-no-tojimari
American Underdog,movie,"Drama, Kids & Family, Romance, Sport, Sports Drama",2021.0,7.1,28k,SonyLIV,International,United States,112.0,UA7+,https://www.justwatch.com/in/movie/american-underdog
Bicentennial Man,movie,"Drama, Romance, Science-Fiction, Sci-Fi Drama",1999.0,6.9,134k,SonyLIV,International,"Germany, United States",131.0,UA,https://www.justwatch.com/in/movie/bicentennial-man
Almost Famous,movie,"Comedy, Drama, Music & Musical, Dramedy",2000.0,7.9,315k,SonyLIV,International,United States,124.0,UA,https://www.justwatch.com/in/movie/almost-famous
Resident Evil: The Final Chapter,movie,"Action & Adventure, Horror, Mystery & Thriller, Science-Fiction, Made in Europe, Post Apocalyptic World, Video Game",2016.0,5.5,108k,SonyLIV,International,"Canada, Germany, France, United States",107.0,UA,https://www.justwatch.com/in/movie/resident-evil-the-final-chapter
WWW,movie,"Drama, Mystery & Thriller, Science-Fiction, Sci-Fi Drama, Bollywood",2021.0,,,SonyLIV,Indian,India,103.0,UA,https://www.justwatch.com/in/movie/www
Zombieland: Double Tap,movie,"Action & Adventure, Comedy, Horror",2019.0,6.6,226k,SonyLIV,International,United States,99.0,A,https://www.justwatch.com/in/movie/zombieland-double-tap
Maanaadu,movie,"Action & Adventure, Mystery & Thriller, Science-Fiction, Action Thriller",2021.0,8.1,27k,SonyLIV,Indian,India,147.0,UA,https://www.justwatch.com/in/movie/maanaadu
The Woman King,movie,"Action & Adventure, Drama, History, War & Military, Based On A True Story",2022.0,6.9,83k,SonyLIV,International,"Canada, United States",135.0,UA,https://www.justwatch.com/in/movie/the-woman-king
"Crouching Tiger, Hidden Dragon",movie,"Action & Adventure, Drama, Fantasy, Romance, Martial Art",2000.0,7.9,295k,SonyLIV,International,"China, Hong Kong, Taiwan, United States",120.0,UA,https://www.justwatch.com/in/movie/crouching-tiger-hidden-dragon
Escape Room,movie,"Action & Adventure, Horror, Mystery & Thriller, Science-Fiction, Psychological Thriller",2019.0,6.4,145k,SonyLIV,International,United States,99.0,A,https://www.justwatch.com/in/movie/escape-room
Race Gurram,movie,"Action & Adventure, Comedy, Action Comedy",2014.0,7.3,12k,SonyLIV,Indian,India,162.0,UA,https://www.justwatch.com/in/movie/race-gurram
The Whale,movie,"Drama, Emotional Drama",2022.0,7.6,300k,SonyLIV,International,United States,117.0,A,https://www.justwatch.com/in/movie/the-whale
Pixels,movie,"Action & Adventure, Comedy, Fantasy, Mystery & Thriller, Science-Fiction, Sci-Fi Comedy, Video Game",2015.0,5.6,180k,SonyLIV,Indian,"China, France, India, United States",106.0,UA,https://www.justwatch.com/in/movie/pixels
5 Centimeters per Second,movie,"Animation, Drama, Kids & Family, Romance, Classic Japanese Anime",2007.0,7.4,71k,SonyLIV,International,Japan,63.0,U,https://www.justwatch.com/in/movie/5-centimeters-per-second
Pineapple Express,movie,"Action & Adventure, Comedy, Crime, Raunchy Comedy",2008.0,6.9,373k,SonyLIV,International,United States,112.0,A,https://www.justwatch.com/in/movie/pineapple-express
Where the Crawdads Sing,movie,"Drama, Romance, Mystery Thriller",2022.0,7.2,159k,SonyLIV,International,United States,126.0,UA,https://www.justwatch.com/in/movie/where-the-crawdads-sing
Turbo,movie,"Action & Adventure, Comedy, Drama, Action Comedy",2024.0,,,SonyLIV,Indian,India,150.0,UA,https://www.justwatch.com/in/movie/turbo-2024
The Wedding Ringer,movie,"Comedy, Romance, Raunchy Comedy",2015.0,6.6,85k,SonyLIV,International,United States,101.0,A,https://www.justwatch.com/in/movie/the-wedding-ringer
Morbius,movie,"Action & Adventure, Fantasy, Horror, Mystery & Thriller, Science-Fiction, SciFi Horror",2022.0,5.1,157k,SonyLIV,International,United States,105.0,UA,https://www.justwatch.com/in/movie/morbius
Little Women,movie,"Drama, Romance, Period Drama",2019.0,7.8,285k,SonyLIV,International,United States,135.0,U,https://www.justwatch.com/in/movie/little-women-2019
Cloudy with a Chance of Meatballs 2,movie,"Animation, Comedy, Fantasy, Kids & Family, Science-Fiction, Family Animation",2013.0,6.3,126k,SonyLIV,International,United States,95.0,U,https://www.justwatch.com/in/movie/cloudy-with-a-chance-of-meatballs-2
Mirage,movie,,2025.0,,,SonyLIV,Indian,India,150.0,UA,https://www.justwatch.com/in/movie/mirage-2025
Kadakh,movie,"Comedy, Crime, Drama, Dramedy, Mystery Thriller",2020.0,6.9,2k,SonyLIV,Indian,India,108.0,UA,https://www.justwatch.com/in/movie/kadakh
Kanam,movie,"Drama, Mystery & Thriller, Science-Fiction, Sci-Fi Drama",2022.0,7.8,3k,SonyLIV,Indian,India,154.0,U,https://www.justwatch.com/in/movie/kanam
Lucifer,movie,"Action & Adventure, Crime, Drama, Mystery & Thriller, Action Thriller",2019.0,7.5,16k,SonyLIV,Indian,India,174.0,UA,https://www.justwatch.com/in/movie/lucifer
The Shallows,movie,"Action & Adventure, Drama, Horror, Mystery & Thriller, Horror Thriller",2016.0,6.3,146k,SonyLIV,International,"Australia, Spain, United States",86.0,A,https://www.justwatch.com/in/movie/the-shallows
Triangle of Sadness,movie,"Comedy, Drama, Dramedy",2022.0,7.2,217k,SonyLIV,International,"Switzerland, Germany, Denmark, France, United Kingdom, Greece, Mexico, Sweden, Turkey, United States",147.0,A,https://www.justwatch.com/in/movie/triangle-of-sadness
The 5th Wave,movie,"Action & Adventure, Mystery & Thriller, Science-Fiction, Young Adult Dystopia",2016.0,5.2,126k,SonyLIV,International,United States,112.0,UA,https://www.justwatch.com/in/movie/the-5th-wave
Peter Rabbit,movie,"Action & Adventure, Animation, Comedy, Drama, Fantasy, Kids & Family, Live Action, Action Comedy",2018.0,6.6,53k,SonyLIV,International,"Australia, United States",93.0,U,https://www.justwatch.com/in/movie/peter-rabbit
Maranamass,movie,"Comedy, Crime, Mystery & Thriller, Dramedy",2025.0,,,SonyLIV,Indian,India,139.0,UA16+,https://www.justwatch.com/in/movie/maranamass
Death at a Funeral,movie,"Comedy, Drama, Raunchy Comedy",2010.0,5.7,57k,SonyLIV,International,United States,92.0,UA16+,https://www.justwatch.com/in/movie/death-at-a-funeral
As Good as It Gets,movie,"Comedy, Drama, Romance, RomCom, Dramedy, Romantic Drama",1997.0,7.7,338k,SonyLIV,International,United States,139.0,U,https://www.justwatch.com/in/movie/as-good-as-it-gets
2018,movie,"Action & Adventure, Drama, Mystery Thriller",2023.0,8.3,16k,SonyLIV,Indian,India,150.0,UA,https://www.justwatch.com/in/movie/2018-2023
Sleepless,movie,"Action & Adventure, Crime, Drama, Mystery & Thriller, War & Military, Action Thriller",2017.0,5.6,36k,SonyLIV,International,"United Kingdom, United States",95.0,A,https://www.justwatch.com/in/movie/sleepless
Alappuzha Gymkhana,movie,"Action & Adventure, Comedy, Drama, Dramedy, Action Comedy",2025.0,6.7,5k,SonyLIV,Indian,India,140.0,UA7+,https://www.justwatch.com/in/movie/alappuzha-gymkhana
Gargi,movie,"Drama, Mystery & Thriller, Bollywood",2022.0,8.1,8k,SonyLIV,Indian,India,137.0,U,https://www.justwatch.com/in/movie/gargi
Oh My Kadavule,movie,"Comedy, Fantasy, Romance, RomCom",2020.0,8.0,6k,SonyLIV,Indian,India,154.0,UA,https://www.justwatch.com/in/movie/oh-my-kadavule
Revolver Rani,movie,"Action & Adventure, Comedy, Crime, Drama, Romance, Action Comedy",2014.0,4.6,2k,SonyLIV,Indian,India,132.0,UA,https://www.justwatch.com/in/movie/revolver-rani
Ghostbusters,movie,"Action & Adventure, Comedy, Fantasy, Science-Fiction, Sci-Fi Comedy, Chick Flicks, Action Comedy",2016.0,6.8,249k,SonyLIV,International,United States,116.0,UA,https://www.justwatch.com/in/movie/ghostbusters
Dedh Ishqiya,movie,"Comedy, Drama, Mystery & Thriller, Romance, Bollywood",2014.0,7.0,7k,SonyLIV,Indian,India,152.0,UA,https://www.justwatch.com/in/movie/dedh-ishqiya
Ghostbusters: Afterlife,movie,"Comedy, Fantasy, Science-Fiction, Sci-Fi Comedy, Modern Fantasy",2021.0,7.0,241k,SonyLIV,International,"Canada, United States",124.0,UA,https://www.justwatch.com/in/movie/ghostbusters-afterlife
Episode 2,movie,,2005.0,,,SonyLIV,International,United Kingdom,,,https://www.justwatch.com/in/movie/episode-2
Varudu Kaavalenu,movie,"Drama, Romance, Bollywood",2021.0,6.4,1k,SonyLIV,Indian,India,133.0,UA,https://www.justwatch.com/in/movie/varudu-kaavalenu
Eesho,movie,"Drama, Mystery & Thriller, Bollywood",2022.0,,,SonyLIV,Indian,India,107.0,UA,https://www.justwatch.com/in/movie/eesho
A League of Their Own,movie,"Comedy, Drama, Sport, Sport Comedy, Chick Flicks, Sports Drama",1992.0,7.4,130k,SonyLIV,International,United States,128.0,U,https://www.justwatch.com/in/movie/a-league-of-their-own
Roy,movie,"Drama, Mystery & Thriller, Bollywood",2022.0,,,SonyLIV,Indian,India,126.0,UA16+,https://www.justwatch.com/in/movie/roy-2022
Bad Boys for Life,movie,"Action & Adventure, Comedy, Crime, Mystery & Thriller, Action Comedy, Action Thriller",2020.0,6.5,197k,SonyLIV,International,United States,124.0,A,https://www.justwatch.com/in/movie/bad-boys-for-life
Quarantine,movie,"Comedy, Drama, Horror, Mystery & Thriller, Science-Fiction, Found Footage",2008.0,6.0,83k,SonyLIV,International,"Spain, United States",89.0,A,https://www.justwatch.com/in/movie/quarantine
Aadavaallu Meeku Johaarlu,movie,"Comedy, Drama, Kids & Family, Romance, Bollywood",2022.0,6.0,3k,SonyLIV,Indian,India,139.0,U,https://www.justwatch.com/in/movie/aadavaallu-meeku-johaarlu
Insidious: The Last Key,movie,"Documentary, Horror, Mystery & Thriller, Paranormal",2018.0,5.7,80k,SonyLIV,International,United States,103.0,A,https://www.justwatch.com/in/movie/insidious-chapter-4
Dragon Ball Super: Super Hero,movie,"Action & Adventure, Animation, Fantasy, Science-Fiction, Classic Japanese Anime",2022.0,7.1,15k,SonyLIV,International,Japan,100.0,UA,https://www.justwatch.com/in/movie/dragon-ball-super-super-hero-2022
Christy,movie,"Comedy, Drama, Romance, Bollywood",2023.0,4.9,2k,SonyLIV,Indian,India,140.0,U,https://www.justwatch.com/in/movie/christy
Philadelphia,movie,"Drama, Courtroom",1993.0,7.7,274k,SonyLIV,International,United States,126.0,UA,https://www.justwatch.com/in/movie/philadelphia
"Toh, Ti Ani Fuji",movie,"Drama, Romance, Romantic Drama",2026.0,,,SonyLIV,Indian,India,134.0,UA16+,https://www.justwatch.com/in/movie/toh-ti-ani-fuji
Men in Black 3,movie,"Action & Adventure, Comedy, Science-Fiction, Sci-Fi Comedy, Action Comedy",2012.0,6.8,412k,SonyLIV,International,"United Arab Emirates, United States",106.0,UA,https://www.justwatch.com/in/movie/men-in-black-3
Ab Tak Chhappan 2,movie,"Action & Adventure, Crime, Mystery & Thriller, Action Thriller",2015.0,5.8,1k,SonyLIV,Indian,India,106.0,UA,https://www.justwatch.com/in/movie/ab-tak-chhappan-2
Peter Rabbit 2: The Runaway,movie,"Animation, Comedy, Drama, Fantasy, Kids & Family, Live Action",2021.0,6.2,17k,SonyLIV,International,"Australia, United States",93.0,U,https://www.justwatch.com/in/movie/peter-rabbit-2-the-runaway
Narivetta,movie,"Action & Adventure, Drama, Mystery & Thriller, Action Thriller",2025.0,6.5,3k,SonyLIV,Indian,India,139.0,UA16+,https://www.justwatch.com/in/movie/narivetta
DJ Tillu,movie,"Action & Adventure, Comedy, Crime, Mystery & Thriller, Romance, RomCom",2022.0,7.2,4k,SonyLIV,Indian,India,121.0,UA,https://www.justwatch.com/in/movie/dj-tillu
Soorma,movie,"Drama, Sport, Bollywood",2018.0,7.3,6k,SonyLIV,Indian,"India, United States",131.0,U,https://www.justwatch.com/in/movie/soorma
Inferno,movie,"Crime, Drama, Mystery & Thriller, Action Adventure",2016.0,6.2,202k,SonyLIV,International,United States,122.0,UA,https://www.justwatch.com/in/movie/inferno
Adiyae!,movie,"Comedy, Romance, Science-Fiction, RomCom, Sci-Fi Comedy, Bollywood",2023.0,6.3,1k,SonyLIV,Indian,India,139.0,UA,https://www.justwatch.com/in/movie/adiyae
War Room,movie,"Drama, Emotional Drama",2015.0,6.5,17k,SonyLIV,International,United States,120.0,UA,https://www.justwatch.com/in/movie/war-room
Varshangalkku Shesham,movie,"Comedy, Drama, Romance, Bollywood, Dramedy",2024.0,6.6,5k,SonyLIV,Indian,India,166.0,U,https://www.justwatch.com/in/movie/varshangalkku-shesham
The Garden of Words,movie,"Animation, Drama, Romance, Classic Japanese Anime",2013.0,7.4,60k,SonyLIV,International,Japan,45.0,U,https://www.justwatch.com/in/movie/the-garden-of-words
Seven Pounds,movie,"Drama, Mystery & Thriller, Emotional Drama",2008.0,7.6,326k,SonyLIV,International,United States,123.0,A,https://www.justwatch.com/in/movie/seven-pounds
Terminator Salvation,movie,"Action & Adventure, Mystery & Thriller, Science-Fiction, Tech Noir",2009.0,6.5,393k,SonyLIV,International,United States,115.0,UA,https://www.justwatch.com/in/movie/terminator-salvation
Bachelor,movie,"Drama, Emotional Drama, Bollywood",2021.0,6.0,2k,SonyLIV,Indian,India,175.0,A,https://www.justwatch.com/in/movie/bachelor
Whitney Houston: I Wanna Dance with Somebody,movie,"Drama, Music & Musical, Music Biopics",2022.0,6.6,27k,SonyLIV,International,United States,144.0,UA13+,https://www.justwatch.com/in/movie/i-wanna-dance-with-somebody
Aamis,movie,"Drama, Fantasy, Horror, Romance, Dark Fantasy",2019.0,7.7,4k,SonyLIV,Indian,India,107.0,UA,https://www.justwatch.com/in/movie/ravening
My Best Friend's Wedding,movie,"Comedy, Drama, Romance, RomCom, Chick Flicks",1997.0,6.4,167k,SonyLIV,International,United States,105.0,UA,https://www.justwatch.com/in/movie/my-best-friends-wedding
Toby,movie,"Action & Adventure, Crime, Drama, Mystery & Thriller, Bollywood",2023.0,7.2,3k,SonyLIV,Indian,India,,,https://www.justwatch.com/in/movie/toby
In This Corner of the World,movie,"Animation, Drama, History, Kids & Family, War & Military, Classic Japanese Anime",2016.0,7.8,12k,SonyLIV,International,Japan,130.0,U,https://www.justwatch.com/in/movie/in-this-corner-of-the-world
Darna Zaroori Hai,movie,"Comedy, Drama, Horror, Mystery & Thriller",2006.0,5.5,2k,SonyLIV,Indian,India,108.0,A,https://www.justwatch.com/in/movie/darna-zaroori-hai
Love Life,movie,"Drama, Emotional Drama",2022.0,6.9,2k,SonyLIV,International,"France, Japan",,,https://www.justwatch.com/in/movie/love-life-2022
Monster Hunter,movie,"Fantasy, Video Game, Action Adventure",2020.0,5.2,75k,SonyLIV,International,"Canada, China, Germany, Japan",104.0,UA,https://www.justwatch.com/in/movie/monster-hunter-2020
Mubarakan,movie,"Comedy, Drama, Romance, RomCom, Bollywood",2017.0,5.6,4k,SonyLIV,Indian,India,156.0,UA,https://www.justwatch.com/in/movie/mubarakan
Bromance,movie,"Action & Adventure, Comedy, Drama, Bollywood, Action Comedy, Like, Dislike, Watchlist, Seen, Sign in, to sync Watchlist",2025.0,5.4,1k,SonyLIV,Indian,India,150.0,UA13+,https://www.justwatch.com/in/movie/bromance-2025
"Like, Share & Subscribe",movie,"Action & Adventure, Comedy, Drama, Bollywood, Action Comedy",2022.0,,,SonyLIV,Indian,India,134.0,UA,https://www.justwatch.com/in/movie/like-share-and-subscribe
Mumbai Express,movie,"Action & Adventure, Comedy, Crime, Drama, Action Comedy",2005.0,6.1,1k,SonyLIV,Indian,India,145.0,U,https://www.justwatch.com/in/movie/mumbai-express
Surf's Up,movie,"Animation, Comedy, Kids & Family, Sport, Family Animation",2007.0,6.7,102k,SonyLIV,International,United States,85.0,U,https://www.justwatch.com/in/movie/surfs-up
Azhar,movie,"Drama, Sport, Sports Drama",2016.0,5.7,6k,SonyLIV,Indian,India,130.0,A,https://www.justwatch.com/in/movie/azhar
Firangi,movie,"Comedy, Drama, Bollywood, Dramedy",2017.0,4.3,1k,SonyLIV,Indian,India,153.0,UA7+,https://www.justwatch.com/in/movie/firangi
Children Who Chase Lost Voices,movie,"Animation, Drama, Fantasy, Kids & Family, Classic Japanese Anime",2011.0,7.1,18k,SonyLIV,International,Japan,116.0,U,https://www.justwatch.com/in/movie/children-who-chase-lost-voices
Te3n,movie,"Crime, Drama, Mystery Thriller",2016.0,7.2,13k,SonyLIV,Indian,"India, South Korea",136.0,UA,https://www.justwatch.com/in/movie/te3n
"Lyle, Lyle, Crocodile",movie,"Comedy, Fantasy, Kids & Family, Music & Musical, Family Animation",2022.0,6.1,18k,SonyLIV,International,"United Kingdom, Italy, United States",106.0,U,https://www.justwatch.com/in/movie/lyle-lyle-crocodile
Farhana,movie,"Drama, Mystery & Thriller, Emotional Drama",2023.0,,,SonyLIV,Indian,India,140.0,UA,https://www.justwatch.com/in/movie/farhana
The Longest Yard,movie,"Comedy, Crime, Drama, Sport, Sport Comedy, Action Comedy",2005.0,6.4,212k,SonyLIV,International,United States,113.0,UA,https://www.justwatch.com/in/movie/the-longest-yard
Maari 2,movie,"Action & Adventure, Comedy, Bollywood",2018.0,5.7,4k,SonyLIV,Indian,India,150.0,UA,https://www.justwatch.com/in/movie/maari-2
Shikshanachya Aaicha Gho!,movie,"Comedy, Drama, Dramedy",2010.0,,,SonyLIV,Indian,India,103.0,UA16+,https://www.justwatch.com/in/movie/shikshanachya-aaicha-gho
Hawa,movie,Drama,2022.0,,,SonyLIV,International,Where does Hawa rank today?,,,https://www.justwatch.com/in/movie/hawa-2022-1
Jodi,movie,"Action & Adventure, Drama, Romance, Bollywood, Romantic Drama",2019.0,,,SonyLIV,Indian,India,140.0,U,https://www.justwatch.com/in/movie/jodi-2019
Bulandi,movie,"Action & Adventure, Drama",2000.0,,,SonyLIV,Indian,India,175.0,U,https://www.justwatch.com/in/movie/bulandi
Chaaver,movie,"Action & Adventure, Crime, Mystery & Thriller, Bollywood, Action Thriller",2023.0,6.2,2k,SonyLIV,Indian,India,128.0,UA,https://www.justwatch.com/in/movie/chaaver
Magnet,movie,"Drama, Mystery & Thriller, Emotional Drama",2018.0,,,SonyLIV,Indian,India,118.0,UA,https://www.justwatch.com/in/movie/lottery
Black Butler: Book of the Atlantic,movie,"Action & Adventure, Animation, Fantasy, Horror, Classic Japanese Anime",2017.0,7.6,2k,SonyLIV,International,Japan,,,https://www.justwatch.com/in/movie/black-butler-book-of-the-atlantic
Aavasavyuham: The Arbit Documentation of an Amphibian Hunt,movie,"Mystery & Thriller, Science-Fiction, Bollywood",2022.0,,,SonyLIV,Indian,India,114.0,UA,https://www.justwatch.com/in/movie/aavasavyuham
Pravinkoodu Shappu,movie,"Crime, Mystery Thriller",2025.0,6.6,3k,SonyLIV,Indian,India,146.0,UA16+,https://www.justwatch.com/in/movie/pravinkoodu-shappu
The Killer,movie,"Action & Adventure, Crime, Mystery & Thriller, Action Thriller",2022.0,6.7,5k,SonyLIV,International,South Korea,,,https://www.justwatch.com/in/movie/jugeodo-doeneun-ai
Broker,movie,"Comedy, Crime, Drama, Emotional Drama",2022.0,7.1,20k,SonyLIV,International,South Korea,129.0,A,https://www.justwatch.com/in/movie/broker-2022
Mehandi Circus,movie,"Drama, Bollywood",2019.0,,,SonyLIV,Indian,India,135.0,U,https://www.justwatch.com/in/movie/mehandi-circus
F3: Fun and Frustration,movie,"Comedy, Kids & Family, Romance, Bollywood",2022.0,4.7,2k,SonyLIV,Indian,India,148.0,U,https://www.justwatch.com/in/movie/f3-fun-and-frustration
Me Shivajiraje Bhosale Boltoy,movie,"Drama, Emotional Drama",2009.0,8.0,2k,SonyLIV,Indian,India,141.0,U,https://www.justwatch.com/in/movie/me-shivajiraje-bhosale-boltoy-2009
Family Drama,movie,"Drama, Mystery & Thriller, Bollywood",2021.0,,,SonyLIV,Indian,India,124.0,A,https://www.justwatch.com/in/movie/family-drama
King of Thorn,movie,"Animation, Fantasy, Horror, Mystery & Thriller, Science-Fiction, Classic Japanese Anime",2010.0,6.3,3k,SonyLIV,International,Japan,,,https://www.justwatch.com/in/movie/king-of-thorn
Orey Bujjiga,movie,"Drama, Romance, Bollywood",2020.0,,,SonyLIV,Indian,India,164.0,UA,https://www.justwatch.com/in/movie/orey-bujjiga
Sabhaapathy,movie,"Comedy, Drama",2021.0,5.7,2k,SonyLIV,Indian,India,123.0,U,https://www.justwatch.com/in/movie/sabhaapathy
Fatafati,movie,"Drama, Emotional Drama, Bollywood",2023.0,7.2,1k,SonyLIV,Indian,India,131.0,U,https://www.justwatch.com/in/movie/fatafati
Kadina Kadoramee Andakadaham,movie,"Comedy, Drama, Kids & Family, Bollywood, Dramedy",2023.0,6.4,2k,SonyLIV,Indian,India,120.0,U,https://www.justwatch.com/in/movie/kadina-kadoramee-andakadaham
Wonder Women,movie,"Drama, Emotional Drama",2022.0,,,SonyLIV,Indian,India,80.0,UA,https://www.justwatch.com/in/movie/wonder-women-2022
Enemy,movie,"Action & Adventure, Mystery & Thriller, Action Thriller",2021.0,,,SonyLIV,Indian,India,159.0,UA,https://www.justwatch.com/in/movie/enemy-2021
Check,movie,"Crime, Mystery & Thriller",2021.0,,,SonyLIV,Indian,India,,,https://www.justwatch.com/in/movie/check
Ramarao On Duty,movie,"Action & Adventure, Crime, Drama, Mystery & Thriller, Bollywood",2022.0,5.0,1k,SonyLIV,Indian,"India, United States",150.0,UA,https://www.justwatch.com/in/movie/rama-rao-on-duty
Homecoming,movie,"Drama, Horror, Mystery & Thriller, Horror Thriller",2009.0,5.3,4k,SonyLIV,International,United States,,,https://www.justwatch.com/in/movie/homecoming-2009
Pailwaan,movie,"Action & Adventure, Drama, Sport, Sports Drama",2019.0,6.2,2k,SonyLIV,Indian,India,166.0,UA,https://www.justwatch.com/in/movie/pehlwaan
Kothanodi: The River of Fables,movie,"Fantasy, Horror, Mystery & Thriller, Dark Fantasy",2015.0,,,SonyLIV,Indian,India,120.0,U,https://www.justwatch.com/in/movie/kothanodi
"To Me, the One Who Loved You",movie,"Animation, Fantasy, Romance, Science-Fiction, Classic Japanese Anime",2022.0,7.0,1k,SonyLIV,International,Japan,,,https://www.justwatch.com/in/movie/kimi-o-aishita-hitori-no-boku-e
Seththumaan,movie,Drama,2022.0,,,SonyLIV,Indian,India,117.0,U,https://www.justwatch.com/in/movie/seththumaan
Chhalle Mundiyan,movie,"Comedy, Romance, Bollywood",2022.0,,,SonyLIV,Indian,India,111.0,UA16+,https://www.justwatch.com/in/movie/chhalle-mundiyan
Alpha Adimai,movie,Mystery & Thriller,2021.0,,,SonyLIV,Indian,India,89.0,S,https://www.justwatch.com/in/movie/alpha-adimai
Pebbles,movie,"Drama, Emotional Drama",2021.0,7.0,1k,SonyLIV,Indian,India,,,https://www.justwatch.com/in/movie/pebbles
Innale Vare,movie,"Drama, Mystery & Thriller",2022.0,,,SonyLIV,Indian,India,136.0,UA,https://www.justwatch.com/in/movie/innale-vare
Purusha Pretham,movie,"Comedy, Crime, Drama, Bollywood",2023.0,7.2,1k,SonyLIV,Indian,India,152.0,UA16+,https://www.justwatch.com/in/movie/purusha-pretham
Aaviri,movie,"Drama, Mystery & Thriller, Bollywood",2019.0,,,SonyLIV,Indian,India,113.0,UA,https://www.justwatch.com/in/movie/aaviri
The Smurfs 2,movie,"Animation, Comedy, Fantasy, Kids & Family, Family Animation",2013.0,5.3,50k,SonyLIV,International,"Belgium, Canada, United States",105.0,U,https://www.justwatch.com/in/movie/the-smurfs-2
Pyaar Kiya Nahin Jaata,movie,"Drama, Romance",2003.0,,,SonyLIV,Indian,India,,,https://www.justwatch.com/in/movie/pyaar-kiya-nahin-jaata
Charusheela,movie,"Mystery & Thriller, Like, Dislike, Watchlist, Seen, Sign in, to sync Watchlist",2016.0,,,SonyLIV,International,Cast,,,https://www.justwatch.com/in/movie/charusheela
Robotech: The Shadow Chronicles,movie,"Action & Adventure, Animation, Science-Fiction, Western Animation",2006.0,6.3,1k,SonyLIV,International,United States,,,https://www.justwatch.com/in/movie/robotech-the-shadow-chronicles
Sivaranjiniyum Innum Sila Pengalum,movie,"Drama, Bollywood",2021.0,,,SonyLIV,Indian,India,112.0,U,https://www.justwatch.com/in/movie/sivaranjiniyum-innum-sila-pengalum
Ab Tak Chhappan,movie,"Crime, Drama, Bollywood",2004.0,7.8,10k,SonyLIV,Indian,India,129.0,A,https://www.justwatch.com/in/movie/ab-tak-chhappan
Valu,movie,Comedy,2008.0,,,SonyLIV,Indian,India,123.0,UA,https://www.justwatch.com/in/movie/the-wild-bull
Seeru,movie,"Action & Adventure, Drama, Bollywood",2020.0,,,SonyLIV,Indian,India,124.0,UA,https://www.justwatch.com/in/movie/seeru
Lorni - The Flaneur,movie,"Crime, Mystery & Thriller",2019.0,,,SonyLIV,Indian,India,107.0,UA16+,https://www.justwatch.com/in/movie/lorni-the-flaneur
Poster Boys,movie,"Comedy, Bollywood",2017.0,5.4,1k,SonyLIV,Indian,"India, United States",128.0,UA,https://www.justwatch.com/in/movie/poster-boys
The Place Promised in Our Early Days,movie,"Action & Adventure, Animation, Drama, Romance, Science-Fiction, Classic Japanese Anime",2004.0,6.9,15k,SonyLIV,International,Japan,90.0,U,https://www.justwatch.com/in/movie/the-place-promised-in-our-early-days
Fate/Grand Order: First Order,movie,"Action & Adventure, Animation, Fantasy, Classic Japanese Anime",2016.0,5.8,1k,SonyLIV,International,Japan,,,https://www.justwatch.com/in/movie/fate-grand-order-first-order
Journey to Bethlehem,movie,"Drama, Kids & Family, Romance, Holiday, Musical, Religious Drama",2023.0,6.4,2k,SonyLIV,International,United States,,,https://www.justwatch.com/in/movie/journey-to-bethlehem
Priyuraalu,movie,"Drama, Romance",2021.0,,,SonyLIV,Indian,India,114.0,UA,https://www.justwatch.com/in/movie/priyuraalu
Raghu CNG,movie,"Crime, Mystery & Thriller",2019.0,,,SonyLIV,Indian,India,,,https://www.justwatch.com/in/movie/raghu-cng
Phantom,movie,"Action & Adventure, Crime, History, Mystery & Thriller, Action Thriller",2023.0,6.2,1k,SonyLIV,International,South Korea,,,https://www.justwatch.com/in/movie/phantom-2023
Bade Achhe Lagte Hai,movie,"Crime, Dark Crime",2017.0,,,SonyLIV,Indian,India,,,https://www.justwatch.com/in/movie/bade-achhe-lagte-hai
To Every You I've Loved Before,movie,"Animation, Fantasy, Romance, Science-Fiction, Classic Japanese Anime",2022.0,7.0,1k,SonyLIV,International,Japan,,,https://www.justwatch.com/in/movie/boku-ga-aishita-subete-no-kimi-e
Sword Art Online the Movie: Ordinal Scale,movie,"Action & Adventure, Animation, Fantasy, Science-Fiction, Classic Japanese Anime",2017.0,7.3,10k,SonyLIV,International,Japan,,,https://www.justwatch.com/in/movie/sword-art-online-the-movie-ordinal-scale
Morya,movie,"Drama, Emotional Drama, Bollywood",2011.0,,,SonyLIV,Indian,India,19.0,UA16+,https://www.justwatch.com/in/movie/morya
Dillagi,movie,"Drama, Comedy, Romance",1978.0,,,SonyLIV,Indian,India,,,https://www.justwatch.com/in/movie/dillagi-1978
Maacher Jhol,movie,"Drama, Kids & Family, Made in Europe",2017.0,,,SonyLIV,Indian,"France, India",108.0,UA,https://www.justwatch.com/in/movie/maacher-jhol
The Intruder,movie,"Horror, Mystery & Thriller, Made in Europe, Psychological Thriller",2019.0,5.6,21k,SonyLIV,International,United States,102.0,A,https://www.justwatch.com/in/movie/the-intruder
Pitruroon,movie,"Drama, Kids & Family, Romance",2013.0,,,SonyLIV,Indian,India,,,https://www.justwatch.com/in/movie/pitruroon
Gullak,show,"Comedy, Drama, Kids & Family, Bollywood, Dramedy",2019.0,9.1,31k,SonyLIV,Indian,India,31.0,UA13+,https://www.justwatch.com/in/tv-show/gullak
Undekhi,show,"Crime, Drama, Bollywood",2020.0,,,SonyLIV,Indian,India,38.0,A,https://www.justwatch.com/in/tv-show/undekhi
Jujutsu Kaisen,show,"Action & Adventure, Animation, Fantasy, Mystery & Thriller, Science-Fiction, Classic Japanese Anime",2020.0,8.5,211k,SonyLIV,International,"Japan, United States",24.0,UA16+,https://www.justwatch.com/in/tv-show/jujutsu-kaisen
One Piece,show,"Action & Adventure, Animation, Comedy, Drama, Fantasy, Classic Japanese Anime",1999.0,9.0,357k,SonyLIV,International,Japan,23.0,UA16+,https://www.justwatch.com/in/tv-show/one-piece
Mushoku Tensei: Jobless Reincarnation,show,"Action & Adventure, Animation, Drama, Fantasy, Science-Fiction, Classic Japanese Anime",2021.0,8.2,39k,SonyLIV,International,Japan,24.0,UA16+,https://www.justwatch.com/in/tv-show/mushoku-tensei-jobless-reincarnation
Dr. STONE,show,"Action & Adventure, Animation, Science-Fiction, Classic Japanese Anime",2019.0,8.1,43k,SonyLIV,International,Japan,24.0,UA13+,https://www.justwatch.com/in/tv-show/dr-stone
Naruto Shippūden,show,"Action & Adventure, Animation, Comedy, Drama, Fantasy, Science-Fiction, Classic Japanese Anime",2007.0,8.7,224k,SonyLIV,International,Japan,22.0,U,https://www.justwatch.com/in/tv-show/naruto-shippuden
Black Clover,show,"Action & Adventure, Animation, Comedy, Drama, Fantasy, Kids & Family, Mystery & Thriller, Science-Fiction, Classic Japanese Anime",2017.0,8.2,49k,SonyLIV,International,Japan,23.0,UA13+,https://www.justwatch.com/in/tv-show/black-clover
Naruto,show,"Action & Adventure, Animation, Comedy, Fantasy, Science-Fiction, Classic Japanese Anime",2002.0,8.4,169k,SonyLIV,International,Japan,23.0,UA16+,https://www.justwatch.com/in/tv-show/naruto
Solo Leveling,show,"Action & Adventure, Animation, Fantasy, Science-Fiction, Classic Japanese Anime",2024.0,8.5,114k,SonyLIV,International,"Japan, South Korea",,,https://www.justwatch.com/in/tv-show/solo-leveling-2024
Classroom of the Elite,show,"Animation, Drama, Mystery & Thriller, Classic Japanese Anime",2017.0,7.7,25k,SonyLIV,International,Japan,23.0,UA16+,https://www.justwatch.com/in/tv-show/classroom-of-the-elite
Kimetsu no Yaiba,show,"Action & Adventure, Animation, Fantasy, Mystery & Thriller, Science-Fiction, Classic Japanese Anime",2019.0,8.6,229k,SonyLIV,International,Japan,26.0,A,https://www.justwatch.com/in/tv-show/demon-slayer-kimetsu-no-yaiba
Wistoria: Wand and Sword,show,"Action & Adventure, Animation, Drama, Fantasy, Science-Fiction, Classic Japanese Anime",2024.0,7.7,6k,SonyLIV,International,Japan,23.0,A,https://www.justwatch.com/in/tv-show/wistoria-wand-and-sword
Scam 1992: The Harshad Mehta Story,show,"Crime, Drama, Mystery & Thriller, Bollywood",2020.0,9.2,159k,SonyLIV,Indian,India,52.0,U,https://www.justwatch.com/in/tv-show/scam-1992
Tensei Shitara Suraimu Datta Ken,show,"Action & Adventure, Animation, Comedy, Fantasy, Science-Fiction, Classic Japanese Anime",2018.0,8.0,25k,SonyLIV,International,Japan,24.0,UA16+,https://www.justwatch.com/in/tv-show/that-time-i-got-reincarnated-as-a-slime
Bleach,show,"Action & Adventure, Animation, Fantasy, Science-Fiction, Classic Japanese Anime",2004.0,8.2,92k,SonyLIV,International,Japan,24.0,UA16+,https://www.justwatch.com/in/tv-show/bleach
Tôkyô Ribenjâzu,show,"Action & Adventure, Animation, Drama, Classic Japanese Anime",2021.0,7.7,33k,SonyLIV,International,Japan,24.0,UA16+,https://www.justwatch.com/in/tv-show/tokyo-revengers
My Hero Academia,show,"Action & Adventure, Animation, Comedy, Fantasy, Science-Fiction, Classic Japanese Anime",2016.0,8.2,122k,SonyLIV,International,Japan,24.0,U,https://www.justwatch.com/in/tv-show/my-hero-academia
SPY x FAMILY,show,"Action & Adventure, Animation, Comedy, Mystery & Thriller, Classic Japanese Anime",2022.0,8.2,62k,SonyLIV,International,Japan,25.0,UA16+,https://www.justwatch.com/in/tv-show/spy-x-family
Re:Zero kara Hajimeru Isekai Seikatsu,show,"Action & Adventure, Animation, Drama, Fantasy, Horror, Mystery & Thriller, Romance, Science-Fiction, Classic Japanese Anime",2016.0,8.2,72k,SonyLIV,International,Japan,26.0,UA16+,https://www.justwatch.com/in/tv-show/re-zero-starting-life-in-another-world
Haikyu!!,show,"Animation, Comedy, Drama, Sport, Classic Japanese Anime",2014.0,8.7,54k,SonyLIV,International,Japan,24.0,UA13+,https://www.justwatch.com/in/tv-show/haikyu
Boruto: Naruto Next Generations,show,"Action & Adventure, Animation, Comedy, Drama, Fantasy, Classic Japanese Anime",2017.0,6.3,35k,SonyLIV,International,Japan,,,https://www.justwatch.com/in/tv-show/boruto-naruto-next-generations
Smoking Behind the Supermarket with You,show,"Animation, Comedy, Drama, Romance",2026.0,,,SonyLIV,International,Japan,17.0,UA13+,https://www.justwatch.com/in/tv-show/super-no-ura-de-yani-su-futari
Taarak Mehta Ka Ooltah Chashmah,show,"Comedy, Drama, Kids & Family, Bollywood",2008.0,8.2,15k,SonyLIV,Indian,India,29.0,UA7+,https://www.justwatch.com/in/tv-show/taarak-mehta-ka-ooltah-chashmah
College Romance,show,"Comedy, Drama, Romance, RomCom, Dramedy",2018.0,8.3,29k,SonyLIV,Indian,India,31.0,A,https://www.justwatch.com/in/tv-show/college-romance
"Kanojo, Okarishimasu",show,"Animation, Comedy, Romance, Classic Japanese Anime",2020.0,6.7,12k,SonyLIV,International,Japan,24.0,A,https://www.justwatch.com/in/tv-show/rent-a-girlfriend
Arifureta: From Commonplace to World's Strongest,show,"Action & Adventure, Animation, Fantasy, Romance, Science-Fiction, Classic Japanese Anime",2019.0,7.0,6k,SonyLIV,International,Japan,,,https://www.justwatch.com/in/tv-show/arifureta-from-commonplace-to-worlds-strongest
Daemons of the Shadow Realm,show,"Action & Adventure, Animation, Drama, Fantasy, Science-Fiction, Classic Japanese Anime",2026.0,8.0,1k,SonyLIV,International,Japan,23.0,A,https://www.justwatch.com/in/tv-show/daemons-of-the-shadow-realm
Horimiya,show,"Animation, Comedy, Drama, Romance, Classic Japanese Anime",2021.0,8.0,25k,SonyLIV,International,Japan,23.0,UA,https://www.justwatch.com/in/tv-show/horimiya
Indian Idol,show,"Music & Musical, Reality TV",2004.0,,,SonyLIV,Indian,India,78.0,U,https://www.justwatch.com/in/tv-show/indian-idol
Fullmetal Alchemist: Brotherhood,show,"Action & Adventure, Animation, Comedy, Drama, Fantasy, Science-Fiction, Classic Japanese Anime",2009.0,9.1,251k,SonyLIV,International,Japan,29.0,UA,https://www.justwatch.com/in/tv-show/fullmetal-alchemist-brotherhood
Frieren: Beyond Journey's End,show,"Action & Adventure, Animation, Comedy, Drama, Fantasy, Science-Fiction, Classic Japanese Anime",2023.0,8.9,78k,SonyLIV,International,Japan,25.0,UA16+,https://www.justwatch.com/in/tv-show/frieren-beyond-journeys-end
Scam 2003: The Telgi Story,show,"Crime, Drama, Bollywood, Biopics",2023.0,,,SonyLIV,Indian,India,44.0,UA16+,https://www.justwatch.com/in/tv-show/scam-2003-the-telgi-story
Nirmal Pathak Ki Ghar Wapsi,show,"Drama, Kids & Family, Emotional Drama",2022.0,8.3,2k,SonyLIV,Indian,India,40.0,A,https://www.justwatch.com/in/tv-show/nirmal-pathak-ki-ghar-wapasi
Maharani,show,"Drama, Bollywood",2021.0,8.0,10k,SonyLIV,Indian,India,45.0,A,https://www.justwatch.com/in/tv-show/maharani-2021
The Angel Next Door Spoils Me Rotten,show,"Animation, Comedy, Drama, Romance, Classic Japanese Anime",2023.0,7.8,7k,SonyLIV,International,Japan,,,https://www.justwatch.com/in/tv-show/the-angel-next-door-spoils-me-rotten
Gintama,show,"Action & Adventure, Animation, Comedy, Science-Fiction, Classic Japanese Anime",2006.0,8.7,21k,SonyLIV,International,Japan,24.0,UA16+,https://www.justwatch.com/in/tv-show/gintama
The Good Doctor,show,"Drama, Emotional Drama",2017.0,8.0,130k,SonyLIV,International,United States,43.0,U,https://www.justwatch.com/in/tv-show/the-good-doctor
Freedom at Midnight,show,"Drama, History, War & Military",2024.0,8.4,3k,SonyLIV,Indian,India,48.0,UA13+,https://www.justwatch.com/in/tv-show/freedom-at-midnight
The Misfit of Demon King Academy,show,"Action & Adventure, Animation, Comedy, Fantasy, Romance, Science-Fiction, Classic Japanese Anime",2020.0,7.1,7k,SonyLIV,International,Japan,,,https://www.justwatch.com/in/tv-show/the-misfit-of-demon-king-academy
Kusuriya no Hitorigoto,show,"Animation, Drama, History, Mystery & Thriller, Romance, Classic Japanese Anime",2023.0,8.6,25k,SonyLIV,International,Japan,23.0,UA16+,https://www.justwatch.com/in/tv-show/the-apothecary-diaries
Dandadan,show,"Action & Adventure, Animation, Comedy, Fantasy, Mystery & Thriller, Romance, Science-Fiction, Classic Japanese Anime",2024.0,8.3,55k,SonyLIV,International,Japan,24.0,UA16+,https://www.justwatch.com/in/tv-show/dan-da-dan
Chainsaw Man,show,"Action & Adventure, Animation, Comedy, Fantasy, Science-Fiction, Classic Japanese Anime",2022.0,8.3,105k,SonyLIV,International,Japan,24.0,A,https://www.justwatch.com/in/tv-show/chainsaw-man
Hunter x Hunter,show,"Action & Adventure, Animation, Comedy, Fantasy, Science-Fiction, Classic Japanese Anime",2011.0,9.0,197k,SonyLIV,International,Japan,23.0,UA16+,https://www.justwatch.com/in/tv-show/hunter-x-hunter
Dragon Ball Super,show,"Action & Adventure, Animation, Comedy, Fantasy, Kids & Family, Science-Fiction, Classic Japanese Anime",2015.0,8.3,46k,SonyLIV,International,Japan,23.0,U,https://www.justwatch.com/in/tv-show/dragon-ball-super
Vinland Saga,show,"Action & Adventure, Animation, Drama, History, War & Military, Classic Japanese Anime",2019.0,8.9,142k,SonyLIV,International,Japan,25.0,A,https://www.justwatch.com/in/tv-show/vinland-saga
The Beginning After the End,show,"Action & Adventure, Animation, Drama, Fantasy, Classic Japanese Anime",2025.0,5.8,3k,SonyLIV,International,Japan,22.0,UA16+,https://www.justwatch.com/in/tv-show/the-beginning-after-the-end
KILL BLUE,show,"Action & Adventure, Animation, Comedy",2026.0,,,SonyLIV,International,Japan,24.0,UA13+,https://www.justwatch.com/in/tv-show/kill-blue
C.I.D.,show,"Action & Adventure, Crime, Drama, Mystery & Thriller, Action Thriller",1998.0,7.1,5k,SonyLIV,Indian,India,23.0,UA13+,https://www.justwatch.com/in/tv-show/c-i-d
Kaiju No. 8,show,"Action & Adventure, Animation, Comedy, Science-Fiction, Classic Japanese Anime",2024.0,8.2,32k,SonyLIV,International,Japan,23.0,UA13+,https://www.justwatch.com/in/tv-show/kaiju-no-8
Kuttram Purindhavan: The Guilty One,show,"Crime, Drama, Bollywood",2025.0,7.8,1k,SonyLIV,Indian,India,,,https://www.justwatch.com/in/tv-show/kuttram-purindhavan-the-guilty-one
Wind Breaker,show,"Action & Adventure, Animation, Comedy, Drama, Classic Japanese Anime",2024.0,7.4,9k,SonyLIV,International,Japan,23.0,UA16+,https://www.justwatch.com/in/tv-show/wind-breaker
MASHLE: MAGIC AND MUSCLES,show,"Action & Adventure, Animation, Comedy, Fantasy, Science-Fiction, Classic Japanese Anime",2023.0,7.5,16k,SonyLIV,International,Japan,23.0,UA7+,https://www.justwatch.com/in/tv-show/mashle-magic-and-muscles
I Want to End This Love Game,show,Comedy,2026.0,,,SonyLIV,International,Japan,,,https://www.justwatch.com/in/tv-show/i-want-to-end-this-love-game
Iru Dhuruvam,show,"Crime, Mystery & Thriller, Bollywood, Detective Crime",2019.0,7.7,1k,SonyLIV,Indian,India,27.0,A,https://www.justwatch.com/in/tv-show/iru-dhuruvam
Rich Girl Caretaker,show,"Animation, Comedy, Romance",2026.0,,,SonyLIV,International,Japan,,,https://www.justwatch.com/in/tv-show/rich-girl-caretaker
Alya Sometimes Hides Her Feelings in Russian,show,"Animation, Comedy, Romance, Classic Japanese Anime",2024.0,7.2,8k,SonyLIV,International,Japan,24.0,UA13+,https://www.justwatch.com/in/tv-show/alya-sometimes-hides-her-feelings-in-russian
Dr. Arora,show,"Comedy, Drama, Bollywood, Dramedy",2022.0,7.1,2k,SonyLIV,Indian,India,37.0,A,https://www.justwatch.com/in/tv-show/dr-arora
Bade Achhe Lagte Hain,show,"Drama, Romance, Romantic Drama",2011.0,,,SonyLIV,Indian,India,22.0,U,https://www.justwatch.com/in/tv-show/bade-achhe-lagte-hain
Saga of Tanya the Evil,show,"Action & Adventure, Animation, Drama, Fantasy, Science-Fiction, War & Military, Classic Japanese Anime",2017.0,7.6,5k,SonyLIV,International,Japan,24.0,UA16+,https://www.justwatch.com/in/tv-show/saga-of-tanya-the-evil
Code Geass: Lelouch of the Rebellion,show,"Action & Adventure, Animation, Drama, Fantasy, Mystery & Thriller, Science-Fiction, Classic Japanese Anime",2006.0,8.7,83k,SonyLIV,International,Japan,24.0,UA16+,https://www.justwatch.com/in/tv-show/code-geass-lelouch-of-the-rebellion
Kuroko's Basketball,show,"Animation, Comedy, Drama, Sport, Classic Japanese Anime",2012.0,8.2,16k,SonyLIV,International,Japan,24.0,UA13+,https://www.justwatch.com/in/tv-show/kurokos-basketball
Mairimashita! Iruma-kun,show,"Animation, Comedy, Drama, Fantasy, Science-Fiction, Classic Japanese Anime",2019.0,7.6,3k,SonyLIV,International,Japan,24.0,UA13+,https://www.justwatch.com/in/tv-show/welcome-to-demon-school-iruma-kun
Gachiakuta,show,"Action & Adventure, Animation, Drama, Fantasy, Science-Fiction, Classic Japanese Anime",2025.0,8.0,14k,SonyLIV,International,Japan,24.0,UA16+,https://www.justwatch.com/in/tv-show/gachiakuta
Fruits Basket,show,"Animation, Comedy, Drama, Fantasy, Romance, Science-Fiction, Classic Japanese Anime",2019.0,8.5,13k,SonyLIV,International,Japan,24.0,UA16+,https://www.justwatch.com/in/tv-show/fruits-basket
Fullmetal Alchemist,show,"Action & Adventure, Animation, Comedy, Drama, Fantasy, Science-Fiction, Classic Japanese Anime",2003.0,8.5,86k,SonyLIV,International,Japan,24.0,UA16+,https://www.justwatch.com/in/tv-show/fullmetal-alchemist
Marriage Toxin,show,"Action & Adventure, Animation, Comedy",2026.0,,,SonyLIV,International,Japan,,,https://www.justwatch.com/in/tv-show/marriage-toxin
Your Lie in April,show,"Animation, Comedy, Drama, Music & Musical, Romance, Classic Japanese Anime",2014.0,8.5,39k,SonyLIV,International,Japan,,,https://www.justwatch.com/in/tv-show/your-lie-in-april
Rocket Boys,show,"Drama, History, Dramedy",2022.0,8.8,20k,SonyLIV,Indian,India,44.0,UA16+,https://www.justwatch.com/in/tv-show/rocket-boys-2022
Beyhadh,show,"Drama, Mystery & Thriller, Romance, Romantic Thriller",2016.0,7.2,1k,SonyLIV,Indian,India,21.0,UA,https://www.justwatch.com/in/tv-show/beyhadh
Sword Art Online,show,"Action & Adventure, Animation, Drama, Fantasy, Mystery & Thriller, Romance, Science-Fiction, Classic Japanese Anime",2012.0,7.5,54k,SonyLIV,International,Japan,23.0,A,https://www.justwatch.com/in/tv-show/sword-art-online-ii
Fairy Tail,show,"Action & Adventure, Animation, Comedy, Fantasy, Kids & Family, Science-Fiction, Classic Japanese Anime",2009.0,7.8,32k,SonyLIV,International,Japan,24.0,U,https://www.justwatch.com/in/tv-show/fairy-tail
Mob Psycho 100,show,"Action & Adventure, Animation, Comedy, Drama, Fantasy, Horror, Science-Fiction, Classic Japanese Anime",2016.0,8.5,68k,SonyLIV,International,Japan,24.0,UA16+,https://www.justwatch.com/in/tv-show/mob-psycho-100
Jazz City,show,"Action & Adventure, Drama, History, Mystery & Thriller",2026.0,,,SonyLIV,Indian,India,,,https://www.justwatch.com/in/tv-show/jazz-city
Hyouka,show,"Animation, Comedy, Drama, Kids & Family, Mystery & Thriller, Classic Japanese Anime",2012.0,7.7,7k,SonyLIV,International,Japan,,,https://www.justwatch.com/in/tv-show/hyouka
MasterChef India,show,"Reality TV, Reality Competition",2010.0,,,SonyLIV,Indian,India,49.0,U,https://www.justwatch.com/in/tv-show/masterchef-india
Overlord,show,"Action & Adventure, Animation, Fantasy, Science-Fiction, Classic Japanese Anime",2015.0,7.6,19k,SonyLIV,International,Japan,23.0,UA16+,https://www.justwatch.com/in/tv-show/overlord
Planet Earth,show,"Documentary, Kids & Family, Made in Europe",2006.0,9.4,235k,SonyLIV,International,United Kingdom,49.0,U,https://www.justwatch.com/in/tv-show/planet-earth
Masamune-kun's Revenge,show,"Animation, Comedy, Drama, Romance, Classic Japanese Anime",2017.0,6.6,5k,SonyLIV,International,Japan,23.0,A,https://www.justwatch.com/in/tv-show/masamune-kuns-revenge
"Jack-of-All-Trades, Party of None",show,"Action & Adventure, Animation, Fantasy, Science-Fiction, Classic Japanese Anime",2026.0,6.7,1k,SonyLIV,International,Japan,,,https://www.justwatch.com/in/tv-show/jack-of-all-trades-party-of-none
Food Wars! Shokugeki no Soma,show,"Animation, Comedy, Drama, Fantasy, Mystery & Thriller, Classic Japanese Anime, Western Animation",2015.0,8.0,15k,SonyLIV,International,Japan,24.0,UA13+,https://www.justwatch.com/in/tv-show/food-wars-shokugeki-no-soma
TSUKIMICHI -Moonlit Fantasy-,show,"Action & Adventure, Animation, Comedy, Science-Fiction, Classic Japanese Anime",2021.0,,,SonyLIV,International,Japan,23.0,UA13+,https://www.justwatch.com/in/tv-show/tsukimichi-moonlit-fantasy
Takopi's Original Sin,show,"Animation, Drama, Science-Fiction, Classic Japanese Anime",2025.0,8.7,27k,SonyLIV,International,Japan,26.0,A,https://www.justwatch.com/in/tv-show/takopiis-original-sin
Buddy Daddies,show,"Action & Adventure, Animation, Comedy, Crime, Classic Japanese Anime",2023.0,8.0,3k,SonyLIV,International,Japan,24.0,UA13+,https://www.justwatch.com/in/tv-show/buddy-daddies
Yamada-kun to Lv999 no Koi wo Suru,show,"Animation, Comedy, Romance, Classic Japanese Anime",2023.0,7.6,6k,SonyLIV,International,Japan,24.0,UA13+,https://www.justwatch.com/in/tv-show/my-love-story-with-yamada-kun-at-lv999
"Black, White & Gray: Love Kills",show,"Crime, Drama, Mystery & Thriller, Dark Crime",2025.0,8.0,1k,SonyLIV,Indian,India,43.0,A,https://www.justwatch.com/in/tv-show/black-white-and-gray-love-kills
"Isekai de Cheat Skill wo Te ni Shita Ore wa, Genjitsu Sekai wo mo Musou Suru: Level Up wa Jinsei wo Kaeta",show,"Action & Adventure, Animation, Fantasy, Science-Fiction, Classic Japanese Anime",2023.0,6.6,5k,SonyLIV,International,Japan,24.0,UA13+,https://www.justwatch.com/in/tv-show/i-got-a-cheat-skill-in-another-world-and-became-unrivaled-in-the-real-world-too
Black Butler,show,"Action & Adventure, Animation, Comedy, Crime, Drama, Fantasy, Horror, Mystery & Thriller, Science-Fiction, Classic Japanese Anime",2008.0,8.1,2k,SonyLIV,International,Japan,24.0,A,https://www.justwatch.com/in/tv-show/black-butler
Fate/stay night: Unlimited Blade Works,show,"Action & Adventure, Animation, Comedy, Drama, Fantasy, Science-Fiction, Classic Japanese Anime",2014.0,8.0,11k,SonyLIV,International,Japan,24.0,UA16+,https://www.justwatch.com/in/tv-show/fate-stay-night-unlimited-blade-works
"DON'T TOY WITH ME, MISS NAGATORO",show,"Animation, Comedy, Drama, Romance, Classic Japanese Anime",2021.0,7.1,6k,SonyLIV,International,Japan,,,https://www.justwatch.com/in/tv-show/dont-toy-with-me-miss-nagatoro
A Very British Scandal,show,"Drama, History, Period Drama",2021.0,7.0,8k,SonyLIV,International,United Kingdom,59.0,A,https://www.justwatch.com/in/tv-show/a-very-british-scandal
Ansatsu kyôshitsu,show,"Action & Adventure, Animation, Comedy, Fantasy, Kids & Family, Science-Fiction, Classic Japanese Anime",2015.0,8.0,21k,SonyLIV,International,Japan,23.0,A,https://www.justwatch.com/in/tv-show/assassination-classroom
Long Bright River,show,"Crime, Drama, Mystery & Thriller, Detective Crime",2025.0,6.8,12k,SonyLIV,International,United States,,,https://www.justwatch.com/in/tv-show/long-bright-river
The Hunt: The Rajiv Gandhi Assassination Case,show,"Crime, Drama, History, Mystery & Thriller",2025.0,7.9,5k,SonyLIV,Indian,India,49.0,All,https://www.justwatch.com/in/tv-show/the-hunt-the-rajiv-gandhi-assassination-case
Junji Ito Collection,show,"Animation, Drama, Horror, Mystery & Thriller, Science-Fiction, Classic Japanese Anime",2018.0,6.8,2k,SonyLIV,International,Japan,,,https://www.justwatch.com/in/tv-show/junji-ito-collection
Rooster Fighter,show,"Action & Adventure, Animation, Comedy, Science-Fiction, Classic Japanese Anime",2026.0,,,SonyLIV,International,United States,23.0,A,https://www.justwatch.com/in/tv-show/rooster-fighter
The Wrong Way to Use Healing Magic,show,"Action & Adventure, Animation, Comedy, Fantasy, Science-Fiction, Classic Japanese Anime",2024.0,7.3,4k,SonyLIV,International,Japan,23.0,UA16+,https://www.justwatch.com/in/tv-show/the-wrong-way-to-use-healing-magic
Court Kacheri,show,"Comedy, Drama, Dramedy",2025.0,,,SonyLIV,Indian,India,34.0,UA13+,https://www.justwatch.com/in/tv-show/court-kacheri
Super Dancer Maharashtra,show,Reality TV,2016.0,,,SonyLIV,Indian,India,69.0,UA7+,https://www.justwatch.com/in/tv-show/super-dancer
Hametsu no Oukoku,show,"Action & Adventure, Animation, Drama, Fantasy, Science-Fiction, Classic Japanese Anime",2023.0,6.2,1k,SonyLIV,International,Japan,,,https://www.justwatch.com/in/tv-show/the-kingdoms-of-ruin
Manvat Murders,show,"Crime, Drama, Mystery & Thriller",2024.0,7.1,1k,SonyLIV,Indian,India,38.0,A,https://www.justwatch.com/in/tv-show/manvat-murders
THE LEVELING OF SOLO LEVELING,show,"Animation, Documentary",2024.0,,,SonyLIV,International,United States,,,https://www.justwatch.com/in/tv-show/the-leveling-of-solo-leveling
Faadu,show,"Drama, Bollywood, Romantic Drama",2022.0,,,SonyLIV,Indian,India,,,https://www.justwatch.com/in/tv-show/faadu
This City Is Ours,show,"Crime, Drama, Organized Crime",2025.0,7.8,10k,SonyLIV,International,United Kingdom,,,https://www.justwatch.com/in/tv-show/this-city-is-ours
The Kapil Sharma Show,show,"Comedy, Talkshows",2016.0,7.3,10k,SonyLIV,Indian,India,68.0,UA13+,https://www.justwatch.com/in/tv-show/the-kapil-sharma-show
Fire Force,show,"Action & Adventure, Animation, Comedy, Drama, Fantasy, Science-Fiction, Classic Japanese Anime",2019.0,7.6,21k,SonyLIV,International,Japan,24.0,A,https://www.justwatch.com/in/tv-show/fire-force
Mujikaku Seijo wa Kyou mo Muishiki ni Chikara o Tare Nagasu,show,"Animation, Science-Fiction",2026.0,,,SonyLIV,International,Japan,,,https://www.justwatch.com/in/tv-show/mujikaku-seijo-wa-kyou-mo-muishiki-ni-chikara-o-tare-nagasu
Kingdom,show,"Action & Adventure, Animation, Drama, History, War & Military, Classic Japanese Anime",2012.0,8.8,6k,SonyLIV,International,Japan,25.0,UA16+,https://www.justwatch.com/in/tv-show/kingdom-2012
Cubicles,show,"Comedy, Drama, Dramedy",2019.0,8.2,9k,SonyLIV,Indian,India,30.0,UA16+,https://www.justwatch.com/in/tv-show/cubicles
Brinda,show,"Crime, Mystery & Thriller",2024.0,,,SonyLIV,Indian,India,42.0,A,https://www.justwatch.com/in/tv-show/brinda
Twisted Metal,show,"Comedy, Drama, Fantasy, Mystery & Thriller, Science-Fiction, Sport, Action Adventure, Action Comedy",2023.0,7.3,40k,SonyLIV,International,United States,,,https://www.justwatch.com/in/tv-show/twisted-metal
Ben Fogle: New Lives in the Wild,show,"Documentary, 28, 55, Lists, Seen all, Sign in, to sync Watchlist",2013.0,,,SonyLIV,International,United Kingdom,,,https://www.justwatch.com/in/tv-show/ben-fogle-new-lives-in-the-wild
A Sign of Affection,show,"Animation, Comedy, Drama, Romance, Classic Japanese Anime",2024.0,7.8,4k,SonyLIV,International,Japan,,,https://www.justwatch.com/in/tv-show/a-sign-of-affection
Ranking of Kings,show,"Action & Adventure, Animation, Comedy, Drama, Fantasy, Science-Fiction, Classic Japanese Anime",2021.0,8.4,15k,SonyLIV,International,Japan,,,https://www.justwatch.com/in/tv-show/ranking-of-kings
Cherry Magic! Thirty Years of Virginity Can Make You a Wizard?!,show,"Animation, Comedy, Drama, Fantasy, Romance",2020.0,8.2,2k,SonyLIV,International,Japan,24.0,UA13+,https://www.justwatch.com/in/tv-show/cherry-magic-thirty-years-of-virginity-can-make-you-a-wizard
Noblesse,show,"Action & Adventure, Animation, Comedy, Fantasy, Horror, Science-Fiction, Classic Japanese Anime",2020.0,7.0,2k,SonyLIV,International,Japan,,,https://www.justwatch.com/in/tv-show/noblesse
AnoHana: The Flower We Saw That Day,show,"Animation, Drama, Fantasy, Romance, Classic Japanese Anime",2011.0,8.1,18k,SonyLIV,International,Japan,,,https://www.justwatch.com/in/tv-show/anohana-the-flower-we-saw-that-day
"Slime Taoshite 300-nen, Shiranai Uchi ni Level MAX ni Nattemashita",show,"Action & Adventure, Animation, Comedy, Fantasy, Science-Fiction, Classic Japanese Anime",2021.0,6.2,2k,SonyLIV,International,Japan,23.0,UA16+,https://www.justwatch.com/in/tv-show/ive-been-killing-slimes-for-300-years-and-maxed-out-my-level
Kaguya-sama wa kokurasetai ~ Tensai tachi no ren'ai zunô sen ~,show,"Animation, Comedy, Drama, Romance, Classic Japanese Anime",2019.0,8.5,30k,SonyLIV,International,Japan,24.0,UA16+,https://www.justwatch.com/in/tv-show/kaguya-sama-love-is-war
Scandinavia with Simon Reeve,show,"Documentary, Like, Dislike, Lists, Seen all, Sign in, to sync Watchlist",2025.0,,,SonyLIV,International,United Kingdom,,,https://www.justwatch.com/in/tv-show/scandinavia-with-simon-reeve
The God of High School,show,"Action & Adventure, Animation, Comedy, Fantasy, Science-Fiction, Sport, Classic Japanese Anime",2020.0,7.2,9k,SonyLIV,International,Japan,,,https://www.justwatch.com/in/tv-show/the-god-of-high-school
Stanley Tucci: Searching for Italy,show,"Documentary, Reality TV",2021.0,8.6,4k,SonyLIV,International,United States,,,https://www.justwatch.com/in/tv-show/stanley-tucci-searching-for-italy
Kimi no Koto ga Daidaidaidaidaisuki na 100-nin no Kanojo,show,"Animation, Comedy, Romance, Classic Japanese Anime",2023.0,6.9,4k,SonyLIV,International,Japan,,,https://www.justwatch.com/in/tv-show/the-100-girlfriends-who-really-really-really-really-really-love-you
Tabbar,show,"Crime, Drama, Mystery & Thriller, Bollywood",2021.0,8.2,5k,SonyLIV,Indian,India,39.0,A,https://www.justwatch.com/in/tv-show/tabbar
CID Squad,show,"Action & Adventure, Animation, Crime, Mystery & Thriller",2025.0,,,SonyLIV,Indian,India,,,https://www.justwatch.com/in/tv-show/cid-squad
Soul Eater,show,"Action & Adventure, Animation, Comedy, Fantasy, Horror, Science-Fiction, Classic Japanese Anime",2008.0,7.8,14k,SonyLIV,International,Japan,24.0,UA13+,https://www.justwatch.com/in/tv-show/soul-eater
Shark Tank India,show,Reality TV,2021.0,8.6,4k,SonyLIV,Indian,India,61.0,U,https://www.justwatch.com/in/tv-show/shark-tank-india
Kusunoki's Garden of Gods,show,"Action & Adventure, Animation, Science-Fiction",2026.0,,,SonyLIV,International,Japan,,,https://www.justwatch.com/in/tv-show/kusunokis-garden-of-gods
School Babysitters,show,"Animation, Comedy, Kids & Family, Classic Japanese Anime",2018.0,7.7,1k,SonyLIV,International,Japan,,,https://www.justwatch.com/in/tv-show/school-babysitters
Doc,show,"Drama, Emotional Drama",2025.0,7.3,7k,SonyLIV,International,United States,,,https://www.justwatch.com/in/tv-show/doc
The Ancient Magus' Bride,show,"Animation, Drama, Fantasy, Horror, Romance, Science-Fiction, Classic Japanese Anime",2017.0,7.6,5k,SonyLIV,International,Japan,,,https://www.justwatch.com/in/tv-show/the-ancient-magus-bride
Gôruden Kamui,show,"Action & Adventure, Animation, Comedy, History, Western, Classic Japanese Anime",2018.0,8.0,3k,SonyLIV,International,Japan,,,https://www.justwatch.com/in/tv-show/golden-kamuy
The Fated Magical Princess: Who Made Me a Princess,show,"Animation, Comedy, Drama, Fantasy, Romance, Science-Fiction",2025.0,,,SonyLIV,International,China,,,https://www.justwatch.com/in/tv-show/who-made-me-a-princess
"Demon Lord, Retry!",show,"Action & Adventure, Animation, Comedy, Fantasy, Science-Fiction, Classic Japanese Anime",2019.0,6.6,1k,SonyLIV,International,Japan,,,https://www.justwatch.com/in/tv-show/demon-lord-retry
Trapped in a Dating Sim: The World of Otome Games Is Tough for Mobs,show,"Animation, Comedy, Science-Fiction, Classic Japanese Anime",2022.0,,,SonyLIV,International,Japan,,,https://www.justwatch.com/in/tv-show/trapped-in-a-dating-sim-the-world-of-otome-games-is-tough-for-mobs
Love J Action,show,,2021.0,,,SonyLIV,Indian,India,38.0,UA16+,https://www.justwatch.com/in/tv-show/love-j-action
Yeh Un Dinon Ki Baat Hai,show,"Drama, Romance, Romantic Drama, Like, Dislike, Lists, Seen all, Sign in, to sync Watchlist",2017.0,8.5,2k,SonyLIV,Indian,India,21.0,UA,https://www.justwatch.com/in/tv-show/yeh-un-dinon-ki-baat-hai
March Comes In Like a Lion,show,"Animation, Comedy, Drama, Romance, Classic Japanese Anime",2016.0,8.2,4k,SonyLIV,International,Japan,,,https://www.justwatch.com/in/tv-show/march-comes-in-like-a-lion
Welcome to the N-H-K,show,"Animation, Comedy, Drama, Mystery & Thriller, Romance, Classic Japanese Anime",2006.0,8.2,10k,SonyLIV,International,Japan,,,https://www.justwatch.com/in/tv-show/welcome-to-the-n-h-k
Accused,show,"Crime, Drama, Mystery & Thriller, Courtroom",2023.0,7.0,7k,SonyLIV,International,United States,,,https://www.justwatch.com/in/tv-show/accused-2023
Rascal Does Not Dream of Bunny Girl Senpai,show,"Animation, Comedy, Drama, Fantasy, Mystery & Thriller, Romance, Classic Japanese Anime",2018.0,8.1,26k,SonyLIV,International,Japan,,,https://www.justwatch.com/in/tv-show/rascal-does-not-dream-of-bunny-girl-senpai
MF Ghost,show,"Action & Adventure, Animation, Sport, Classic Japanese Anime",2023.0,,,SonyLIV,International,Japan,23.0,UA13+,https://www.justwatch.com/in/tv-show/mf-ghost
Ouran High School Host Club,show,"Animation, Comedy, Drama, Romance, Classic Japanese Anime",2006.0,8.1,14k,SonyLIV,International,Japan,23.0,UA13+,https://www.justwatch.com/in/tv-show/ouran-high-school-host-club
Blue Spring Ride,show,"Animation, Comedy, Drama, Romance, Classic Japanese Anime",2014.0,7.5,6k,SonyLIV,International,Japan,,,https://www.justwatch.com/in/tv-show/blue-spring-ride
Agents of the Four Seasons Dance of Spring,show,"Animation, Drama, Fantasy, Romance, Science-Fiction",2026.0,,,SonyLIV,International,Japan,,,https://www.justwatch.com/in/tv-show/agents-of-the-four-seasons-dance-of-spring
Alert: Missing Persons Unit,show,"Action & Adventure, Crime, Drama, Mystery & Thriller, Romance, Emotional Drama",2023.0,6.0,4k,SonyLIV,International,United States,,,https://www.justwatch.com/in/tv-show/alert-missing-persons-unit
ERASED,show,"Animation, Crime, Drama, Fantasy, Mystery & Thriller, Science-Fiction, Western Animation",2016.0,8.4,75k,SonyLIV,International,Japan,22.0,UA13+,https://www.justwatch.com/in/tv-show/erased
Berserk of Gluttony,show,"Action & Adventure, Animation, Fantasy, Science-Fiction, Classic Japanese Anime",2023.0,6.8,2k,SonyLIV,International,Japan,,,https://www.justwatch.com/in/tv-show/berserk-of-gluttony
SHIBOYUGI: Playing Death Games to Put Food on the Table,show,"Action & Adventure, Animation, Drama, Fantasy, Mystery & Thriller, Classic Japanese Anime",2026.0,,,SonyLIV,International,Japan,26.0,UA16+,https://www.justwatch.com/in/tv-show/shiboyugi-playing-death-games-to-put-food-on-the-table
The Devil Is a Part-Timer!,show,"Action & Adventure, Animation, Comedy, Fantasy, Science-Fiction, Classic Japanese Anime",2013.0,7.4,10k,SonyLIV,International,Japan,,,https://www.justwatch.com/in/tv-show/the-devil-is-a-part-timer
Goblin Slayer,show,"Action & Adventure, Animation, Fantasy, Horror, Science-Fiction, Classic Japanese Anime",2018.0,7.3,13k,SonyLIV,International,Japan,23.0,UA16+,https://www.justwatch.com/in/tv-show/goblin-slayer
The Narrow Road to the Deep North,show,"Drama, Romance, War & Military, Romantic Drama",2025.0,7.2,4k,SonyLIV,International,"Australia, United States",,,https://www.justwatch.com/in/tv-show/the-narrow-road-to-the-deep-north
The Case Study of Vanitas,show,"Action & Adventure, Animation, Fantasy, Horror, Science-Fiction, Classic Japanese Anime",2021.0,7.6,3k,SonyLIV,International,Japan,,,https://www.justwatch.com/in/tv-show/the-case-study-of-vanitas
Shrimad Ramayan,show,"Drama, Fantasy, Kids & Family, Romance, War & Military, Bollywood",2024.0,8.9,2k,SonyLIV,Indian,India,23.0,U,https://www.justwatch.com/in/tv-show/shrimad-ramayan
Alex Rider,show,"Drama, Mystery & Thriller, Action Adventure",2020.0,7.5,19k,SonyLIV,International,United Kingdom,44.0,UA16+,https://www.justwatch.com/in/tv-show/alex-rider
Blue Exorcist,show,"Action & Adventure, Animation, Drama, Fantasy, Horror, Mystery & Thriller, Science-Fiction, Classic Japanese Anime",2011.0,7.4,17k,SonyLIV,International,Japan,,,https://www.justwatch.com/in/tv-show/blue-exorcist
Always a Catch!,show,"Animation, Comedy, Science-Fiction, Classic Japanese Anime",2026.0,,,SonyLIV,International,Japan,,,https://www.justwatch.com/in/tv-show/always-a-catch
Skip and Loafer,show,"Comedy, Drama, Classic Japanese Anime",2023.0,,,SonyLIV,International,Japan,,,https://www.justwatch.com/in/tv-show/skip-and-loafer
Can a Boy-Girl Friendship Survive?,show,"Animation, Comedy, Romance, Classic Japanese Anime",2025.0,6.3,1k,SonyLIV,International,Japan,23.0,UA16+,https://www.justwatch.com/in/tv-show/can-a-boy-girl-friendship-survive
Amagami-san Chi no Enmusubi,show,"Animation, Comedy, Drama, Romance, Dramedy",2024.0,6.5,1k,SonyLIV,International,Japan,,,https://www.justwatch.com/in/tv-show/tying-the-knot-with-an-amagami-sister
Vijirante Boku no Hîrô Akademia Irîgarusu,show,"Action & Adventure, Animation, Crime, Drama, Fantasy, Science-Fiction, Classic Japanese Anime",2025.0,7.2,2k,SonyLIV,International,Japan,24.0,UA16+,https://www.justwatch.com/in/tv-show/my-hero-academia-vigilantes
Mischievous Kiss: Love in Tokyo,show,"Comedy, Drama, Romance",2013.0,7.5,1k,SonyLIV,International,Japan,,,https://www.justwatch.com/in/tv-show/mischievous-kiss-love-in-tokyo
"Noble Reincarnation: Born Blessed, So I'll Obtain Ultimate Power",show,"Action & Adventure, Animation, Fantasy, Science-Fiction, Classic Japanese Anime",2026.0,,,SonyLIV,International,Japan,,,https://www.justwatch.com/in/tv-show/noble-reincarnation
A Couple of Cuckoos,show,"Animation, Comedy, Romance, Classic Japanese Anime",2022.0,6.8,3k,SonyLIV,International,Japan,,,https://www.justwatch.com/in/tv-show/a-couple-of-cuckoos
The Prince of Tennis,show,"Action & Adventure, Animation, Comedy, Drama, Sport, Classic Japanese Anime",2001.0,,,SonyLIV,International,Japan,,,https://www.justwatch.com/in/tv-show/the-prince-of-tennis
"The Ossan Newbie Adventurer, Trained to Death by the Most Powerful Party, Became Invincible",show,"Action & Adventure, Animation, Comedy, Fantasy, Science-Fiction, Classic Japanese Anime",2024.0,7.2,2k,SonyLIV,International,Japan,,,https://www.justwatch.com/in/tv-show/the-ossan-newbie-adventurer-trained-to-death-by-the-most-powerful-party-became-invincible-2024
To Your Eternity,show,"Action & Adventure, Animation, Drama, Fantasy, Science-Fiction, Classic Japanese Anime",2021.0,8.3,13k,SonyLIV,International,Japan,25.0,UA13+,https://www.justwatch.com/in/tv-show/to-your-eternity
Engage Kiss,show,"Action & Adventure, Animation, Comedy, Drama, Fantasy, Romance, Science-Fiction, Classic Japanese Anime",2022.0,6.5,1k,SonyLIV,International,Japan,24.0,A,https://www.justwatch.com/in/tv-show/engage-kiss
Otaku ni Yasashii Gal wa inai!?,show,"Animation, Comedy, Romance, Classic Japanese Anime",2026.0,,,SonyLIV,International,Japan,,,https://www.justwatch.com/in/tv-show/gals-cant-be-kind-to-otaku
An Archdemon's Dilemma: How to Love Your Elf Bride,show,"Action & Adventure, Animation, Comedy, Fantasy, Romance, Science-Fiction, Classic Japanese Anime",2024.0,7.3,2k,SonyLIV,International,Japan,,,https://www.justwatch.com/in/tv-show/an-archdemons-dilemma-how-to-love-your-elf-bride
Easygoing Territory Defense by the Optimistic Lord,show,"Action & Adventure, Animation, Comedy, Fantasy, Science-Fiction, Classic Japanese Anime",2026.0,,,SonyLIV,International,Japan,,,https://www.justwatch.com/in/tv-show/easygoing-territory-defense-by-the-optimistic-lord
The Irregular at Magic High School,show,"Action & Adventure, Animation, Drama, Fantasy, Romance, Science-Fiction, Classic Japanese Anime",2014.0,7.0,4k,SonyLIV,International,Japan,23.0,A,https://www.justwatch.com/in/tv-show/the-irregular-at-magic-high-school
"I'm a Noble on the Brink of Ruin, So I Might as Well Try Mastering Magic",show,"Action & Adventure, Animation, Fantasy, Science-Fiction, Classic Japanese Anime",2025.0,,,SonyLIV,International,Japan,,,https://www.justwatch.com/in/tv-show/im-a-noble-on-the-brink-of-ruin-so-i-might-as-well-try-mastering-magic
India's Got Talent,show,Reality TV,2009.0,,,SonyLIV,Indian,India,,,https://www.justwatch.com/in/tv-show/indias-got-talent
A Very Royal Scandal,show,"Drama, Emotional Drama",2024.0,7.2,3k,SonyLIV,International,United Kingdom,,,https://www.justwatch.com/in/tv-show/a-very-royal-scandal
Shikimori's Not Just a Cutie,show,"Animation, Comedy, Drama, Romance, Classic Japanese Anime",2022.0,6.7,5k,SonyLIV,International,Japan,,,https://www.justwatch.com/in/tv-show/shikimoris-not-just-a-cutie
Magpie Murders,show,"Crime, Drama, Kids & Family, Mystery Thriller",2022.0,7.6,9k,SonyLIV,International,"United Kingdom, Ireland, United States",45.0,UA16+,https://www.justwatch.com/in/tv-show/magpie-murders
"Please Put Them On, Takamine-san",show,"Animation, Comedy, Romance, Science-Fiction",2025.0,5.8,1k,SonyLIV,International,Japan,23.0,A,https://www.justwatch.com/in/tv-show/please-put-them-on-takamine-san
Fate/strange Fake,show,"Action & Adventure, Animation, Drama, Fantasy, Science-Fiction, Classic Japanese Anime",2024.0,8.1,2k,SonyLIV,International,Japan,23.0,A,https://www.justwatch.com/in/tv-show/fate-strange-fake
Medaka Kuroiwa Is Impervious to My Charms,show,"Animation, Comedy, Romance, Classic Japanese Anime",2025.0,6.6,1k,SonyLIV,International,Japan,,,https://www.justwatch.com/in/tv-show/medaka-kuroiwa-is-impervious-to-my-charms
Oedo Fire Slayer -The Legend of Phoenix-,show,"Action & Adventure, Animation, Drama, History",2026.0,,,SonyLIV,International,Japan,,,https://www.justwatch.com/in/tv-show/oedo-fire-slayer-the-legend-of-phoenix
Date A Live,show,"Action & Adventure, Animation, Comedy, Drama, Fantasy, Mystery & Thriller, Romance, Science-Fiction, Classic Japanese Anime",2013.0,6.9,5k,SonyLIV,International,Japan,24.0,UA16+,https://www.justwatch.com/in/tv-show/date-a-live
Yuri!!! on Ice,show,"Animation, Comedy, Drama, Romance, Sport, Classic Japanese Anime",2016.0,8.2,12k,SonyLIV,International,Japan,,,https://www.justwatch.com/in/tv-show/yuri-on-ice
"More than a Married Couple, but Not Lovers",show,"Animation, Comedy, Drama, Romance, Classic Japanese Anime",2022.0,7.6,7k,SonyLIV,International,Japan,24.0,UA16+,https://www.justwatch.com/in/tv-show/more-than-a-married-couple-but-not-lovers
Mistress Kanan Is Devilishly Easy,show,"Animation, Comedy, Romance, Science-Fiction",2026.0,,,SonyLIV,International,Japan,,,https://www.justwatch.com/in/tv-show/mistress-kanan-is-devilishly-easy
Adaalat,show,"Comedy, Crime, Drama, Mystery & Thriller",2010.0,8.1,1k,SonyLIV,Indian,India,44.0,U,https://www.justwatch.com/in/tv-show/adaalat
Haibara's Teenage New Game+,show,"Animation, Comedy, Drama, Romance, Classic Japanese Anime",2026.0,,,SonyLIV,International,Japan,,,https://www.justwatch.com/in/tv-show/haibaras-teenage-new-game-plus
Kaya-chan Isn't Scary,show,"Animation, Mystery & Thriller, Science-Fiction, Classic Japanese Anime",2026.0,,,SonyLIV,International,Japan,,,https://www.justwatch.com/in/tv-show/kaya-chan-isnt-scary
Aharen-san wa Hakarenai,show,"Animation, Comedy, Romance, Classic Japanese Anime",2022.0,7.0,1k,SonyLIV,International,Japan,24.0,UA7+,https://www.justwatch.com/in/tv-show/aharen-san-wa-hakarenai
Charlotte,show,"Animation, Comedy, Drama, Fantasy, Science-Fiction, Classic Japanese Anime",2015.0,7.5,11k,SonyLIV,International,Japan,,,https://www.justwatch.com/in/tv-show/charlotte
DARLING in the FRANXX,show,"Action & Adventure, Animation, Comedy, Drama, Romance, Science-Fiction, Classic Japanese Anime",2018.0,7.3,20k,SonyLIV,International,Japan,24.0,UA,https://www.justwatch.com/in/tv-show/darling-in-the-franxx
The Promised Neverland,show,"Action & Adventure, Animation, Drama, Fantasy, Horror, Mystery & Thriller, Science-Fiction, Classic Japanese Anime",2019.0,8.1,58k,SonyLIV,International,Japan,23.0,UA16+,https://www.justwatch.com/in/tv-show/the-promised-neverland
Gurren Lagann,show,"Action & Adventure, Animation, Comedy, Drama, Science-Fiction, Classic Japanese Anime",2007.0,8.3,21k,SonyLIV,International,Japan,24.0,UA16+,https://www.justwatch.com/in/tv-show/gurren-lagann
Saekano: How to Raise a Boring Girlfriend,show,"Animation, Comedy, Drama, Romance, Classic Japanese Anime",2015.0,6.9,2k,SonyLIV,International,Japan,,,https://www.justwatch.com/in/tv-show/saekano-how-to-raise-a-boring-girlfriend
"The Strongest Job Is Apparently Not a Hero or a Sage, But an Appraiser (Provisional)!",show,"Action & Adventure, Animation, Comedy, Drama, Fantasy, Science-Fiction",2026.0,,,SonyLIV,International,Japan,,,https://www.justwatch.com/in/tv-show/the-strongest-job-is-apparently-not-a-hero-or-a-sage-but-an-appraiser-provisional
NieR: Automata Ver 1.1a,show,"Action & Adventure, Animation, Drama, Fantasy, Science-Fiction, Classic Japanese Anime",2023.0,7.3,3k,SonyLIV,International,Japan,,,https://www.justwatch.com/in/tv-show/nier-automata-ver1-1a
"Loop 7-kaime no Akuyaku Reijô wa, Moto Tekikoku de Jiyû Kimama na Hanayome Seikatsu wo Mankitsu suru",show,"Animation, Drama, Fantasy, Romance, Science-Fiction, Classic Japanese Anime",2024.0,7.4,3k,SonyLIV,International,Japan,23.0,UA16+,https://www.justwatch.com/in/tv-show/7th-time-loop-the-villainess-enjoys-a-carefree-life-married-to-her-worst-enemy
Natsume's Book of Friends,show,"Animation, Comedy, Drama, Fantasy, Horror, Science-Fiction, Classic Japanese Anime",2008.0,8.1,3k,SonyLIV,International,Japan,,,https://www.justwatch.com/in/tv-show/natsume-yujin-cho
Isekai Office Worker: The Other World's Books Depend on the Bean Counter,show,"Animation, Fantasy, Romance, Science-Fiction",2026.0,,,SonyLIV,International,Japan,,,https://www.justwatch.com/in/tv-show/isekai-office-worker-the-other-worlds-books-depend-on-the-bean-counter
Kaun Banega Crorepati,show,Reality TV,2000.0,8.1,4k,SonyLIV,Indian,India,72.0,U,https://www.justwatch.com/in/tv-show/kaun-banega-crorepati
Mayasabha: Rise of the Titans,show,"Drama, War & Military, Bollywood",2025.0,9.0,2k,SonyLIV,Indian,India,44.0,A,https://www.justwatch.com/in/tv-show/mayasabha
Hyouken no Majutsushi ga Sekai wo Suberu,show,"Action & Adventure, Animation, Fantasy, Science-Fiction, Classic Japanese Anime",2023.0,6.4,1k,SonyLIV,International,Japan,,,https://www.justwatch.com/in/tv-show/the-iceblade-sorcerer-shall-rule-the-world
Why Raeliana Ended Up at the Duke's Mansion,show,"Animation, Comedy, Drama, Fantasy, Mystery & Thriller, Romance, Science-Fiction, Classic Japanese Anime",2023.0,7.4,2k,SonyLIV,International,Japan,23.0,UA16+,https://www.justwatch.com/in/tv-show/the-reason-why-raeliana-ended-up-at-the-dukes-mansion
I'm Getting Married to a Girl I Hate in My Class,show,"Animation, Comedy, Romance, Classic Japanese Anime",2025.0,6.8,2k,SonyLIV,International,Japan,,,https://www.justwatch.com/in/tv-show/im-getting-married-to-a-girl-i-hate-in-my-class
"Tadaima, Okaeri",show,"Animation, Comedy, Drama, Classic Japanese Anime",2024.0,,,SonyLIV,International,Japan,,,https://www.justwatch.com/in/tv-show/tadaima-okaeri
36 Days,show,"Drama, Mystery Thriller",2024.0,5.6,5k,SonyLIV,Indian,India,37.0,A,https://www.justwatch.com/in/tv-show/36-days
Dead Account,show,"Action & Adventure, Animation, Comedy, Drama, Fantasy, Science-Fiction, Classic Japanese Anime",2026.0,,,SonyLIV,International,Japan,,,https://www.justwatch.com/in/tv-show/dead-account
Re: Monster,show,"Action & Adventure, Animation, Fantasy, Science-Fiction, Classic Japanese Anime",2024.0,6.5,2k,SonyLIV,International,Japan,23.0,UA16+,https://www.justwatch.com/in/tv-show/re-monster
Akuyaku Reijou Level 99: Watashi wa Ura-Boss desu ga Maou dewa Arimasen,show,"Action & Adventure, Animation, Comedy, Fantasy, Science-Fiction, Classic Japanese Anime",2024.0,6.7,1k,SonyLIV,International,Japan,,,https://www.justwatch.com/in/tv-show/villainess-level-99-i-may-be-the-hidden-boss-but-im-not-the-demon-lord
Angel Beats!,show,"Action & Adventure, Animation, Comedy, Drama, Fantasy, Kids & Family, Science-Fiction, Classic Japanese Anime",2010.0,7.6,18k,SonyLIV,International,Japan,26.0,U,https://www.justwatch.com/in/tv-show/angel-beats
Inexpressive Kashiwada and Expressive Oota,show,"Animation, Comedy, Romance",2025.0,,,SonyLIV,International,Japan,,,https://www.justwatch.com/in/tv-show/inexpressive-kashiwada-and-expressive-oota
Vampire Knight,show,"Action & Adventure, Animation, Drama, Fantasy, Horror, Kids & Family, Mystery & Thriller, Romance, Science-Fiction, Classic Japanese Anime",2008.0,7.1,6k,SonyLIV,International,Japan,,,https://www.justwatch.com/in/tv-show/vampire-knight
Aahat,show,"Drama, Fantasy, Horror, Mystery & Thriller, Romance, Paranormal",1995.0,7.2,1k,SonyLIV,Indian,India,34.0,UA13+,https://www.justwatch.com/in/tv-show/aahat
Akudama Drive,show,"Action & Adventure, Animation, Crime, Science-Fiction, Classic Japanese Anime",2020.0,7.2,3k,SonyLIV,International,Japan,,,https://www.justwatch.com/in/tv-show/akudama-drive
Clevatess,show,"Action & Adventure, Animation, Drama, Fantasy, Science-Fiction",2025.0,7.7,3k,SonyLIV,International,Japan,,,https://www.justwatch.com/in/tv-show/clevatess
Faadu - A Love Story,show,Romance,2022.0,,,SonyLIV,Indian,India,43.0,A,https://www.justwatch.com/in/tv-show/faadu-a-love-story
A Playthrough of a Certain Dude's VRMMO Life,show,"Action & Adventure, Animation, Comedy, Fantasy, Science-Fiction, Classic Japanese Anime",2023.0,,,SonyLIV,International,Japan,,,https://www.justwatch.com/in/tv-show/a-playthrough-of-a-certain-dudes-vrmmo-life
Sword Art Online Alternative: Gun Gale Online,show,"Action & Adventure, Animation, Comedy, Drama, Fantasy, Science-Fiction, Classic Japanese Anime",2018.0,6.8,3k,SonyLIV,International,Japan,23.0,UA16+,https://www.justwatch.com/in/tv-show/sword-art-online-alternative-gun-gale-online
Planetes,show,"Animation, Drama, Science-Fiction, Classic Japanese Anime",2003.0,8.1,4k,SonyLIV,International,Japan,,,https://www.justwatch.com/in/tv-show/planetes
The Winter King,show,"Action & Adventure, Drama, Fantasy, Science-Fiction, Period Drama",2023.0,6.0,6k,SonyLIV,International,"United Kingdom, United States",,,https://www.justwatch.com/in/tv-show/the-winter-king
Rurôni Kenshin: Meiji kenkaku romantan,show,"Action & Adventure, Animation, Drama, History, Mystery & Thriller, Romance, Classic Japanese Anime",2023.0,7.9,3k,SonyLIV,International,Japan,,,https://www.justwatch.com/in/tv-show/rurouni-kenshin-2023
Tomo-chan Is a Girl!,show,"Animation, Comedy, Drama, Romance, Classic Japanese Anime",2023.0,7.5,5k,SonyLIV,International,Japan,,,https://www.justwatch.com/in/tv-show/tomo-chan-is-a-girl
Gutur Gu,show,"Comedy, Kids & Family, Sitcoms",2010.0,,,SonyLIV,Indian,India,23.0,U,https://www.justwatch.com/in/tv-show/gutur-gu
Bloom,show,"Drama, Science-Fiction, Sci-Fi Drama",2019.0,6.7,2k,SonyLIV,International,Australia,,,https://www.justwatch.com/in/tv-show/bloom
The Strongest Sage with the Weakest Crest,show,"Action & Adventure, Animation, Comedy, Fantasy, Science-Fiction, Classic Japanese Anime",2022.0,6.3,2k,SonyLIV,International,Japan,,,https://www.justwatch.com/in/tv-show/the-strongest-sage-with-the-weakest-crest
Our Dating Story: The Experienced You and the Inexperienced Me,show,"Animation, Comedy, Drama, Romance, Classic Japanese Anime",2023.0,6.7,2k,SonyLIV,International,Japan,,,https://www.justwatch.com/in/tv-show/our-dating-story-the-experienced-you-and-the-inexperienced-me
World's Most Dangerous Roads,show,"Documentary, Made in Europe, Reality TV",2011.0,,,SonyLIV,International,United Kingdom,54.0,U,https://www.justwatch.com/in/tv-show/worlds-most-dangerous-roads
Aladdin - Naam Toh Suna Hoga,show,"Comedy, Drama, Fantasy, Romance, Science-Fiction, Fairytale Fantasy",2018.0,6.5,1k,SonyLIV,Indian,India,23.0,UA7+,https://www.justwatch.com/in/tv-show/aladdin-naam-toh-suna-hoga
The Killing Kind,show,"Crime, Drama, Mystery Thriller",2023.0,5.9,1k,SonyLIV,International,United Kingdom,,,https://www.justwatch.com/in/tv-show/the-killing-kind
Nekopara,show,"Animation, Comedy",2020.0,,,SonyLIV,International,Japan,,,https://www.justwatch.com/in/tv-show/nekopara
Zom 100: Zombie ni Naru made ni Shitai 100 no Koto,show,"Action & Adventure, Animation, Comedy, Fantasy, Horror, Science-Fiction, Classic Japanese Anime",2023.0,7.3,13k,SonyLIV,International,Japan,24.0,UA16+,https://www.justwatch.com/in/tv-show/zom-100-bucket-list-of-the-dead
