title,url,platform,content_type
Dhurandhar: The Revenge,https://www.justwatch.com/in/movie/dhurandhar-the-revenge,JioHotstar,movie
Trikala: Script of God,https://www.justwatch.com/in/movie/trikala-script-of-god,JioHotstar,movie
Dhurandhar,https://www.justwatch.com/in/movie/dhurandhar-2025,JioHotstar,movie
Dridam,https://www.justwatch.com/in/movie/dridam,JioHotstar,movie
Mollywood Times,https://www.justwatch.com/in/movie/mollywood-times,JioHotstar,movie
Evil Dead Rise,https://www.justwatch.com/in/movie/evil-dead-rise,JioHotstar,movie
Spider-Man: No Way Home,https://www.justwatch.com/in/movie/spider-man-no-way-home,JioHotstar,movie
Avatar: Fire and Ash,https://www.justwatch.com/in/movie/avatar-3,JioHotstar,movie
Send Help,https://www.justwatch.com/in/movie/send-help,JioHotstar,movie
Fifty Shades of Grey,https://www.justwatch.com/in/movie/fifty-shades-of-grey,JioHotstar,movie
How to Have Sex,https://www.justwatch.com/in/movie/how-to-have-sex,JioHotstar,movie
Tell Me What You Want,https://www.justwatch.com/in/movie/pideme-lo-que-quieras,JioHotstar,movie
Together,https://www.justwatch.com/in/movie/together-2025,JioHotstar,movie
Ugly story,https://www.justwatch.com/in/movie/ugly-story,JioHotstar,movie
Sambhavam Adhyayam Onnu,https://www.justwatch.com/in/movie/sambhavam-adhyayam-onnu,JioHotstar,movie
Shiddat,https://www.justwatch.com/in/movie/shiddat-2021,JioHotstar,movie
Hoppers,https://www.justwatch.com/in/movie/hoppers,JioHotstar,movie
The Wolf of Wall Street,https://www.justwatch.com/in/movie/the-wolf-of-wall-street,JioHotstar,movie
Interstellar,https://www.justwatch.com/in/movie/interstellar,JioHotstar,movie
Companion,https://www.justwatch.com/in/movie/companion-2025,JioHotstar,movie
Dangal,https://www.justwatch.com/in/movie/dangal,JioHotstar,movie
Harry Potter and the Philosopher's Stone,https://www.justwatch.com/in/movie/harry-potter-and-the-philosophers-stone,JioHotstar,movie
Love Sonia,https://www.justwatch.com/in/movie/love-sonia,JioHotstar,movie
Titanic,https://www.justwatch.com/in/movie/titanic,JioHotstar,movie
Hridayam,https://www.justwatch.com/in/movie/hridayam,JioHotstar,movie
300,https://www.justwatch.com/in/movie/300,JioHotstar,movie
Geetha Govindam,https://www.justwatch.com/in/movie/geetha-govindam,JioHotstar,movie
Rangasthalam,https://www.justwatch.com/in/movie/rangasthalam,JioHotstar,movie
Inception,https://www.justwatch.com/in/movie/inception,JioHotstar,movie
Iron Man,https://www.justwatch.com/in/movie/iron-man,JioHotstar,movie
The Lunchbox,https://www.justwatch.com/in/movie/the-lunchbox,JioHotstar,movie
Strange Days,https://www.justwatch.com/in/movie/strange-days,JioHotstar,movie
The Amazing Spider-Man,https://www.justwatch.com/in/movie/the-amazing-spider-man,JioHotstar,movie
Pirates of the Caribbean: The Curse of the Black Pearl,https://www.justwatch.com/in/movie/pirates-of-the-caribbean-the-curse-of-the-black-pearl,JioHotstar,movie
The Lord of the Rings: The Fellowship of the Ring,https://www.justwatch.com/in/movie/the-lord-of-the-rings-the-fellowship-of-the-ring,JioHotstar,movie
Chhichhore,https://www.justwatch.com/in/movie/chhichhore,JioHotstar,movie
Avengers: Infinity War,https://www.justwatch.com/in/movie/avengers-infinity-war,JioHotstar,movie
Weapons,https://www.justwatch.com/in/movie/weapons-2025,JioHotstar,movie
Bugonia,https://www.justwatch.com/in/movie/bugonia,JioHotstar,movie
Bāhubali: The Beginning,https://www.justwatch.com/in/movie/baahubali-the-beginning,JioHotstar,movie
The Devil's Bride,https://www.justwatch.com/in/movie/the-devils-bride,JioHotstar,movie
K.G.F: Chapter 1,https://www.justwatch.com/in/movie/k-g-f-chapter-1,JioHotstar,movie
Sisu,https://www.justwatch.com/in/movie/sisu-2023,JioHotstar,movie
The Brutalist,https://www.justwatch.com/in/movie/the-brutalist,JioHotstar,movie
Spider-Man: Far From Home,https://www.justwatch.com/in/movie/spider-man-far-from-home,JioHotstar,movie
Sing 2,https://www.justwatch.com/in/movie/sing-2,JioHotstar,movie
Toy Story,https://www.justwatch.com/in/movie/toy-story,JioHotstar,movie
First Man,https://www.justwatch.com/in/movie/first-man,JioHotstar,movie
Atonement,https://www.justwatch.com/in/movie/atonement,JioHotstar,movie
Superman,https://www.justwatch.com/in/movie/superman-2025,JioHotstar,movie
Hello!,https://www.justwatch.com/in/movie/hello-2017,JioHotstar,movie
Ved,https://www.justwatch.com/in/movie/ved,JioHotstar,movie
Man of Steel,https://www.justwatch.com/in/movie/man-of-steel,JioHotstar,movie
The Godfather,https://www.justwatch.com/in/movie/the-godfather,JioHotstar,movie
12th Fail,https://www.justwatch.com/in/movie/12th-fail,JioHotstar,movie
Inglourious Basterds,https://www.justwatch.com/in/movie/inglourious-basterds,JioHotstar,movie
Wardriver,https://www.justwatch.com/in/movie/wardriver,JioHotstar,movie
Oppenheimer,https://www.justwatch.com/in/movie/oppenheimer,JioHotstar,movie
Total Dhamaal,https://www.justwatch.com/in/movie/total-dhamaal,JioHotstar,movie
Jumanji: Welcome to the Jungle,https://www.justwatch.com/in/movie/jumanji-welcome-to-the-jungle,JioHotstar,movie
The Devil Wears Prada,https://www.justwatch.com/in/movie/the-devil-wears-prada,JioHotstar,movie
The Dark Knight,https://www.justwatch.com/in/movie/the-dark-knight,JioHotstar,movie
Sinners,https://www.justwatch.com/in/movie/sinners-2025,JioHotstar,movie
The RajaSaab,https://www.justwatch.com/in/movie/the-raja-saab,JioHotstar,movie
The Matrix,https://www.justwatch.com/in/movie/the-matrix,JioHotstar,movie
Shutter Island,https://www.justwatch.com/in/movie/shutter-island,JioHotstar,movie
Ford v Ferrari,https://www.justwatch.com/in/movie/ford-v-ferrari,JioHotstar,movie
The Avengers,https://www.justwatch.com/in/movie/the-avengers,JioHotstar,movie
Marco,https://www.justwatch.com/in/movie/marco-2024,JioHotstar,movie
Dead Poets Society,https://www.justwatch.com/in/movie/dead-poets-society,JioHotstar,movie
Blade Runner 2049,https://www.justwatch.com/in/movie/blade-runner-2049,JioHotstar,movie
About Time,https://www.justwatch.com/in/movie/about-time,JioHotstar,movie
Avatar,https://www.justwatch.com/in/movie/avatar,JioHotstar,movie
Sarkar,https://www.justwatch.com/in/movie/sarkar-2018,JioHotstar,movie
Catch Me If You Can,https://www.justwatch.com/in/movie/catch-me-if-you-can,JioHotstar,movie
Drishyam,https://www.justwatch.com/in/movie/drishyam,JioHotstar,movie
Train to Busan,https://www.justwatch.com/in/movie/train-to-busan,JioHotstar,movie
Vivah,https://www.justwatch.com/in/movie/vivah,JioHotstar,movie
Top Gun: Maverick,https://www.justwatch.com/in/movie/top-gun-maverick,JioHotstar,movie
Touch,https://www.justwatch.com/in/movie/touch-0,JioHotstar,movie
Kabir Singh,https://www.justwatch.com/in/movie/kabir-singh,JioHotstar,movie
Mermaid,https://www.justwatch.com/in/movie/mermaid,JioHotstar,movie
Kill,https://www.justwatch.com/in/movie/kill-2024,JioHotstar,movie
Dev.D,https://www.justwatch.com/in/movie/dev-d,JioHotstar,movie
Get Out,https://www.justwatch.com/in/movie/get-out,JioHotstar,movie
Speak No Evil,https://www.justwatch.com/in/movie/speak-no-evil-2024,JioHotstar,movie
The Conjuring: Last Rites,https://www.justwatch.com/in/movie/the-conjuring-last-rites,JioHotstar,movie
The Monkey,https://www.justwatch.com/in/movie/the-monkey,JioHotstar,movie
Inside Man,https://www.justwatch.com/in/movie/inside-man,JioHotstar,movie
Captain America: Civil War,https://www.justwatch.com/in/movie/captain-america-civil-war,JioHotstar,movie
Zootopia 2,https://www.justwatch.com/in/movie/zootopia-2,JioHotstar,movie
The Martian,https://www.justwatch.com/in/movie/the-martian,JioHotstar,movie
The Conjuring,https://www.justwatch.com/in/movie/the-conjuring,JioHotstar,movie
Bang My Box: The Robin Byrd Story,https://www.justwatch.com/in/movie/bang-my-box-the-robin-byrd-story,JioHotstar,movie
The Amazing Spider-Man 2,https://www.justwatch.com/in/movie/the-amazing-spider-man-2,JioHotstar,movie
Tamasha,https://www.justwatch.com/in/movie/tamasha,JioHotstar,movie
Avatar: The Way of Water,https://www.justwatch.com/in/movie/avatar-2,JioHotstar,movie
Sathi Leelavathi,https://www.justwatch.com/in/movie/sathi-leelavathi-2025,JioHotstar,movie
Nosferatu,https://www.justwatch.com/in/movie/nosferatu-2023,JioHotstar,movie
Bāhubali 2: The Conclusion,https://www.justwatch.com/in/movie/baahubali-2-the-conclusion,JioHotstar,movie
Raid,https://www.justwatch.com/in/movie/raid,JioHotstar,movie
10 Things I Hate About You,https://www.justwatch.com/in/movie/10-things-i-hate-about-you,JioHotstar,movie
Mario,https://www.justwatch.com/in/movie/mario-2025,JioHotstar,movie
Ratsasan,https://www.justwatch.com/in/movie/ratsasan,JioHotstar,movie
A Quiet Place,https://www.justwatch.com/in/movie/a-quiet-place,JioHotstar,movie
Liger,https://www.justwatch.com/in/movie/liger,JioHotstar,movie
Hum Saath Saath Hain,https://www.justwatch.com/in/movie/hum-saath-saath-hain,JioHotstar,movie
Zack Snyder's Justice League,https://www.justwatch.com/in/movie/zack-snyders-justice-league,JioHotstar,movie
(500) Days of Summer,https://www.justwatch.com/in/movie/500-days-of-summer,JioHotstar,movie
Vaazha,https://www.justwatch.com/in/movie/vaazha,JioHotstar,movie
Lokah Chapter 1: Chandra,https://www.justwatch.com/in/movie/lokah-chapter-one-chandra,JioHotstar,movie
Mangalavaaram,https://www.justwatch.com/in/movie/mangalavaram,JioHotstar,movie
Avengers: Endgame,https://www.justwatch.com/in/movie/avengers-endgame,JioHotstar,movie
Maleficent,https://www.justwatch.com/in/movie/maleficent,JioHotstar,movie
Ransomed,https://www.justwatch.com/in/movie/ransomed,JioHotstar,movie
Predator: Badlands,https://www.justwatch.com/in/movie/predator-badlands,JioHotstar,movie
Toy Story 4,https://www.justwatch.com/in/movie/toy-story-4,JioHotstar,movie
Schindler's List,https://www.justwatch.com/in/movie/schindlers-list,JioHotstar,movie
Sister Midnight,https://www.justwatch.com/in/movie/sister-midnight,JioHotstar,movie
Latency,https://www.justwatch.com/in/movie/latency,JioHotstar,movie
Batman v Superman: Dawn of Justice,https://www.justwatch.com/in/movie/batman-v-superman-dawn-of-justice,JioHotstar,movie
Deadpool,https://www.justwatch.com/in/movie/deadpool,JioHotstar,movie
21 Grams,https://www.justwatch.com/in/movie/21-grams,JioHotstar,movie
R.L. Stine's Pumpkinhead,https://www.justwatch.com/in/movie/r-l-stines-pumpkinhead,JioHotstar,movie
A Woman Called Mother,https://www.justwatch.com/in/movie/a-woman-called-mother,JioHotstar,movie
Batman Begins,https://www.justwatch.com/in/movie/batman-begins,JioHotstar,movie
Bruce Almighty,https://www.justwatch.com/in/movie/bruce-almighty,JioHotstar,movie
The Hangover,https://www.justwatch.com/in/movie/the-hangover,JioHotstar,movie
Welcome,https://www.justwatch.com/in/movie/welcome,JioHotstar,movie
Drishyam,https://www.justwatch.com/in/movie/drishyam-2013,JioHotstar,movie
The Incredible Hulk,https://www.justwatch.com/in/movie/the-incredible-hulk,JioHotstar,movie
Gatta Kusthi,https://www.justwatch.com/in/movie/gatta-kusthi,JioHotstar,movie
World War Z,https://www.justwatch.com/in/movie/world-war-z,JioHotstar,movie
Hollow Man,https://www.justwatch.com/in/movie/hollow-man,JioHotstar,movie
Vivarium,https://www.justwatch.com/in/movie/vivarium,JioHotstar,movie
Fifty Shades Freed,https://www.justwatch.com/in/movie/fifty-shades-freed,JioHotstar,movie
The Medium,https://www.justwatch.com/in/movie/the-medium-2021,JioHotstar,movie
Jumanji: The Next Level,https://www.justwatch.com/in/movie/jumanji-the-next-level,JioHotstar,movie
Ne Zha 2,https://www.justwatch.com/in/movie/ne-zha-2,JioHotstar,movie
Hidden Figures,https://www.justwatch.com/in/movie/hidden-figures,JioHotstar,movie
Mad Max: Fury Road,https://www.justwatch.com/in/movie/mad-max-fury-road,JioHotstar,movie
Ready or Not,https://www.justwatch.com/in/movie/ready-or-not-2019,JioHotstar,movie
The Boy Next Door,https://www.justwatch.com/in/movie/the-boy-next-door,JioHotstar,movie
777 Charlie,https://www.justwatch.com/in/movie/777-charlie,JioHotstar,movie
Dolittle,https://www.justwatch.com/in/movie/the-voyage-of-doctor-dolittle,JioHotstar,movie
Pearl,https://www.justwatch.com/in/movie/pearl-2022,JioHotstar,movie
Arjun Reddy,https://www.justwatch.com/in/movie/arjun-reddy,JioHotstar,movie
Aladdin,https://www.justwatch.com/in/movie/aladdin-2019,JioHotstar,movie
Jurassic Park,https://www.justwatch.com/in/movie/jurassic-park,JioHotstar,movie
Jab We Met,https://www.justwatch.com/in/movie/jab-we-met,JioHotstar,movie
Manam,https://www.justwatch.com/in/movie/manam,JioHotstar,movie
Scarface,https://www.justwatch.com/in/movie/scarface,JioHotstar,movie
Prem Ratan Dhan Payo,https://www.justwatch.com/in/movie/prem-ratan-dhan-payo,JioHotstar,movie
In the Blink of an Eye,https://www.justwatch.com/in/movie/in-the-blink-of-an-eye,JioHotstar,movie
Independence Day,https://www.justwatch.com/in/movie/independence-day,JioHotstar,movie
The Exorcism of Emily Rose,https://www.justwatch.com/in/movie/the-exorcism-of-emily-rose,JioHotstar,movie
The Dark Knight Rises,https://www.justwatch.com/in/movie/the-dark-knight-rises,JioHotstar,movie
Don Jon,https://www.justwatch.com/in/movie/don-jon,JioHotstar,movie
The Batman,https://www.justwatch.com/in/movie/the-batman,JioHotstar,movie
Iron Man 3,https://www.justwatch.com/in/movie/iron-man-3,JioHotstar,movie
Nocturnal Animals,https://www.justwatch.com/in/movie/nocturnal-animals,JioHotstar,movie
Limitless,https://www.justwatch.com/in/movie/limitless,JioHotstar,movie
Back to the Future,https://www.justwatch.com/in/movie/back-to-the-future,JioHotstar,movie
Ek Vivaah... Aisa Bhi,https://www.justwatch.com/in/movie/ek-vivaah-aisa-bhi,JioHotstar,movie
Moana,https://www.justwatch.com/in/movie/moana,JioHotstar,movie
Sarvam Maya,https://www.justwatch.com/in/movie/sarvam-maya,JioHotstar,movie
Nobody,https://www.justwatch.com/in/movie/nobody,JioHotstar,movie
Arjun S/O Vyjayanthi,https://www.justwatch.com/in/movie/nkr21,JioHotstar,movie
The Legend of Ochi,https://www.justwatch.com/in/movie/the-legend-of-ochi,JioHotstar,movie
MaXXXine,https://www.justwatch.com/in/movie/maxxxine,JioHotstar,movie
Finding Nemo,https://www.justwatch.com/in/movie/finding-nemo,JioHotstar,movie
Venom: Let There Be Carnage,https://www.justwatch.com/in/movie/venom-let-there-be-carnage,JioHotstar,movie
"Crazy, Stupid, Love.",https://www.justwatch.com/in/movie/crazy-stupid-love,JioHotstar,movie
The Super Mario Bros. Movie,https://www.justwatch.com/in/movie/super-mario-bros-the-movie,JioHotstar,movie
Gaami,https://www.justwatch.com/in/movie/gaami,JioHotstar,movie
The Descent,https://www.justwatch.com/in/movie/the-descent,JioHotstar,movie
Yesterday,https://www.justwatch.com/in/movie/yesterday,JioHotstar,movie
Immaculate,https://www.justwatch.com/in/movie/immaculate-2024,JioHotstar,movie
The Intern,https://www.justwatch.com/in/movie/the-intern,JioHotstar,movie
Love Aaj Kal,https://www.justwatch.com/in/movie/love-aaj-kal-2020,JioHotstar,movie
Manjummel Boys,https://www.justwatch.com/in/movie/manjummel-boys,JioHotstar,movie
Django Unchained,https://www.justwatch.com/in/movie/django-unchained,JioHotstar,movie
Venom,https://www.justwatch.com/in/movie/venom-2018,JioHotstar,movie
Mersal,https://www.justwatch.com/in/movie/mersal,JioHotstar,movie
Mark,https://www.justwatch.com/in/movie/mark-2025,JioHotstar,movie
Vikram,https://www.justwatch.com/in/movie/vikram-2021,JioHotstar,movie
Heaven,https://www.justwatch.com/in/movie/heaven-2022,JioHotstar,movie
The Karate Kid,https://www.justwatch.com/in/movie/the-karate-kid,JioHotstar,movie
Eleven,https://www.justwatch.com/in/movie/eleven-2025,JioHotstar,movie
Zebra,https://www.justwatch.com/in/movie/zebra,JioHotstar,movie
Pitch Perfect,https://www.justwatch.com/in/movie/pitch-perfect,JioHotstar,movie
Life of Pi,https://www.justwatch.com/in/movie/life-of-pi,JioHotstar,movie
Jurassic World Dominion,https://www.justwatch.com/in/movie/jurassic-world-dominion,JioHotstar,movie
Play Dead,https://www.justwatch.com/in/movie/play-dead-2022,JioHotstar,movie
The Day of the Jackal,https://www.justwatch.com/in/movie/the-day-of-the-jackal,JioHotstar,movie
The Conjuring 2,https://www.justwatch.com/in/movie/the-conjuring-2,JioHotstar,movie
Minions: The Rise of Gru,https://www.justwatch.com/in/movie/minions-the-rise-of-gru,JioHotstar,movie
Zwigato,https://www.justwatch.com/in/movie/zwigato,JioHotstar,movie
Lipstick Under My Burkha,https://www.justwatch.com/in/movie/lipstick-under-my-burkha,JioHotstar,movie
Su from So,https://www.justwatch.com/in/movie/su-from-so,JioHotstar,movie
"Silent Night, Deadly Night",https://www.justwatch.com/in/movie/silent-night-deadly-night-0,JioHotstar,movie
Splitsville,https://www.justwatch.com/in/movie/splitsville,JioHotstar,movie
The Fast and the Furious,https://www.justwatch.com/in/movie/the-fast-and-the-furious,JioHotstar,movie
Uncharted,https://www.justwatch.com/in/movie/uncharted,JioHotstar,movie
Bhoothakkannadi,https://www.justwatch.com/in/movie/bhoothakkannadi,JioHotstar,movie
Dog 51,https://www.justwatch.com/in/movie/chien-51-2025,JioHotstar,movie
Avengers: Age of Ultron,https://www.justwatch.com/in/movie/avengers-age-of-ultron,JioHotstar,movie
Forrest Gump,https://www.justwatch.com/in/movie/forrest-gump,JioHotstar,movie
Paan Singh Tomar,https://www.justwatch.com/in/movie/paan-singh-tomar,JioHotstar,movie
The Big Lebowski,https://www.justwatch.com/in/movie/the-big-lebowski,JioHotstar,movie
Fifty Shades Darker,https://www.justwatch.com/in/movie/fifty-shades-darker,JioHotstar,movie
Born on the Fourth of July,https://www.justwatch.com/in/movie/born-on-the-fourth-of-july,JioHotstar,movie
Happy Gilmore,https://www.justwatch.com/in/movie/happy-gilmore,JioHotstar,movie
xXx,https://www.justwatch.com/in/movie/xxx,JioHotstar,movie
The Lord of the Rings: The Return of the King,https://www.justwatch.com/in/movie/the-lord-of-the-rings-the-return-of-the-king,JioHotstar,movie
24,https://www.justwatch.com/in/movie/24,JioHotstar,movie
Eesha,https://www.justwatch.com/in/movie/eesha-2025,JioHotstar,movie
Dracula: A Love Tale,https://www.justwatch.com/in/movie/dracula-a-love-tale,JioHotstar,movie
Rental Family,https://www.justwatch.com/in/movie/rental-family,JioHotstar,movie
Color Out of Space,https://www.justwatch.com/in/movie/color-out-of-space,JioHotstar,movie
Thudarum,https://www.justwatch.com/in/movie/thudarum,JioHotstar,movie
Housefull 4,https://www.justwatch.com/in/movie/housefull-4,JioHotstar,movie
Transformers,https://www.justwatch.com/in/movie/transformers,JioHotstar,movie
Top Gun,https://www.justwatch.com/in/movie/vesper,JioHotstar,movie
The Bad Guys: Reign of Chaos,https://www.justwatch.com/in/movie/the-bad-guys-reign-of-chaos,JioHotstar,movie
Pritam Pedro,https://www.justwatch.com/in/tv-show/pritam-pedro,JioHotstar,show
House of the Dragon,https://www.justwatch.com/in/tv-show/house-of-the-dragon,JioHotstar,show
Game of Thrones,https://www.justwatch.com/in/tv-show/game-of-thrones,JioHotstar,show
Bigg Boss,https://www.justwatch.com/in/tv-show/bigg-boss,JioHotstar,show
Resort,https://www.justwatch.com/in/tv-show/resort,JioHotstar,show
Euphoria,https://www.justwatch.com/in/tv-show/euphoria,JioHotstar,show
Kaisi Yeh Yaariyan,https://www.justwatch.com/in/tv-show/kaisi-yeh-yaariaan,JioHotstar,show
Avatar: The Last Airbender,https://www.justwatch.com/in/tv-show/avatar-the-last-airbender-2005,JioHotstar,show
Jujutsu Kaisen,https://www.justwatch.com/in/tv-show/jujutsu-kaisen,JioHotstar,show
Asur: Welcome to Your Dark Side,https://www.justwatch.com/in/tv-show/asur,JioHotstar,show
Thukra Ke Mera Pyaar,https://www.justwatch.com/in/tv-show/thukra-ke-mera-pyaar,JioHotstar,show
Classroom of the Elite,https://www.justwatch.com/in/tv-show/classroom-of-the-elite,JioHotstar,show
Friends,https://www.justwatch.com/in/tv-show/friends,JioHotstar,show
24,https://www.justwatch.com/in/tv-show/24-india,JioHotstar,show
A Knight of the Seven Kingdoms,https://www.justwatch.com/in/tv-show/a-knight-of-the-seven-kingdoms-the-hedge-knight,JioHotstar,show
The Agency,https://www.justwatch.com/in/tv-show/the-agency,JioHotstar,show
Kimetsu no Yaiba,https://www.justwatch.com/in/tv-show/demon-slayer-kimetsu-no-yaiba,JioHotstar,show
MTV Splitsvilla,https://www.justwatch.com/in/tv-show/mtv-splitsvilla,JioHotstar,show
The Bear,https://www.justwatch.com/in/tv-show/the-bear,JioHotstar,show
Prison Break,https://www.justwatch.com/in/tv-show/prison-break,JioHotstar,show
Mushoku Tensei: Jobless Reincarnation,https://www.justwatch.com/in/tv-show/mushoku-tensei-jobless-reincarnation,JioHotstar,show
Dutton Ranch,https://www.justwatch.com/in/tv-show/dutton-ranch,JioHotstar,show
A Shop for Killers,https://www.justwatch.com/in/tv-show/a-shop-for-killers,JioHotstar,show
Laughter Chefs Unlimited Entertainment,https://www.justwatch.com/in/tv-show/laughter-chefs-unlimited-entertainment,JioHotstar,show
The Vampire Diaries,https://www.justwatch.com/in/tv-show/the-vampire-diaries,JioHotstar,show
Shin Chan,https://www.justwatch.com/in/tv-show/crayon-shin-chan,JioHotstar,show
Suits,https://www.justwatch.com/in/tv-show/suits,JioHotstar,show
The Day of the Jackal,https://www.justwatch.com/in/tv-show/the-day-of-the-jackal,JioHotstar,show
Chernobyl,https://www.justwatch.com/in/tv-show/chernobyl,JioHotstar,show
Perfect Crown,https://www.justwatch.com/in/tv-show/perfect-crown,JioHotstar,show
True Detective,https://www.justwatch.com/in/tv-show/true-detective,JioHotstar,show
Naagin,https://www.justwatch.com/in/tv-show/naagin,JioHotstar,show
Tensei Shitara Suraimu Datta Ken,https://www.justwatch.com/in/tv-show/that-time-i-got-reincarnated-as-a-slime,JioHotstar,show
Modern Family,https://www.justwatch.com/in/tv-show/modern-family,JioHotstar,show
Law & Order: Special Victims Unit,https://www.justwatch.com/in/tv-show/law-and-order-special-victims-unit,JioHotstar,show
Yellowstone,https://www.justwatch.com/in/tv-show/yellowstone,JioHotstar,show
Inspector Avinash,https://www.justwatch.com/in/tv-show/inspector-avinash,JioHotstar,show
Seher Hone Ko Hai,https://www.justwatch.com/in/tv-show/seher-hone-ko-hai,JioHotstar,show
Tôkyô Ribenjâzu,https://www.justwatch.com/in/tv-show/tokyo-revengers,JioHotstar,show
Under the Dome,https://www.justwatch.com/in/tv-show/under-the-dome,JioHotstar,show
Succession,https://www.justwatch.com/in/tv-show/succession,JioHotstar,show
Mahabharatham,https://www.justwatch.com/in/tv-show/mahabharatham,JioHotstar,show
X-Men '97,https://www.justwatch.com/in/tv-show/x-men-97,JioHotstar,show
Dexter,https://www.justwatch.com/in/tv-show/dexter,JioHotstar,show
My Hero Academia,https://www.justwatch.com/in/tv-show/my-hero-academia,JioHotstar,show
Heroes,https://www.justwatch.com/in/tv-show/heroes,JioHotstar,show
Georgie & Mandy's First Marriage,https://www.justwatch.com/in/tv-show/georgie-and-mandys-first-marriage,JioHotstar,show
Supernatural,https://www.justwatch.com/in/tv-show/supernatural,JioHotstar,show
The Wire,https://www.justwatch.com/in/tv-show/the-wire,JioHotstar,show
Chiraiya,https://www.justwatch.com/in/tv-show/chiraiya,JioHotstar,show
Big Mouth,https://www.justwatch.com/in/tv-show/big-mouth-2022,JioHotstar,show
Marvel's Daredevil,https://www.justwatch.com/in/tv-show/marvels-daredevil,JioHotstar,show
Young Sheldon,https://www.justwatch.com/in/tv-show/young-sheldon,JioHotstar,show
Peacemaker,https://www.justwatch.com/in/tv-show/peacemaker,JioHotstar,show
The Beauty,https://www.justwatch.com/in/tv-show/the-beauty,JioHotstar,show
The Pitt,https://www.justwatch.com/in/tv-show/the-pitt,JioHotstar,show
The Sopranos,https://www.justwatch.com/in/tv-show/the-sopranos,JioHotstar,show
Oz,https://www.justwatch.com/in/tv-show/oz,JioHotstar,show
How I Met Your Mother,https://www.justwatch.com/in/tv-show/how-i-met-your-mother,JioHotstar,show
Loki,https://www.justwatch.com/in/tv-show/loki,JioHotstar,show
Shōgun,https://www.justwatch.com/in/tv-show/shogun-2024,JioHotstar,show
Hostages,https://www.justwatch.com/in/tv-show/hostages-2019,JioHotstar,show
SPY x FAMILY,https://www.justwatch.com/in/tv-show/spy-x-family,JioHotstar,show
Banshee,https://www.justwatch.com/in/tv-show/banshee,JioHotstar,show
Light Shop,https://www.justwatch.com/in/tv-show/light-shop,JioHotstar,show
Haikyu!!,https://www.justwatch.com/in/tv-show/haikyu,JioHotstar,show
Paradise,https://www.justwatch.com/in/tv-show/paradise-2025,JioHotstar,show
Landman,https://www.justwatch.com/in/tv-show/landman,JioHotstar,show
The Last of Us,https://www.justwatch.com/in/tv-show/the-last-of-us,JioHotstar,show
The Office,https://www.justwatch.com/in/tv-show/the-office,JioHotstar,show
Sex and the City,https://www.justwatch.com/in/tv-show/sex-and-the-city,JioHotstar,show
The Big Bang Theory,https://www.justwatch.com/in/tv-show/the-big-bang-theory,JioHotstar,show
Malcolm in the Middle,https://www.justwatch.com/in/tv-show/malcolm-in-the-middle,JioHotstar,show
Special Ops,https://www.justwatch.com/in/tv-show/special-ops,JioHotstar,show
Save the Tigers,https://www.justwatch.com/in/tv-show/save-the-tigers,JioHotstar,show
The Worst of Evil,https://www.justwatch.com/in/tv-show/the-worst-of-evil,JioHotstar,show
Numb3rs,https://www.justwatch.com/in/tv-show/numb3rs,JioHotstar,show
Mr. Robot,https://www.justwatch.com/in/tv-show/mr-robot,JioHotstar,show
Mansion 24,https://www.justwatch.com/in/tv-show/mansion-24,JioHotstar,show
Swaragini,https://www.justwatch.com/in/tv-show/swaragini,JioHotstar,show
The Flash,https://www.justwatch.com/in/tv-show/the-flash,JioHotstar,show
Mubing,https://www.justwatch.com/in/tv-show/moving,JioHotstar,show
Marvel's The Punisher,https://www.justwatch.com/in/tv-show/marvels-the-punisher,JioHotstar,show
IT: Welcome to Derry,https://www.justwatch.com/in/tv-show/welcome-to-derry,JioHotstar,show
Cooku with Comali,https://www.justwatch.com/in/tv-show/cooku-with-comali,JioHotstar,show
Muthu Alias Kaattaan,https://www.justwatch.com/in/tv-show/muthu-alias-kaattaan,JioHotstar,show
Mayor of Kingstown,https://www.justwatch.com/in/tv-show/mayor-of-kingstown,JioHotstar,show
High Potential,https://www.justwatch.com/in/tv-show/high-potential,JioHotstar,show
Hacks,https://www.justwatch.com/in/tv-show/hacks,JioHotstar,show
1923,https://www.justwatch.com/in/tv-show/1923,JioHotstar,show
The White Lotus,https://www.justwatch.com/in/tv-show/the-white-lotus,JioHotstar,show
Brooklyn Nine-Nine,https://www.justwatch.com/in/tv-show/brooklyn-nine-nine,JioHotstar,show
The Americans,https://www.justwatch.com/in/tv-show/the-americans,JioHotstar,show
The Manipulated,https://www.justwatch.com/in/tv-show/the-manipulated,JioHotstar,show
Family Guy,https://www.justwatch.com/in/tv-show/family-guy,JioHotstar,show
Billions,https://www.justwatch.com/in/tv-show/billions,JioHotstar,show
Bepannah,https://www.justwatch.com/in/tv-show/bepannaah,JioHotstar,show
Band of Brothers,https://www.justwatch.com/in/tv-show/band-of-brothers,JioHotstar,show
Industry,https://www.justwatch.com/in/tv-show/industry,JioHotstar,show
La Brea,https://www.justwatch.com/in/tv-show/la-brea,JioHotstar,show
Tulsa King,https://www.justwatch.com/in/tv-show/tulsa-king,JioHotstar,show
"Life, Larry and the Pursuit of Unhappiness: An Almost History of America",https://www.justwatch.com/in/tv-show/life-larry-and-the-pursuit-of-unhappiness-an-almost-history-of-america,JioHotstar,show
It's Always Sunny in Philadelphia,https://www.justwatch.com/in/tv-show/its-always-sunny-in-philadelphia,JioHotstar,show
Brothers and Sisters,https://www.justwatch.com/in/tv-show/brothers-and-sisters-2026,JioHotstar,show
House,https://www.justwatch.com/in/tv-show/house,JioHotstar,show
Wonder Man,https://www.justwatch.com/in/tv-show/wonder-man-0,JioHotstar,show
Dune: Prophecy,https://www.justwatch.com/in/tv-show/dune-the-sisterhood,JioHotstar,show
RadhaKrishn,https://www.justwatch.com/in/tv-show/radhakrishn,JioHotstar,show
Your Honor,https://www.justwatch.com/in/tv-show/your-honor-2020,JioHotstar,show
Arrow,https://www.justwatch.com/in/tv-show/arrow,JioHotstar,show
Cousins and Kalyanams,https://www.justwatch.com/in/tv-show/cousins-and-kalyanams,JioHotstar,show
The Legend of Korra,https://www.justwatch.com/in/tv-show/the-legend-of-korra,JioHotstar,show
Station Eleven,https://www.justwatch.com/in/tv-show/station-eleven,JioHotstar,show
Andor,https://www.justwatch.com/in/tv-show/andor,JioHotstar,show
DTF St. Louis,https://www.justwatch.com/in/tv-show/dtf-st-louis,JioHotstar,show
Marvel's Agents of S.H.I.E.L.D.,https://www.justwatch.com/in/tv-show/marvels-agents-of-s-h-i-e-l-d,JioHotstar,show
Marvel's Iron Fist,https://www.justwatch.com/in/tv-show/marvels-iron-fist,JioHotstar,show
The Outsider,https://www.justwatch.com/in/tv-show/the-outsider,JioHotstar,show
Yellowjackets,https://www.justwatch.com/in/tv-show/yellowjackets,JioHotstar,show
Pyaar Kii Ye Ek Kahaani,https://www.justwatch.com/in/tv-show/pyaar-kii-ye-ek-kahaani,JioHotstar,show
The Leftovers,https://www.justwatch.com/in/tv-show/the-leftovers,JioHotstar,show
Warrior,https://www.justwatch.com/in/tv-show/warrior-2019,JioHotstar,show
Meri Aashiqui Tum Se Hi,https://www.justwatch.com/in/tv-show/meri-aashiqui-tum-se-hi,JioHotstar,show
Salakaar,https://www.justwatch.com/in/tv-show/salakaar,JioHotstar,show
Key & Peele,https://www.justwatch.com/in/tv-show/key-and-peele,JioHotstar,show
Grey's Anatomy,https://www.justwatch.com/in/tv-show/greys-anatomy,JioHotstar,show
Gundeninda Gudigantalu,https://www.justwatch.com/in/tv-show/gundeninda-gudigantalu,JioHotstar,show
Percy Jackson and the Olympians,https://www.justwatch.com/in/tv-show/percy-jackson-and-the-olympians,JioHotstar,show
Grimm,https://www.justwatch.com/in/tv-show/grimm,JioHotstar,show
Homeland,https://www.justwatch.com/in/tv-show/homeland,JioHotstar,show
Deep Revenge,https://www.justwatch.com/in/tv-show/deep-revenge,JioHotstar,show
Yeh Rishtey Hain Pyaar Ke,https://www.justwatch.com/in/tv-show/yeh-rishtey-hain-pyaar-ke,JioHotstar,show
Resident Alien,https://www.justwatch.com/in/tv-show/resident-alien,JioHotstar,show
Broken But Beautiful,https://www.justwatch.com/in/tv-show/broken-but-beautiful,JioHotstar,show
Fuh se Fantasy,https://www.justwatch.com/in/tv-show/fuh-se-fantasy,JioHotstar,show
Aashiqana,https://www.justwatch.com/in/tv-show/aashiqana,JioHotstar,show
Rooster,https://www.justwatch.com/in/tv-show/rooster,JioHotstar,show
The Legend of Hanuman,https://www.justwatch.com/in/tv-show/the-legend-of-hanuman,JioHotstar,show
Two and a Half Men,https://www.justwatch.com/in/tv-show/two-and-a-half-men,JioHotstar,show
Silicon Valley,https://www.justwatch.com/in/tv-show/silicon-valley,JioHotstar,show
The 4400,https://www.justwatch.com/in/tv-show/the-4400,JioHotstar,show
9-1-1,https://www.justwatch.com/in/tv-show/9-1-1,JioHotstar,show
Moon Knight,https://www.justwatch.com/in/tv-show/moon-knight,JioHotstar,show
The Sex Lives of College Girls,https://www.justwatch.com/in/tv-show/the-sex-lives-of-college-girls,JioHotstar,show
Tell Me Lies,https://www.justwatch.com/in/tv-show/tell-me-lies,JioHotstar,show
Evil,https://www.justwatch.com/in/tv-show/evil,JioHotstar,show
Taaza Khabar,https://www.justwatch.com/in/tv-show/taaza-khabar,JioHotstar,show
The Penguin,https://www.justwatch.com/in/tv-show/the-penguin,JioHotstar,show
Rome,https://www.justwatch.com/in/tv-show/rome,JioHotstar,show
The Capture,https://www.justwatch.com/in/tv-show/the-capture,JioHotstar,show
Deli Boys,https://www.justwatch.com/in/tv-show/deli-boys,JioHotstar,show
The Night Of,https://www.justwatch.com/in/tv-show/the-night-of,JioHotstar,show
Vikram On Duty,https://www.justwatch.com/in/tv-show/vikram-on-duty,JioHotstar,show
Parks and Recreation,https://www.justwatch.com/in/tv-show/parks-and-recreation,JioHotstar,show
The Seven Deadly Sins,https://www.justwatch.com/in/tv-show/the-seven-deadly-sins,JioHotstar,show
All Her Fault,https://www.justwatch.com/in/tv-show/all-her-fault,JioHotstar,show
The Five Star Weekend,https://www.justwatch.com/in/tv-show/the-five-star-weekend,JioHotstar,show
Ishq Aur Desire,https://www.justwatch.com/in/tv-show/bekaaboo,JioHotstar,show
Reign,https://www.justwatch.com/in/tv-show/reign,JioHotstar,show
Iss Pyaar Ko Kya Naam Doon,https://www.justwatch.com/in/tv-show/what-name-should-i-give-this-love,JioHotstar,show
Mare of Easttown,https://www.justwatch.com/in/tv-show/mare-of-easttown,JioHotstar,show
Curb Your Enthusiasm,https://www.justwatch.com/in/tv-show/curb-your-enthusiasm,JioHotstar,show
Twin Peaks,https://www.justwatch.com/in/tv-show/twin-peaks-2017,JioHotstar,show
Heart Beat,https://www.justwatch.com/in/tv-show/heart-beat,JioHotstar,show
Dil Ko Tumse Pyaar Hua,https://www.justwatch.com/in/tv-show/dil-ko-tumse-pyaar-hua,JioHotstar,show
Alien: Earth,https://www.justwatch.com/in/tv-show/alien,JioHotstar,show
Scorpion,https://www.justwatch.com/in/tv-show/scorpion,JioHotstar,show
The King of Queens,https://www.justwatch.com/in/tv-show/the-king-of-queens,JioHotstar,show
Big Little Lies,https://www.justwatch.com/in/tv-show/big-little-lies,JioHotstar,show
Devon Ke Dev...Mahadev,https://www.justwatch.com/in/tv-show/devon-ke-dev-mhaadev,JioHotstar,show
Below Deck,https://www.justwatch.com/in/tv-show/below-deck,JioHotstar,show
Nazar,https://www.justwatch.com/in/tv-show/nazar,JioHotstar,show
The Newsroom,https://www.justwatch.com/in/tv-show/the-newsroom,JioHotstar,show
Aarya,https://www.justwatch.com/in/tv-show/aarya,JioHotstar,show
Doree,https://www.justwatch.com/in/tv-show/doree,JioHotstar,show
Below Deck Mediterranean,https://www.justwatch.com/in/tv-show/below-deck-mediterranean,JioHotstar,show
PAW Patrol,https://www.justwatch.com/in/tv-show/paw-patrol,JioHotstar,show
Only Murders in the Building,https://www.justwatch.com/in/tv-show/only-murders-in-the-building,JioHotstar,show
Akgwi,https://www.justwatch.com/in/tv-show/revenant,JioHotstar,show
The Madison,https://www.justwatch.com/in/tv-show/the-madison,JioHotstar,show
The Great,https://www.justwatch.com/in/tv-show/the-great,JioHotstar,show
This Is Us,https://www.justwatch.com/in/tv-show/this-is-us,JioHotstar,show
Prisoner,https://www.justwatch.com/in/tv-show/prisoner,JioHotstar,show
Bleach: Sennen Kessen-hen,https://www.justwatch.com/in/tv-show/bleach-thousand-year-blood-war,JioHotstar,show
His Dark Materials,https://www.justwatch.com/in/tv-show/his-dark-materials,JioHotstar,show
Mairimashita! Iruma-kun,https://www.justwatch.com/in/tv-show/welcome-to-demon-school-iruma-kun,JioHotstar,show
Kasam - Tere Pyaar Ki,https://www.justwatch.com/in/tv-show/kasam,JioHotstar,show
White Collar,https://www.justwatch.com/in/tv-show/white-collar,JioHotstar,show
Hawaii Five-0,https://www.justwatch.com/in/tv-show/hawaii-five-0,JioHotstar,show
Tucci in Italy,https://www.justwatch.com/in/tv-show/tucci-in-italy,JioHotstar,show
Law & Order,https://www.justwatch.com/in/tv-show/law-and-order,JioHotstar,show
Nurse Jackie,https://www.justwatch.com/in/tv-show/nurse-jackie,JioHotstar,show
Gossip Girl,https://www.justwatch.com/in/tv-show/gossip-girl,JioHotstar,show
Vice Principals,https://www.justwatch.com/in/tv-show/vice-principals,JioHotstar,show
Tuu Juliet Jatt Di,https://www.justwatch.com/in/tv-show/tu-juliet-jatt-di,JioHotstar,show
American Horror Story,https://www.justwatch.com/in/tv-show/american-horror-story,JioHotstar,show
Shubh Ratri,https://www.justwatch.com/in/tv-show/shubh-ratri,JioHotstar,show
Molkki,https://www.justwatch.com/in/tv-show/molkki,JioHotstar,show
Tracker,https://www.justwatch.com/in/tv-show/tracker-2024,JioHotstar,show
Bahu Begum,https://www.justwatch.com/in/tv-show/bahu-begum,JioHotstar,show
Love Conquers All,https://www.justwatch.com/in/tv-show/kasautii-zindagii-kay,JioHotstar,show
Nishir Daak,https://www.justwatch.com/in/tv-show/nishir-daak,JioHotstar,show
Halo,https://www.justwatch.com/in/tv-show/halo,JioHotstar,show
Gold Land,https://www.justwatch.com/in/tv-show/gold-land,JioHotstar,show
MasterChef Australia,https://www.justwatch.com/in/tv-show/masterchef-australia,JioHotstar,show
PONIES,https://www.justwatch.com/in/tv-show/ponies,JioHotstar,show
Welcome to Wrexham,https://www.justwatch.com/in/tv-show/welcome-to-wrexham,JioHotstar,show
Dr. Aarambhi,https://www.justwatch.com/in/tv-show/dr-aarambhi,JioHotstar,show
Neighbors,https://www.justwatch.com/in/tv-show/neighbors,JioHotstar,show
Anupamaa,https://www.justwatch.com/in/tv-show/anupamaa,JioHotstar,show
Vigilante,https://www.justwatch.com/in/tv-show/vigilante,JioHotstar,show
Boston Legal,https://www.justwatch.com/in/tv-show/boston-legal,JioHotstar,show
She-Hulk: Attorney at Law,https://www.justwatch.com/in/tv-show/she-hulk,JioHotstar,show
Criminal Justice: Adhura Sach,https://www.justwatch.com/in/tv-show/criminal-justice-adhura-sach,JioHotstar,show
1883,https://www.justwatch.com/in/tv-show/1883,JioHotstar,show
New Girl,https://www.justwatch.com/in/tv-show/new-girl,JioHotstar,show
Barrister Babu,https://www.justwatch.com/in/tv-show/barrister-babu,JioHotstar,show
Poker Face,https://www.justwatch.com/in/tv-show/poker-face,JioHotstar,show
Sirf Tum,https://www.justwatch.com/in/tv-show/sirf-tum,JioHotstar,show
Sword Art Online,https://www.justwatch.com/in/tv-show/sword-art-online-ii,JioHotstar,show
Barry,https://www.justwatch.com/in/tv-show/barry,JioHotstar,show
Marvel's Jessica Jones,https://www.justwatch.com/in/tv-show/marvels-jessica-jones,JioHotstar,show
Star Wars: Maul - Shadow Lord,https://www.justwatch.com/in/tv-show/star-wars-maul-shadow-lord,JioHotstar,show
St. Denis Medical,https://www.justwatch.com/in/tv-show/st-denis-medical,JioHotstar,show
Marvel's The Defenders,https://www.justwatch.com/in/tv-show/marvels-the-defenders,JioHotstar,show
Dhurandhar: The Revenge,https://www.justwatch.com/in/movie/dhurandhar-the-revenge,JioCinema,movie
Trikala: Script of God,https://www.justwatch.com/in/movie/trikala-script-of-god,JioCinema,movie
Dhurandhar,https://www.justwatch.com/in/movie/dhurandhar-2025,JioCinema,movie
Dridam,https://www.justwatch.com/in/movie/dridam,JioCinema,movie
Mollywood Times,https://www.justwatch.com/in/movie/mollywood-times,JioCinema,movie
Evil Dead Rise,https://www.justwatch.com/in/movie/evil-dead-rise,JioCinema,movie
Spider-Man: No Way Home,https://www.justwatch.com/in/movie/spider-man-no-way-home,JioCinema,movie
Avatar: Fire and Ash,https://www.justwatch.com/in/movie/avatar-3,JioCinema,movie
Send Help,https://www.justwatch.com/in/movie/send-help,JioCinema,movie
Fifty Shades of Grey,https://www.justwatch.com/in/movie/fifty-shades-of-grey,JioCinema,movie
How to Have Sex,https://www.justwatch.com/in/movie/how-to-have-sex,JioCinema,movie
Tell Me What You Want,https://www.justwatch.com/in/movie/pideme-lo-que-quieras,JioCinema,movie
Together,https://www.justwatch.com/in/movie/together-2025,JioCinema,movie
Ugly story,https://www.justwatch.com/in/movie/ugly-story,JioCinema,movie
Sambhavam Adhyayam Onnu,https://www.justwatch.com/in/movie/sambhavam-adhyayam-onnu,JioCinema,movie
Shiddat,https://www.justwatch.com/in/movie/shiddat-2021,JioCinema,movie
Hoppers,https://www.justwatch.com/in/movie/hoppers,JioCinema,movie
The Wolf of Wall Street,https://www.justwatch.com/in/movie/the-wolf-of-wall-street,JioCinema,movie
Interstellar,https://www.justwatch.com/in/movie/interstellar,JioCinema,movie
Companion,https://www.justwatch.com/in/movie/companion-2025,JioCinema,movie
Dangal,https://www.justwatch.com/in/movie/dangal,JioCinema,movie
Harry Potter and the Philosopher's Stone,https://www.justwatch.com/in/movie/harry-potter-and-the-philosophers-stone,JioCinema,movie
Love Sonia,https://www.justwatch.com/in/movie/love-sonia,JioCinema,movie
Titanic,https://www.justwatch.com/in/movie/titanic,JioCinema,movie
Hridayam,https://www.justwatch.com/in/movie/hridayam,JioCinema,movie
300,https://www.justwatch.com/in/movie/300,JioCinema,movie
Geetha Govindam,https://www.justwatch.com/in/movie/geetha-govindam,JioCinema,movie
Rangasthalam,https://www.justwatch.com/in/movie/rangasthalam,JioCinema,movie
Inception,https://www.justwatch.com/in/movie/inception,JioCinema,movie
Iron Man,https://www.justwatch.com/in/movie/iron-man,JioCinema,movie
The Lunchbox,https://www.justwatch.com/in/movie/the-lunchbox,JioCinema,movie
Strange Days,https://www.justwatch.com/in/movie/strange-days,JioCinema,movie
The Amazing Spider-Man,https://www.justwatch.com/in/movie/the-amazing-spider-man,JioCinema,movie
Pirates of the Caribbean: The Curse of the Black Pearl,https://www.justwatch.com/in/movie/pirates-of-the-caribbean-the-curse-of-the-black-pearl,JioCinema,movie
The Lord of the Rings: The Fellowship of the Ring,https://www.justwatch.com/in/movie/the-lord-of-the-rings-the-fellowship-of-the-ring,JioCinema,movie
Chhichhore,https://www.justwatch.com/in/movie/chhichhore,JioCinema,movie
Avengers: Infinity War,https://www.justwatch.com/in/movie/avengers-infinity-war,JioCinema,movie
Weapons,https://www.justwatch.com/in/movie/weapons-2025,JioCinema,movie
Bugonia,https://www.justwatch.com/in/movie/bugonia,JioCinema,movie
Bāhubali: The Beginning,https://www.justwatch.com/in/movie/baahubali-the-beginning,JioCinema,movie
The Devil's Bride,https://www.justwatch.com/in/movie/the-devils-bride,JioCinema,movie
K.G.F: Chapter 1,https://www.justwatch.com/in/movie/k-g-f-chapter-1,JioCinema,movie
Sisu,https://www.justwatch.com/in/movie/sisu-2023,JioCinema,movie
The Brutalist,https://www.justwatch.com/in/movie/the-brutalist,JioCinema,movie
Spider-Man: Far From Home,https://www.justwatch.com/in/movie/spider-man-far-from-home,JioCinema,movie
Sing 2,https://www.justwatch.com/in/movie/sing-2,JioCinema,movie
Toy Story,https://www.justwatch.com/in/movie/toy-story,JioCinema,movie
First Man,https://www.justwatch.com/in/movie/first-man,JioCinema,movie
Atonement,https://www.justwatch.com/in/movie/atonement,JioCinema,movie
Superman,https://www.justwatch.com/in/movie/superman-2025,JioCinema,movie
Hello!,https://www.justwatch.com/in/movie/hello-2017,JioCinema,movie
Ved,https://www.justwatch.com/in/movie/ved,JioCinema,movie
Man of Steel,https://www.justwatch.com/in/movie/man-of-steel,JioCinema,movie
The Godfather,https://www.justwatch.com/in/movie/the-godfather,JioCinema,movie
12th Fail,https://www.justwatch.com/in/movie/12th-fail,JioCinema,movie
Inglourious Basterds,https://www.justwatch.com/in/movie/inglourious-basterds,JioCinema,movie
Wardriver,https://www.justwatch.com/in/movie/wardriver,JioCinema,movie
Oppenheimer,https://www.justwatch.com/in/movie/oppenheimer,JioCinema,movie
Total Dhamaal,https://www.justwatch.com/in/movie/total-dhamaal,JioCinema,movie
Jumanji: Welcome to the Jungle,https://www.justwatch.com/in/movie/jumanji-welcome-to-the-jungle,JioCinema,movie
The Devil Wears Prada,https://www.justwatch.com/in/movie/the-devil-wears-prada,JioCinema,movie
The Dark Knight,https://www.justwatch.com/in/movie/the-dark-knight,JioCinema,movie
Sinners,https://www.justwatch.com/in/movie/sinners-2025,JioCinema,movie
The RajaSaab,https://www.justwatch.com/in/movie/the-raja-saab,JioCinema,movie
The Matrix,https://www.justwatch.com/in/movie/the-matrix,JioCinema,movie
Shutter Island,https://www.justwatch.com/in/movie/shutter-island,JioCinema,movie
Ford v Ferrari,https://www.justwatch.com/in/movie/ford-v-ferrari,JioCinema,movie
The Avengers,https://www.justwatch.com/in/movie/the-avengers,JioCinema,movie
Marco,https://www.justwatch.com/in/movie/marco-2024,JioCinema,movie
Dead Poets Society,https://www.justwatch.com/in/movie/dead-poets-society,JioCinema,movie
Blade Runner 2049,https://www.justwatch.com/in/movie/blade-runner-2049,JioCinema,movie
About Time,https://www.justwatch.com/in/movie/about-time,JioCinema,movie
Avatar,https://www.justwatch.com/in/movie/avatar,JioCinema,movie
Sarkar,https://www.justwatch.com/in/movie/sarkar-2018,JioCinema,movie
Catch Me If You Can,https://www.justwatch.com/in/movie/catch-me-if-you-can,JioCinema,movie
Drishyam,https://www.justwatch.com/in/movie/drishyam,JioCinema,movie
Train to Busan,https://www.justwatch.com/in/movie/train-to-busan,JioCinema,movie
Vivah,https://www.justwatch.com/in/movie/vivah,JioCinema,movie
Top Gun: Maverick,https://www.justwatch.com/in/movie/top-gun-maverick,JioCinema,movie
Touch,https://www.justwatch.com/in/movie/touch-0,JioCinema,movie
Kabir Singh,https://www.justwatch.com/in/movie/kabir-singh,JioCinema,movie
Mermaid,https://www.justwatch.com/in/movie/mermaid,JioCinema,movie
Kill,https://www.justwatch.com/in/movie/kill-2024,JioCinema,movie
Dev.D,https://www.justwatch.com/in/movie/dev-d,JioCinema,movie
Get Out,https://www.justwatch.com/in/movie/get-out,JioCinema,movie
Speak No Evil,https://www.justwatch.com/in/movie/speak-no-evil-2024,JioCinema,movie
The Conjuring: Last Rites,https://www.justwatch.com/in/movie/the-conjuring-last-rites,JioCinema,movie
The Monkey,https://www.justwatch.com/in/movie/the-monkey,JioCinema,movie
Inside Man,https://www.justwatch.com/in/movie/inside-man,JioCinema,movie
Captain America: Civil War,https://www.justwatch.com/in/movie/captain-america-civil-war,JioCinema,movie
Zootopia 2,https://www.justwatch.com/in/movie/zootopia-2,JioCinema,movie
The Martian,https://www.justwatch.com/in/movie/the-martian,JioCinema,movie
The Conjuring,https://www.justwatch.com/in/movie/the-conjuring,JioCinema,movie
Bang My Box: The Robin Byrd Story,https://www.justwatch.com/in/movie/bang-my-box-the-robin-byrd-story,JioCinema,movie
The Amazing Spider-Man 2,https://www.justwatch.com/in/movie/the-amazing-spider-man-2,JioCinema,movie
Tamasha,https://www.justwatch.com/in/movie/tamasha,JioCinema,movie
Avatar: The Way of Water,https://www.justwatch.com/in/movie/avatar-2,JioCinema,movie
Sathi Leelavathi,https://www.justwatch.com/in/movie/sathi-leelavathi-2025,JioCinema,movie
Nosferatu,https://www.justwatch.com/in/movie/nosferatu-2023,JioCinema,movie
Bāhubali 2: The Conclusion,https://www.justwatch.com/in/movie/baahubali-2-the-conclusion,JioCinema,movie
Raid,https://www.justwatch.com/in/movie/raid,JioCinema,movie
10 Things I Hate About You,https://www.justwatch.com/in/movie/10-things-i-hate-about-you,JioCinema,movie
Mario,https://www.justwatch.com/in/movie/mario-2025,JioCinema,movie
Ratsasan,https://www.justwatch.com/in/movie/ratsasan,JioCinema,movie
A Quiet Place,https://www.justwatch.com/in/movie/a-quiet-place,JioCinema,movie
Liger,https://www.justwatch.com/in/movie/liger,JioCinema,movie
Hum Saath Saath Hain,https://www.justwatch.com/in/movie/hum-saath-saath-hain,JioCinema,movie
Zack Snyder's Justice League,https://www.justwatch.com/in/movie/zack-snyders-justice-league,JioCinema,movie
(500) Days of Summer,https://www.justwatch.com/in/movie/500-days-of-summer,JioCinema,movie
Vaazha,https://www.justwatch.com/in/movie/vaazha,JioCinema,movie
Lokah Chapter 1: Chandra,https://www.justwatch.com/in/movie/lokah-chapter-one-chandra,JioCinema,movie
Mangalavaaram,https://www.justwatch.com/in/movie/mangalavaram,JioCinema,movie
Avengers: Endgame,https://www.justwatch.com/in/movie/avengers-endgame,JioCinema,movie
Maleficent,https://www.justwatch.com/in/movie/maleficent,JioCinema,movie
Ransomed,https://www.justwatch.com/in/movie/ransomed,JioCinema,movie
Predator: Badlands,https://www.justwatch.com/in/movie/predator-badlands,JioCinema,movie
Toy Story 4,https://www.justwatch.com/in/movie/toy-story-4,JioCinema,movie
Schindler's List,https://www.justwatch.com/in/movie/schindlers-list,JioCinema,movie
Sister Midnight,https://www.justwatch.com/in/movie/sister-midnight,JioCinema,movie
Latency,https://www.justwatch.com/in/movie/latency,JioCinema,movie
Batman v Superman: Dawn of Justice,https://www.justwatch.com/in/movie/batman-v-superman-dawn-of-justice,JioCinema,movie
Deadpool,https://www.justwatch.com/in/movie/deadpool,JioCinema,movie
21 Grams,https://www.justwatch.com/in/movie/21-grams,JioCinema,movie
R.L. Stine's Pumpkinhead,https://www.justwatch.com/in/movie/r-l-stines-pumpkinhead,JioCinema,movie
A Woman Called Mother,https://www.justwatch.com/in/movie/a-woman-called-mother,JioCinema,movie
Batman Begins,https://www.justwatch.com/in/movie/batman-begins,JioCinema,movie
Bruce Almighty,https://www.justwatch.com/in/movie/bruce-almighty,JioCinema,movie
The Hangover,https://www.justwatch.com/in/movie/the-hangover,JioCinema,movie
Welcome,https://www.justwatch.com/in/movie/welcome,JioCinema,movie
Drishyam,https://www.justwatch.com/in/movie/drishyam-2013,JioCinema,movie
The Incredible Hulk,https://www.justwatch.com/in/movie/the-incredible-hulk,JioCinema,movie
Gatta Kusthi,https://www.justwatch.com/in/movie/gatta-kusthi,JioCinema,movie
World War Z,https://www.justwatch.com/in/movie/world-war-z,JioCinema,movie
Hollow Man,https://www.justwatch.com/in/movie/hollow-man,JioCinema,movie
Vivarium,https://www.justwatch.com/in/movie/vivarium,JioCinema,movie
Fifty Shades Freed,https://www.justwatch.com/in/movie/fifty-shades-freed,JioCinema,movie
The Medium,https://www.justwatch.com/in/movie/the-medium-2021,JioCinema,movie
Jumanji: The Next Level,https://www.justwatch.com/in/movie/jumanji-the-next-level,JioCinema,movie
Ne Zha 2,https://www.justwatch.com/in/movie/ne-zha-2,JioCinema,movie
Hidden Figures,https://www.justwatch.com/in/movie/hidden-figures,JioCinema,movie
Mad Max: Fury Road,https://www.justwatch.com/in/movie/mad-max-fury-road,JioCinema,movie
Ready or Not,https://www.justwatch.com/in/movie/ready-or-not-2019,JioCinema,movie
The Boy Next Door,https://www.justwatch.com/in/movie/the-boy-next-door,JioCinema,movie
777 Charlie,https://www.justwatch.com/in/movie/777-charlie,JioCinema,movie
Dolittle,https://www.justwatch.com/in/movie/the-voyage-of-doctor-dolittle,JioCinema,movie
Pearl,https://www.justwatch.com/in/movie/pearl-2022,JioCinema,movie
Arjun Reddy,https://www.justwatch.com/in/movie/arjun-reddy,JioCinema,movie
Aladdin,https://www.justwatch.com/in/movie/aladdin-2019,JioCinema,movie
Jurassic Park,https://www.justwatch.com/in/movie/jurassic-park,JioCinema,movie
Jab We Met,https://www.justwatch.com/in/movie/jab-we-met,JioCinema,movie
Manam,https://www.justwatch.com/in/movie/manam,JioCinema,movie
Scarface,https://www.justwatch.com/in/movie/scarface,JioCinema,movie
Prem Ratan Dhan Payo,https://www.justwatch.com/in/movie/prem-ratan-dhan-payo,JioCinema,movie
In the Blink of an Eye,https://www.justwatch.com/in/movie/in-the-blink-of-an-eye,JioCinema,movie
Independence Day,https://www.justwatch.com/in/movie/independence-day,JioCinema,movie
The Exorcism of Emily Rose,https://www.justwatch.com/in/movie/the-exorcism-of-emily-rose,JioCinema,movie
The Dark Knight Rises,https://www.justwatch.com/in/movie/the-dark-knight-rises,JioCinema,movie
Don Jon,https://www.justwatch.com/in/movie/don-jon,JioCinema,movie
The Batman,https://www.justwatch.com/in/movie/the-batman,JioCinema,movie
Iron Man 3,https://www.justwatch.com/in/movie/iron-man-3,JioCinema,movie
Nocturnal Animals,https://www.justwatch.com/in/movie/nocturnal-animals,JioCinema,movie
Limitless,https://www.justwatch.com/in/movie/limitless,JioCinema,movie
Back to the Future,https://www.justwatch.com/in/movie/back-to-the-future,JioCinema,movie
Ek Vivaah... Aisa Bhi,https://www.justwatch.com/in/movie/ek-vivaah-aisa-bhi,JioCinema,movie
Moana,https://www.justwatch.com/in/movie/moana,JioCinema,movie
Sarvam Maya,https://www.justwatch.com/in/movie/sarvam-maya,JioCinema,movie
Nobody,https://www.justwatch.com/in/movie/nobody,JioCinema,movie
Arjun S/O Vyjayanthi,https://www.justwatch.com/in/movie/nkr21,JioCinema,movie
The Legend of Ochi,https://www.justwatch.com/in/movie/the-legend-of-ochi,JioCinema,movie
MaXXXine,https://www.justwatch.com/in/movie/maxxxine,JioCinema,movie
Finding Nemo,https://www.justwatch.com/in/movie/finding-nemo,JioCinema,movie
Venom: Let There Be Carnage,https://www.justwatch.com/in/movie/venom-let-there-be-carnage,JioCinema,movie
"Crazy, Stupid, Love.",https://www.justwatch.com/in/movie/crazy-stupid-love,JioCinema,movie
The Super Mario Bros. Movie,https://www.justwatch.com/in/movie/super-mario-bros-the-movie,JioCinema,movie
Gaami,https://www.justwatch.com/in/movie/gaami,JioCinema,movie
The Descent,https://www.justwatch.com/in/movie/the-descent,JioCinema,movie
Yesterday,https://www.justwatch.com/in/movie/yesterday,JioCinema,movie
Immaculate,https://www.justwatch.com/in/movie/immaculate-2024,JioCinema,movie
The Intern,https://www.justwatch.com/in/movie/the-intern,JioCinema,movie
Love Aaj Kal,https://www.justwatch.com/in/movie/love-aaj-kal-2020,JioCinema,movie
Manjummel Boys,https://www.justwatch.com/in/movie/manjummel-boys,JioCinema,movie
Django Unchained,https://www.justwatch.com/in/movie/django-unchained,JioCinema,movie
Venom,https://www.justwatch.com/in/movie/venom-2018,JioCinema,movie
Mersal,https://www.justwatch.com/in/movie/mersal,JioCinema,movie
Mark,https://www.justwatch.com/in/movie/mark-2025,JioCinema,movie
Vikram,https://www.justwatch.com/in/movie/vikram-2021,JioCinema,movie
Heaven,https://www.justwatch.com/in/movie/heaven-2022,JioCinema,movie
The Karate Kid,https://www.justwatch.com/in/movie/the-karate-kid,JioCinema,movie
Eleven,https://www.justwatch.com/in/movie/eleven-2025,JioCinema,movie
Zebra,https://www.justwatch.com/in/movie/zebra,JioCinema,movie
Pitch Perfect,https://www.justwatch.com/in/movie/pitch-perfect,JioCinema,movie
Life of Pi,https://www.justwatch.com/in/movie/life-of-pi,JioCinema,movie
Jurassic World Dominion,https://www.justwatch.com/in/movie/jurassic-world-dominion,JioCinema,movie
Play Dead,https://www.justwatch.com/in/movie/play-dead-2022,JioCinema,movie
The Day of the Jackal,https://www.justwatch.com/in/movie/the-day-of-the-jackal,JioCinema,movie
The Conjuring 2,https://www.justwatch.com/in/movie/the-conjuring-2,JioCinema,movie
Minions: The Rise of Gru,https://www.justwatch.com/in/movie/minions-the-rise-of-gru,JioCinema,movie
Zwigato,https://www.justwatch.com/in/movie/zwigato,JioCinema,movie
Lipstick Under My Burkha,https://www.justwatch.com/in/movie/lipstick-under-my-burkha,JioCinema,movie
Su from So,https://www.justwatch.com/in/movie/su-from-so,JioCinema,movie
"Silent Night, Deadly Night",https://www.justwatch.com/in/movie/silent-night-deadly-night-0,JioCinema,movie
Splitsville,https://www.justwatch.com/in/movie/splitsville,JioCinema,movie
The Fast and the Furious,https://www.justwatch.com/in/movie/the-fast-and-the-furious,JioCinema,movie
Uncharted,https://www.justwatch.com/in/movie/uncharted,JioCinema,movie
Bhoothakkannadi,https://www.justwatch.com/in/movie/bhoothakkannadi,JioCinema,movie
Dog 51,https://www.justwatch.com/in/movie/chien-51-2025,JioCinema,movie
Avengers: Age of Ultron,https://www.justwatch.com/in/movie/avengers-age-of-ultron,JioCinema,movie
Forrest Gump,https://www.justwatch.com/in/movie/forrest-gump,JioCinema,movie
Paan Singh Tomar,https://www.justwatch.com/in/movie/paan-singh-tomar,JioCinema,movie
The Big Lebowski,https://www.justwatch.com/in/movie/the-big-lebowski,JioCinema,movie
Fifty Shades Darker,https://www.justwatch.com/in/movie/fifty-shades-darker,JioCinema,movie
Born on the Fourth of July,https://www.justwatch.com/in/movie/born-on-the-fourth-of-july,JioCinema,movie
Happy Gilmore,https://www.justwatch.com/in/movie/happy-gilmore,JioCinema,movie
xXx,https://www.justwatch.com/in/movie/xxx,JioCinema,movie
The Lord of the Rings: The Return of the King,https://www.justwatch.com/in/movie/the-lord-of-the-rings-the-return-of-the-king,JioCinema,movie
24,https://www.justwatch.com/in/movie/24,JioCinema,movie
Eesha,https://www.justwatch.com/in/movie/eesha-2025,JioCinema,movie
Dracula: A Love Tale,https://www.justwatch.com/in/movie/dracula-a-love-tale,JioCinema,movie
Rental Family,https://www.justwatch.com/in/movie/rental-family,JioCinema,movie
Color Out of Space,https://www.justwatch.com/in/movie/color-out-of-space,JioCinema,movie
Thudarum,https://www.justwatch.com/in/movie/thudarum,JioCinema,movie
Housefull 4,https://www.justwatch.com/in/movie/housefull-4,JioCinema,movie
Transformers,https://www.justwatch.com/in/movie/transformers,JioCinema,movie
Top Gun,https://www.justwatch.com/in/movie/vesper,JioCinema,movie
The Bad Guys: Reign of Chaos,https://www.justwatch.com/in/movie/the-bad-guys-reign-of-chaos,JioCinema,movie
Pritam Pedro,https://www.justwatch.com/in/tv-show/pritam-pedro,JioCinema,show
House of the Dragon,https://www.justwatch.com/in/tv-show/house-of-the-dragon,JioCinema,show
Game of Thrones,https://www.justwatch.com/in/tv-show/game-of-thrones,JioCinema,show
Bigg Boss,https://www.justwatch.com/in/tv-show/bigg-boss,JioCinema,show
Resort,https://www.justwatch.com/in/tv-show/resort,JioCinema,show
Euphoria,https://www.justwatch.com/in/tv-show/euphoria,JioCinema,show
Kaisi Yeh Yaariyan,https://www.justwatch.com/in/tv-show/kaisi-yeh-yaariaan,JioCinema,show
Avatar: The Last Airbender,https://www.justwatch.com/in/tv-show/avatar-the-last-airbender-2005,JioCinema,show
Jujutsu Kaisen,https://www.justwatch.com/in/tv-show/jujutsu-kaisen,JioCinema,show
Asur: Welcome to Your Dark Side,https://www.justwatch.com/in/tv-show/asur,JioCinema,show
Thukra Ke Mera Pyaar,https://www.justwatch.com/in/tv-show/thukra-ke-mera-pyaar,JioCinema,show
Classroom of the Elite,https://www.justwatch.com/in/tv-show/classroom-of-the-elite,JioCinema,show
Friends,https://www.justwatch.com/in/tv-show/friends,JioCinema,show
24,https://www.justwatch.com/in/tv-show/24-india,JioCinema,show
A Knight of the Seven Kingdoms,https://www.justwatch.com/in/tv-show/a-knight-of-the-seven-kingdoms-the-hedge-knight,JioCinema,show
The Agency,https://www.justwatch.com/in/tv-show/the-agency,JioCinema,show
Kimetsu no Yaiba,https://www.justwatch.com/in/tv-show/demon-slayer-kimetsu-no-yaiba,JioCinema,show
MTV Splitsvilla,https://www.justwatch.com/in/tv-show/mtv-splitsvilla,JioCinema,show
The Bear,https://www.justwatch.com/in/tv-show/the-bear,JioCinema,show
Prison Break,https://www.justwatch.com/in/tv-show/prison-break,JioCinema,show
Mushoku Tensei: Jobless Reincarnation,https://www.justwatch.com/in/tv-show/mushoku-tensei-jobless-reincarnation,JioCinema,show
Dutton Ranch,https://www.justwatch.com/in/tv-show/dutton-ranch,JioCinema,show
A Shop for Killers,https://www.justwatch.com/in/tv-show/a-shop-for-killers,JioCinema,show
Laughter Chefs Unlimited Entertainment,https://www.justwatch.com/in/tv-show/laughter-chefs-unlimited-entertainment,JioCinema,show
The Vampire Diaries,https://www.justwatch.com/in/tv-show/the-vampire-diaries,JioCinema,show
Shin Chan,https://www.justwatch.com/in/tv-show/crayon-shin-chan,JioCinema,show
Suits,https://www.justwatch.com/in/tv-show/suits,JioCinema,show
The Day of the Jackal,https://www.justwatch.com/in/tv-show/the-day-of-the-jackal,JioCinema,show
Chernobyl,https://www.justwatch.com/in/tv-show/chernobyl,JioCinema,show
Perfect Crown,https://www.justwatch.com/in/tv-show/perfect-crown,JioCinema,show
True Detective,https://www.justwatch.com/in/tv-show/true-detective,JioCinema,show
Naagin,https://www.justwatch.com/in/tv-show/naagin,JioCinema,show
Tensei Shitara Suraimu Datta Ken,https://www.justwatch.com/in/tv-show/that-time-i-got-reincarnated-as-a-slime,JioCinema,show
Modern Family,https://www.justwatch.com/in/tv-show/modern-family,JioCinema,show
Law & Order: Special Victims Unit,https://www.justwatch.com/in/tv-show/law-and-order-special-victims-unit,JioCinema,show
Yellowstone,https://www.justwatch.com/in/tv-show/yellowstone,JioCinema,show
Inspector Avinash,https://www.justwatch.com/in/tv-show/inspector-avinash,JioCinema,show
Seher Hone Ko Hai,https://www.justwatch.com/in/tv-show/seher-hone-ko-hai,JioCinema,show
Tôkyô Ribenjâzu,https://www.justwatch.com/in/tv-show/tokyo-revengers,JioCinema,show
Under the Dome,https://www.justwatch.com/in/tv-show/under-the-dome,JioCinema,show
Succession,https://www.justwatch.com/in/tv-show/succession,JioCinema,show
Mahabharatham,https://www.justwatch.com/in/tv-show/mahabharatham,JioCinema,show
X-Men '97,https://www.justwatch.com/in/tv-show/x-men-97,JioCinema,show
Dexter,https://www.justwatch.com/in/tv-show/dexter,JioCinema,show
My Hero Academia,https://www.justwatch.com/in/tv-show/my-hero-academia,JioCinema,show
Heroes,https://www.justwatch.com/in/tv-show/heroes,JioCinema,show
Georgie & Mandy's First Marriage,https://www.justwatch.com/in/tv-show/georgie-and-mandys-first-marriage,JioCinema,show
Supernatural,https://www.justwatch.com/in/tv-show/supernatural,JioCinema,show
The Wire,https://www.justwatch.com/in/tv-show/the-wire,JioCinema,show
Chiraiya,https://www.justwatch.com/in/tv-show/chiraiya,JioCinema,show
Big Mouth,https://www.justwatch.com/in/tv-show/big-mouth-2022,JioCinema,show
Marvel's Daredevil,https://www.justwatch.com/in/tv-show/marvels-daredevil,JioCinema,show
Young Sheldon,https://www.justwatch.com/in/tv-show/young-sheldon,JioCinema,show
Peacemaker,https://www.justwatch.com/in/tv-show/peacemaker,JioCinema,show
The Beauty,https://www.justwatch.com/in/tv-show/the-beauty,JioCinema,show
The Pitt,https://www.justwatch.com/in/tv-show/the-pitt,JioCinema,show
The Sopranos,https://www.justwatch.com/in/tv-show/the-sopranos,JioCinema,show
Oz,https://www.justwatch.com/in/tv-show/oz,JioCinema,show
How I Met Your Mother,https://www.justwatch.com/in/tv-show/how-i-met-your-mother,JioCinema,show
Loki,https://www.justwatch.com/in/tv-show/loki,JioCinema,show
Shōgun,https://www.justwatch.com/in/tv-show/shogun-2024,JioCinema,show
Hostages,https://www.justwatch.com/in/tv-show/hostages-2019,JioCinema,show
SPY x FAMILY,https://www.justwatch.com/in/tv-show/spy-x-family,JioCinema,show
Banshee,https://www.justwatch.com/in/tv-show/banshee,JioCinema,show
Light Shop,https://www.justwatch.com/in/tv-show/light-shop,JioCinema,show
Haikyu!!,https://www.justwatch.com/in/tv-show/haikyu,JioCinema,show
Paradise,https://www.justwatch.com/in/tv-show/paradise-2025,JioCinema,show
Landman,https://www.justwatch.com/in/tv-show/landman,JioCinema,show
The Last of Us,https://www.justwatch.com/in/tv-show/the-last-of-us,JioCinema,show
The Office,https://www.justwatch.com/in/tv-show/the-office,JioCinema,show
Sex and the City,https://www.justwatch.com/in/tv-show/sex-and-the-city,JioCinema,show
The Big Bang Theory,https://www.justwatch.com/in/tv-show/the-big-bang-theory,JioCinema,show
Malcolm in the Middle,https://www.justwatch.com/in/tv-show/malcolm-in-the-middle,JioCinema,show
Special Ops,https://www.justwatch.com/in/tv-show/special-ops,JioCinema,show
Save the Tigers,https://www.justwatch.com/in/tv-show/save-the-tigers,JioCinema,show
The Worst of Evil,https://www.justwatch.com/in/tv-show/the-worst-of-evil,JioCinema,show
Numb3rs,https://www.justwatch.com/in/tv-show/numb3rs,JioCinema,show
Mr. Robot,https://www.justwatch.com/in/tv-show/mr-robot,JioCinema,show
Mansion 24,https://www.justwatch.com/in/tv-show/mansion-24,JioCinema,show
Swaragini,https://www.justwatch.com/in/tv-show/swaragini,JioCinema,show
The Flash,https://www.justwatch.com/in/tv-show/the-flash,JioCinema,show
Mubing,https://www.justwatch.com/in/tv-show/moving,JioCinema,show
Marvel's The Punisher,https://www.justwatch.com/in/tv-show/marvels-the-punisher,JioCinema,show
IT: Welcome to Derry,https://www.justwatch.com/in/tv-show/welcome-to-derry,JioCinema,show
Cooku with Comali,https://www.justwatch.com/in/tv-show/cooku-with-comali,JioCinema,show
Muthu Alias Kaattaan,https://www.justwatch.com/in/tv-show/muthu-alias-kaattaan,JioCinema,show
Mayor of Kingstown,https://www.justwatch.com/in/tv-show/mayor-of-kingstown,JioCinema,show
High Potential,https://www.justwatch.com/in/tv-show/high-potential,JioCinema,show
Hacks,https://www.justwatch.com/in/tv-show/hacks,JioCinema,show
1923,https://www.justwatch.com/in/tv-show/1923,JioCinema,show
The White Lotus,https://www.justwatch.com/in/tv-show/the-white-lotus,JioCinema,show
Brooklyn Nine-Nine,https://www.justwatch.com/in/tv-show/brooklyn-nine-nine,JioCinema,show
The Americans,https://www.justwatch.com/in/tv-show/the-americans,JioCinema,show
The Manipulated,https://www.justwatch.com/in/tv-show/the-manipulated,JioCinema,show
Family Guy,https://www.justwatch.com/in/tv-show/family-guy,JioCinema,show
Billions,https://www.justwatch.com/in/tv-show/billions,JioCinema,show
Bepannah,https://www.justwatch.com/in/tv-show/bepannaah,JioCinema,show
Band of Brothers,https://www.justwatch.com/in/tv-show/band-of-brothers,JioCinema,show
Industry,https://www.justwatch.com/in/tv-show/industry,JioCinema,show
La Brea,https://www.justwatch.com/in/tv-show/la-brea,JioCinema,show
Tulsa King,https://www.justwatch.com/in/tv-show/tulsa-king,JioCinema,show
"Life, Larry and the Pursuit of Unhappiness: An Almost History of America",https://www.justwatch.com/in/tv-show/life-larry-and-the-pursuit-of-unhappiness-an-almost-history-of-america,JioCinema,show
It's Always Sunny in Philadelphia,https://www.justwatch.com/in/tv-show/its-always-sunny-in-philadelphia,JioCinema,show
Brothers and Sisters,https://www.justwatch.com/in/tv-show/brothers-and-sisters-2026,JioCinema,show
House,https://www.justwatch.com/in/tv-show/house,JioCinema,show
Wonder Man,https://www.justwatch.com/in/tv-show/wonder-man-0,JioCinema,show
Dune: Prophecy,https://www.justwatch.com/in/tv-show/dune-the-sisterhood,JioCinema,show
RadhaKrishn,https://www.justwatch.com/in/tv-show/radhakrishn,JioCinema,show
Your Honor,https://www.justwatch.com/in/tv-show/your-honor-2020,JioCinema,show
Arrow,https://www.justwatch.com/in/tv-show/arrow,JioCinema,show
Cousins and Kalyanams,https://www.justwatch.com/in/tv-show/cousins-and-kalyanams,JioCinema,show
The Legend of Korra,https://www.justwatch.com/in/tv-show/the-legend-of-korra,JioCinema,show
Station Eleven,https://www.justwatch.com/in/tv-show/station-eleven,JioCinema,show
Andor,https://www.justwatch.com/in/tv-show/andor,JioCinema,show
DTF St. Louis,https://www.justwatch.com/in/tv-show/dtf-st-louis,JioCinema,show
Marvel's Agents of S.H.I.E.L.D.,https://www.justwatch.com/in/tv-show/marvels-agents-of-s-h-i-e-l-d,JioCinema,show
Marvel's Iron Fist,https://www.justwatch.com/in/tv-show/marvels-iron-fist,JioCinema,show
The Outsider,https://www.justwatch.com/in/tv-show/the-outsider,JioCinema,show
Yellowjackets,https://www.justwatch.com/in/tv-show/yellowjackets,JioCinema,show
Pyaar Kii Ye Ek Kahaani,https://www.justwatch.com/in/tv-show/pyaar-kii-ye-ek-kahaani,JioCinema,show
The Leftovers,https://www.justwatch.com/in/tv-show/the-leftovers,JioCinema,show
Warrior,https://www.justwatch.com/in/tv-show/warrior-2019,JioCinema,show
Meri Aashiqui Tum Se Hi,https://www.justwatch.com/in/tv-show/meri-aashiqui-tum-se-hi,JioCinema,show
Salakaar,https://www.justwatch.com/in/tv-show/salakaar,JioCinema,show
Key & Peele,https://www.justwatch.com/in/tv-show/key-and-peele,JioCinema,show
Grey's Anatomy,https://www.justwatch.com/in/tv-show/greys-anatomy,JioCinema,show
Gundeninda Gudigantalu,https://www.justwatch.com/in/tv-show/gundeninda-gudigantalu,JioCinema,show
Percy Jackson and the Olympians,https://www.justwatch.com/in/tv-show/percy-jackson-and-the-olympians,JioCinema,show
Grimm,https://www.justwatch.com/in/tv-show/grimm,JioCinema,show
Homeland,https://www.justwatch.com/in/tv-show/homeland,JioCinema,show
Deep Revenge,https://www.justwatch.com/in/tv-show/deep-revenge,JioCinema,show
Yeh Rishtey Hain Pyaar Ke,https://www.justwatch.com/in/tv-show/yeh-rishtey-hain-pyaar-ke,JioCinema,show
Resident Alien,https://www.justwatch.com/in/tv-show/resident-alien,JioCinema,show
Broken But Beautiful,https://www.justwatch.com/in/tv-show/broken-but-beautiful,JioCinema,show
Fuh se Fantasy,https://www.justwatch.com/in/tv-show/fuh-se-fantasy,JioCinema,show
Aashiqana,https://www.justwatch.com/in/tv-show/aashiqana,JioCinema,show
Rooster,https://www.justwatch.com/in/tv-show/rooster,JioCinema,show
The Legend of Hanuman,https://www.justwatch.com/in/tv-show/the-legend-of-hanuman,JioCinema,show
Two and a Half Men,https://www.justwatch.com/in/tv-show/two-and-a-half-men,JioCinema,show
Silicon Valley,https://www.justwatch.com/in/tv-show/silicon-valley,JioCinema,show
The 4400,https://www.justwatch.com/in/tv-show/the-4400,JioCinema,show
9-1-1,https://www.justwatch.com/in/tv-show/9-1-1,JioCinema,show
Moon Knight,https://www.justwatch.com/in/tv-show/moon-knight,JioCinema,show
The Sex Lives of College Girls,https://www.justwatch.com/in/tv-show/the-sex-lives-of-college-girls,JioCinema,show
Tell Me Lies,https://www.justwatch.com/in/tv-show/tell-me-lies,JioCinema,show
Evil,https://www.justwatch.com/in/tv-show/evil,JioCinema,show
Taaza Khabar,https://www.justwatch.com/in/tv-show/taaza-khabar,JioCinema,show
The Penguin,https://www.justwatch.com/in/tv-show/the-penguin,JioCinema,show
Rome,https://www.justwatch.com/in/tv-show/rome,JioCinema,show
The Capture,https://www.justwatch.com/in/tv-show/the-capture,JioCinema,show
Deli Boys,https://www.justwatch.com/in/tv-show/deli-boys,JioCinema,show
The Night Of,https://www.justwatch.com/in/tv-show/the-night-of,JioCinema,show
Vikram On Duty,https://www.justwatch.com/in/tv-show/vikram-on-duty,JioCinema,show
Parks and Recreation,https://www.justwatch.com/in/tv-show/parks-and-recreation,JioCinema,show
The Seven Deadly Sins,https://www.justwatch.com/in/tv-show/the-seven-deadly-sins,JioCinema,show
All Her Fault,https://www.justwatch.com/in/tv-show/all-her-fault,JioCinema,show
The Five Star Weekend,https://www.justwatch.com/in/tv-show/the-five-star-weekend,JioCinema,show
Ishq Aur Desire,https://www.justwatch.com/in/tv-show/bekaaboo,JioCinema,show
Reign,https://www.justwatch.com/in/tv-show/reign,JioCinema,show
Iss Pyaar Ko Kya Naam Doon,https://www.justwatch.com/in/tv-show/what-name-should-i-give-this-love,JioCinema,show
Mare of Easttown,https://www.justwatch.com/in/tv-show/mare-of-easttown,JioCinema,show
Curb Your Enthusiasm,https://www.justwatch.com/in/tv-show/curb-your-enthusiasm,JioCinema,show
Twin Peaks,https://www.justwatch.com/in/tv-show/twin-peaks-2017,JioCinema,show
Heart Beat,https://www.justwatch.com/in/tv-show/heart-beat,JioCinema,show
Dil Ko Tumse Pyaar Hua,https://www.justwatch.com/in/tv-show/dil-ko-tumse-pyaar-hua,JioCinema,show
Alien: Earth,https://www.justwatch.com/in/tv-show/alien,JioCinema,show
Scorpion,https://www.justwatch.com/in/tv-show/scorpion,JioCinema,show
The King of Queens,https://www.justwatch.com/in/tv-show/the-king-of-queens,JioCinema,show
Big Little Lies,https://www.justwatch.com/in/tv-show/big-little-lies,JioCinema,show
Devon Ke Dev...Mahadev,https://www.justwatch.com/in/tv-show/devon-ke-dev-mhaadev,JioCinema,show
Below Deck,https://www.justwatch.com/in/tv-show/below-deck,JioCinema,show
Nazar,https://www.justwatch.com/in/tv-show/nazar,JioCinema,show
The Newsroom,https://www.justwatch.com/in/tv-show/the-newsroom,JioCinema,show
Aarya,https://www.justwatch.com/in/tv-show/aarya,JioCinema,show
Doree,https://www.justwatch.com/in/tv-show/doree,JioCinema,show
Below Deck Mediterranean,https://www.justwatch.com/in/tv-show/below-deck-mediterranean,JioCinema,show
PAW Patrol,https://www.justwatch.com/in/tv-show/paw-patrol,JioCinema,show
Only Murders in the Building,https://www.justwatch.com/in/tv-show/only-murders-in-the-building,JioCinema,show
Akgwi,https://www.justwatch.com/in/tv-show/revenant,JioCinema,show
The Madison,https://www.justwatch.com/in/tv-show/the-madison,JioCinema,show
The Great,https://www.justwatch.com/in/tv-show/the-great,JioCinema,show
This Is Us,https://www.justwatch.com/in/tv-show/this-is-us,JioCinema,show
Prisoner,https://www.justwatch.com/in/tv-show/prisoner,JioCinema,show
Bleach: Sennen Kessen-hen,https://www.justwatch.com/in/tv-show/bleach-thousand-year-blood-war,JioCinema,show
His Dark Materials,https://www.justwatch.com/in/tv-show/his-dark-materials,JioCinema,show
Mairimashita! Iruma-kun,https://www.justwatch.com/in/tv-show/welcome-to-demon-school-iruma-kun,JioCinema,show
Kasam - Tere Pyaar Ki,https://www.justwatch.com/in/tv-show/kasam,JioCinema,show
White Collar,https://www.justwatch.com/in/tv-show/white-collar,JioCinema,show
Hawaii Five-0,https://www.justwatch.com/in/tv-show/hawaii-five-0,JioCinema,show
Tucci in Italy,https://www.justwatch.com/in/tv-show/tucci-in-italy,JioCinema,show
Law & Order,https://www.justwatch.com/in/tv-show/law-and-order,JioCinema,show
Nurse Jackie,https://www.justwatch.com/in/tv-show/nurse-jackie,JioCinema,show
Gossip Girl,https://www.justwatch.com/in/tv-show/gossip-girl,JioCinema,show
Vice Principals,https://www.justwatch.com/in/tv-show/vice-principals,JioCinema,show
Tuu Juliet Jatt Di,https://www.justwatch.com/in/tv-show/tu-juliet-jatt-di,JioCinema,show
American Horror Story,https://www.justwatch.com/in/tv-show/american-horror-story,JioCinema,show
Shubh Ratri,https://www.justwatch.com/in/tv-show/shubh-ratri,JioCinema,show
Molkki,https://www.justwatch.com/in/tv-show/molkki,JioCinema,show
Tracker,https://www.justwatch.com/in/tv-show/tracker-2024,JioCinema,show
Bahu Begum,https://www.justwatch.com/in/tv-show/bahu-begum,JioCinema,show
Love Conquers All,https://www.justwatch.com/in/tv-show/kasautii-zindagii-kay,JioCinema,show
Nishir Daak,https://www.justwatch.com/in/tv-show/nishir-daak,JioCinema,show
Halo,https://www.justwatch.com/in/tv-show/halo,JioCinema,show
Gold Land,https://www.justwatch.com/in/tv-show/gold-land,JioCinema,show
MasterChef Australia,https://www.justwatch.com/in/tv-show/masterchef-australia,JioCinema,show
PONIES,https://www.justwatch.com/in/tv-show/ponies,JioCinema,show
Welcome to Wrexham,https://www.justwatch.com/in/tv-show/welcome-to-wrexham,JioCinema,show
Dr. Aarambhi,https://www.justwatch.com/in/tv-show/dr-aarambhi,JioCinema,show
Neighbors,https://www.justwatch.com/in/tv-show/neighbors,JioCinema,show
Anupamaa,https://www.justwatch.com/in/tv-show/anupamaa,JioCinema,show
Vigilante,https://www.justwatch.com/in/tv-show/vigilante,JioCinema,show
Boston Legal,https://www.justwatch.com/in/tv-show/boston-legal,JioCinema,show
She-Hulk: Attorney at Law,https://www.justwatch.com/in/tv-show/she-hulk,JioCinema,show
Criminal Justice: Adhura Sach,https://www.justwatch.com/in/tv-show/criminal-justice-adhura-sach,JioCinema,show
1883,https://www.justwatch.com/in/tv-show/1883,JioCinema,show
New Girl,https://www.justwatch.com/in/tv-show/new-girl,JioCinema,show
Barrister Babu,https://www.justwatch.com/in/tv-show/barrister-babu,JioCinema,show
Poker Face,https://www.justwatch.com/in/tv-show/poker-face,JioCinema,show
Sirf Tum,https://www.justwatch.com/in/tv-show/sirf-tum,JioCinema,show
Sword Art Online,https://www.justwatch.com/in/tv-show/sword-art-online-ii,JioCinema,show
Barry,https://www.justwatch.com/in/tv-show/barry,JioCinema,show
Marvel's Jessica Jones,https://www.justwatch.com/in/tv-show/marvels-jessica-jones,JioCinema,show
Star Wars: Maul - Shadow Lord,https://www.justwatch.com/in/tv-show/star-wars-maul-shadow-lord,JioCinema,show
St. Denis Medical,https://www.justwatch.com/in/tv-show/st-denis-medical,JioCinema,show
Marvel's The Defenders,https://www.justwatch.com/in/tv-show/marvels-the-defenders,JioCinema,show
The Sheep Detectives,https://www.justwatch.com/in/movie/the-sheep-detectives,Amazon Prime Video,movie
Project Hail Mary,https://www.justwatch.com/in/movie/project-hail-mary,Amazon Prime Video,movie
Troy,https://www.justwatch.com/in/movie/troy,Amazon Prime Video,movie
Karuppu,https://www.justwatch.com/in/movie/karuppu,Amazon Prime Video,movie
Trikala: Script of God,https://www.justwatch.com/in/movie/trikala-script-of-god,Amazon Prime Video,movie
Dose,https://www.justwatch.com/in/movie/dose,Amazon Prime Video,movie
Double Occupancy,https://www.justwatch.com/in/movie/double-occupancy,Amazon Prime Video,movie
How to Have Sex,https://www.justwatch.com/in/movie/how-to-have-sex,Amazon Prime Video,movie
Razor,https://www.justwatch.com/in/movie/razor,Amazon Prime Video,movie
Together,https://www.justwatch.com/in/movie/together-2025,Amazon Prime Video,movie
Drishyam 3,https://www.justwatch.com/in/movie/drishyam-3,Amazon Prime Video,movie
"Good Luck, Have Fun, Don't Die",https://www.justwatch.com/in/movie/good-luck-have-fun-dont-die,Amazon Prime Video,movie
Dacoit: A Love Story,https://www.justwatch.com/in/movie/dacoit-a-love-story,Amazon Prime Video,movie
K.G.F: Chapter 2,https://www.justwatch.com/in/movie/k-g-f-chapter-2,Amazon Prime Video,movie
Your Fault: London,https://www.justwatch.com/in/movie/your-fault-london,Amazon Prime Video,movie
Second Case of Seetharam,https://www.justwatch.com/in/movie/second-case-of-seetharam,Amazon Prime Video,movie
The Housemaid,https://www.justwatch.com/in/movie/the-housemaid-0,Amazon Prime Video,movie
Junior,https://www.justwatch.com/in/movie/junior-2025,Amazon Prime Video,movie
Over Your Dead Body,https://www.justwatch.com/in/movie/over-your-dead-body-2026,Amazon Prime Video,movie
Ugly story,https://www.justwatch.com/in/movie/ugly-story,Amazon Prime Video,movie
Agra,https://www.justwatch.com/in/movie/agra,Amazon Prime Video,movie
Tuck Jagadish,https://www.justwatch.com/in/movie/tuck-jagadish,Amazon Prime Video,movie
The Secret Agent,https://www.justwatch.com/in/movie/the-secret-agent-2025,Amazon Prime Video,movie
Spider-Man: Homecoming,https://www.justwatch.com/in/movie/spider-man-homecoming,Amazon Prime Video,movie
Succubus,https://www.justwatch.com/in/movie/succubus,Amazon Prime Video,movie
Mareechika,https://www.justwatch.com/in/movie/mareechika,Amazon Prime Video,movie
Jigris,https://www.justwatch.com/in/movie/jigris,Amazon Prime Video,movie
Kantara - A Legend: Chapter 1,https://www.justwatch.com/in/movie/kantara-chapter-1,Amazon Prime Video,movie
Stree 2: Sarkate Ka Aatank,https://www.justwatch.com/in/movie/stree-2,Amazon Prime Video,movie
Interstellar,https://www.justwatch.com/in/movie/interstellar,Amazon Prime Video,movie
Dune,https://www.justwatch.com/in/movie/dune-2021,Amazon Prime Video,movie
My Fault,https://www.justwatch.com/in/movie/culpa-mia,Amazon Prime Video,movie
My Fault: London,https://www.justwatch.com/in/movie/my-fault-london,Amazon Prime Video,movie
Spider-Man,https://www.justwatch.com/in/movie/spider-man,Amazon Prime Video,movie
Ginny Wedss Sunny 2,https://www.justwatch.com/in/movie/ginny-wedss-sunny-2,Amazon Prime Video,movie
Prisoners,https://www.justwatch.com/in/movie/prisoners,Amazon Prime Video,movie
Bhaag Milkha Bhaag,https://www.justwatch.com/in/movie/bhaag-milkha-bhaag,Amazon Prime Video,movie
Marty Supreme,https://www.justwatch.com/in/movie/marty-supreme,Amazon Prime Video,movie
The Dictator,https://www.justwatch.com/in/movie/the-dictator,Amazon Prime Video,movie
After,https://www.justwatch.com/in/movie/after,Amazon Prime Video,movie
Mortal Kombat,https://www.justwatch.com/in/movie/mortal-kombat-2021,Amazon Prime Video,movie
Oye Lucky! Lucky Oye!,https://www.justwatch.com/in/movie/oye-lucky-lucky-oye,Amazon Prime Video,movie
Godari Gattupaina,https://www.justwatch.com/in/movie/godari-gattupaina,Amazon Prime Video,movie
Mission: Impossible - The Final Reckoning,https://www.justwatch.com/in/movie/mission-impossible-dead-reckoning-part-two,Amazon Prime Video,movie
300,https://www.justwatch.com/in/movie/300,Amazon Prime Video,movie
Thamma,https://www.justwatch.com/in/movie/vampires-of-vijay-nagar,Amazon Prime Video,movie
Inception,https://www.justwatch.com/in/movie/inception,Amazon Prime Video,movie
Rangasthalam,https://www.justwatch.com/in/movie/rangasthalam,Amazon Prime Video,movie
Scream 7,https://www.justwatch.com/in/movie/scream-7,Amazon Prime Video,movie
Once Upon a Time... in Hollywood,https://www.justwatch.com/in/movie/once-upon-a-time-in-hollywood,Amazon Prime Video,movie
Eden,https://www.justwatch.com/in/movie/eden-2024,Amazon Prime Video,movie
Ikkis,https://www.justwatch.com/in/movie/ekkis,Amazon Prime Video,movie
Tumbbad,https://www.justwatch.com/in/movie/tumbbad,Amazon Prime Video,movie
Odela 2,https://www.justwatch.com/in/movie/odela2,Amazon Prime Video,movie
Radhe Shyam,https://www.justwatch.com/in/movie/radhe-shyam,Amazon Prime Video,movie
Pushpa: The Rise,https://www.justwatch.com/in/movie/pushpa,Amazon Prime Video,movie
The Amazing Spider-Man,https://www.justwatch.com/in/movie/the-amazing-spider-man,Amazon Prime Video,movie
Subedaar,https://www.justwatch.com/in/movie/subedaar-2026,Amazon Prime Video,movie
Carmeni Selvam,https://www.justwatch.com/in/movie/carmeni-selvam-2026,Amazon Prime Video,movie
Couple Friendly,https://www.justwatch.com/in/movie/couple-friendly,Amazon Prime Video,movie
Drishyam 2,https://www.justwatch.com/in/movie/drishyam-2-2022,Amazon Prime Video,movie
Kishkindhapuri,https://www.justwatch.com/in/movie/kishkindhapuri-2025,Amazon Prime Video,movie
Spider-Man 3,https://www.justwatch.com/in/movie/spider-man-3,Amazon Prime Video,movie
Crime 101,https://www.justwatch.com/in/movie/crime-101,Amazon Prime Video,movie
The Others,https://www.justwatch.com/in/movie/the-others,Amazon Prime Video,movie
American Psycho,https://www.justwatch.com/in/movie/american-psycho,Amazon Prime Video,movie
I Saw the Devil,https://www.justwatch.com/in/movie/i-saw-the-devil,Amazon Prime Video,movie
Valathu Vashathe Kallan,https://www.justwatch.com/in/movie/valathu-vashathe-kallan-2026,Amazon Prime Video,movie
K.G.F: Chapter 1,https://www.justwatch.com/in/movie/k-g-f-chapter-1,Amazon Prime Video,movie
Kalki 2898-AD,https://www.justwatch.com/in/movie/kalki-2898-ad,Amazon Prime Video,movie
Whistle,https://www.justwatch.com/in/movie/whistle-2026,Amazon Prime Video,movie
Spider-Man: Into the Spider-Verse,https://www.justwatch.com/in/movie/spider-man-into-the-spider-verse,Amazon Prime Video,movie
Spider-Man: Far From Home,https://www.justwatch.com/in/movie/spider-man-far-from-home,Amazon Prime Video,movie
O' Romeo,https://www.justwatch.com/in/movie/arjun-ustara,Amazon Prime Video,movie
First Man,https://www.justwatch.com/in/movie/first-man,Amazon Prime Video,movie
Aashaan,https://www.justwatch.com/in/movie/aashaan,Amazon Prime Video,movie
Sukhamano Sukhamann,https://www.justwatch.com/in/movie/sukhamano-sukhamann,Amazon Prime Video,movie
Primate,https://www.justwatch.com/in/movie/primate,Amazon Prime Video,movie
Oldboy,https://www.justwatch.com/in/movie/oldboy-2003,Amazon Prime Video,movie
Shershaah,https://www.justwatch.com/in/movie/shershaah,Amazon Prime Video,movie
Man of Steel,https://www.justwatch.com/in/movie/man-of-steel,Amazon Prime Video,movie
Coolie,https://www.justwatch.com/in/movie/coolie-2025,Amazon Prime Video,movie
Alpha,https://www.justwatch.com/in/movie/alpha,Amazon Prime Video,movie
Pulp Fiction,https://www.justwatch.com/in/movie/pulp-fiction,Amazon Prime Video,movie
Hereditary,https://www.justwatch.com/in/movie/hereditary,Amazon Prime Video,movie
Drishyam 2,https://www.justwatch.com/in/movie/drishyam-2,Amazon Prime Video,movie
Inglourious Basterds,https://www.justwatch.com/in/movie/inglourious-basterds,Amazon Prime Video,movie
Kill Bill: Vol. 1,https://www.justwatch.com/in/movie/kill-bill-vol-1,Amazon Prime Video,movie
Wardriver,https://www.justwatch.com/in/movie/wardriver,Amazon Prime Video,movie
Jumanji: Welcome to the Jungle,https://www.justwatch.com/in/movie/jumanji-welcome-to-the-jungle,Amazon Prime Video,movie
Tenet,https://www.justwatch.com/in/movie/tenet,Amazon Prime Video,movie
The Dark Knight,https://www.justwatch.com/in/movie/the-dark-knight,Amazon Prime Video,movie
The Matrix,https://www.justwatch.com/in/movie/the-matrix,Amazon Prime Video,movie
The Voyeurs,https://www.justwatch.com/in/movie/the-voyeurs-2021,Amazon Prime Video,movie
Edge of Tomorrow,https://www.justwatch.com/in/movie/edge-of-tomorrow,Amazon Prime Video,movie
Baaghi 4,https://www.justwatch.com/in/movie/baaghi-4,Amazon Prime Video,movie
Happy Raj,https://www.justwatch.com/in/movie/happy-raj,Amazon Prime Video,movie
Apocalypto,https://www.justwatch.com/in/movie/apocalypto,Amazon Prime Video,movie
Bullet Train,https://www.justwatch.com/in/movie/bullet-train,Amazon Prime Video,movie
Predestination,https://www.justwatch.com/in/movie/predestination,Amazon Prime Video,movie
Blade Runner 2049,https://www.justwatch.com/in/movie/blade-runner-2049,Amazon Prime Video,movie
Kantara,https://www.justwatch.com/in/movie/kantara,Amazon Prime Video,movie
Marco,https://www.justwatch.com/in/movie/marco-2024,Amazon Prime Video,movie
Ok Jaanu,https://www.justwatch.com/in/movie/ok-jaanu,Amazon Prime Video,movie
Star,https://www.justwatch.com/in/movie/star-2024,Amazon Prime Video,movie
Jerry Maguire,https://www.justwatch.com/in/movie/jerry-maguire,Amazon Prime Video,movie
Sarileru Neekevvaru,https://www.justwatch.com/in/movie/sarileru-neekevvaru,Amazon Prime Video,movie
Knives Out,https://www.justwatch.com/in/movie/knives-out,Amazon Prime Video,movie
Drishyam,https://www.justwatch.com/in/movie/drishyam,Amazon Prime Video,movie
Train to Busan,https://www.justwatch.com/in/movie/train-to-busan,Amazon Prime Video,movie
Vivah,https://www.justwatch.com/in/movie/vivah,Amazon Prime Video,movie
Vasantha Mullai,https://www.justwatch.com/in/movie/vasantha-mullai-2023,Amazon Prime Video,movie
Love Insurance Kompany,https://www.justwatch.com/in/movie/love-insurance-kompany,Amazon Prime Video,movie
Kabir Singh,https://www.justwatch.com/in/movie/kabir-singh,Amazon Prime Video,movie
300: Rise of an Empire,https://www.justwatch.com/in/movie/300-rise-of-an-empire,Amazon Prime Video,movie
Top Gun: Maverick,https://www.justwatch.com/in/movie/top-gun-maverick,Amazon Prime Video,movie
Terminator 2: Judgment Day,https://www.justwatch.com/in/movie/terminator-2-judgment-day,Amazon Prime Video,movie
Twilight,https://www.justwatch.com/in/movie/twilight,Amazon Prime Video,movie
Mermaid,https://www.justwatch.com/in/movie/mermaid,Amazon Prime Video,movie
Gladiator,https://www.justwatch.com/in/movie/gladiator,Amazon Prime Video,movie
Saaho,https://www.justwatch.com/in/movie/saaho,Amazon Prime Video,movie
La La Land,https://www.justwatch.com/in/movie/la-la-land,Amazon Prime Video,movie
The Departed,https://www.justwatch.com/in/movie/the-departed,Amazon Prime Video,movie
The Monkey,https://www.justwatch.com/in/movie/the-monkey,Amazon Prime Video,movie
Three Thousand Years of Longing,https://www.justwatch.com/in/movie/three-thousand-years-of-longing,Amazon Prime Video,movie
Singham Again,https://www.justwatch.com/in/movie/singham-again-2024-0,Amazon Prime Video,movie
Teri Baaton Mein Aisa Uljha Jiya,https://www.justwatch.com/in/movie/untitled-shahid-kapoor-kriti-sanon-film,Amazon Prime Video,movie
Jack Ryan: Ghost War,https://www.justwatch.com/in/movie/tom-clancys-jack-ryan-ghost-war,Amazon Prime Video,movie
Tamasha,https://www.justwatch.com/in/movie/tamasha,Amazon Prime Video,movie
Pride & Prejudice,https://www.justwatch.com/in/movie/pride-and-prejudice-2005,Amazon Prime Video,movie
Annihilation,https://www.justwatch.com/in/movie/annihilation,Amazon Prime Video,movie
Inside Man,https://www.justwatch.com/in/movie/inside-man,Amazon Prime Video,movie
Case 137,https://www.justwatch.com/in/movie/case-137-2025,Amazon Prime Video,movie
Salbardi,https://www.justwatch.com/in/movie/salbardi-2026,Amazon Prime Video,movie
The Running Man,https://www.justwatch.com/in/movie/the-running-man-2025,Amazon Prime Video,movie
Whiplash,https://www.justwatch.com/in/movie/whiplash,Amazon Prime Video,movie
Insomnia,https://www.justwatch.com/in/movie/insomnia-2002,Amazon Prime Video,movie
Notting Hill,https://www.justwatch.com/in/movie/notting-hill,Amazon Prime Video,movie
The Amazing Spider-Man 2,https://www.justwatch.com/in/movie/the-amazing-spider-man-2,Amazon Prime Video,movie
Ramani Kalyanam,https://www.justwatch.com/in/movie/ramani-kalyanam,Amazon Prime Video,movie
The Age of Adaline,https://www.justwatch.com/in/movie/the-age-of-adaline,Amazon Prime Video,movie
Sathi Leelavathi,https://www.justwatch.com/in/movie/sathi-leelavathi-2025,Amazon Prime Video,movie
The Family Star,https://www.justwatch.com/in/movie/family-star,Amazon Prime Video,movie
Confessions of a Dangerous Mind,https://www.justwatch.com/in/movie/confessions-of-a-dangerous-mind,Amazon Prime Video,movie
Goodachari,https://www.justwatch.com/in/movie/goodachari,Amazon Prime Video,movie
Mario,https://www.justwatch.com/in/movie/mario-2025,Amazon Prime Video,movie
Now You See Me: Now You Don't,https://www.justwatch.com/in/movie/now-you-see-me-3,Amazon Prime Video,movie
Pongala,https://www.justwatch.com/in/movie/pongala,Amazon Prime Video,movie
Hunting Jessica Brok,https://www.justwatch.com/in/movie/hunting-jessica-brok,Amazon Prime Video,movie
A Quiet Place,https://www.justwatch.com/in/movie/a-quiet-place,Amazon Prime Video,movie
The Conjuring,https://www.justwatch.com/in/movie/the-conjuring,Amazon Prime Video,movie
The Angry Birds Movie,https://www.justwatch.com/in/movie/the-angry-birds-movie,Amazon Prime Video,movie
Exhuma,https://www.justwatch.com/in/movie/exhuma,Amazon Prime Video,movie
Dug Dug,https://www.justwatch.com/in/movie/dug-dug,Amazon Prime Video,movie
Hum Saath Saath Hain,https://www.justwatch.com/in/movie/hum-saath-saath-hain,Amazon Prime Video,movie
Bharathanatyam,https://www.justwatch.com/in/movie/bharathanatyam-2024,Amazon Prime Video,movie
Mangalavaaram,https://www.justwatch.com/in/movie/mangalavaram,Amazon Prime Video,movie
C/o Kancharapalem,https://www.justwatch.com/in/movie/c-o-kancharapalem,Amazon Prime Video,movie
The Invisible Man,https://www.justwatch.com/in/movie/the-invisible-man,Amazon Prime Video,movie
Legally Blonde,https://www.justwatch.com/in/movie/legally-blonde,Amazon Prime Video,movie
Ransomed,https://www.justwatch.com/in/movie/ransomed,Amazon Prime Video,movie
Rahu Ketu,https://www.justwatch.com/in/movie/rahu-ketu-2026,Amazon Prime Video,movie
Laila Majnu,https://www.justwatch.com/in/movie/laila-majnu,Amazon Prime Video,movie
Vivarium,https://www.justwatch.com/in/movie/vivarium,Amazon Prime Video,movie
Platoon,https://www.justwatch.com/in/movie/platoon,Amazon Prime Video,movie
Culpa tuya,https://www.justwatch.com/in/movie/your-fault,Amazon Prime Video,movie
Udal,https://www.justwatch.com/in/movie/udal,Amazon Prime Video,movie
Madgaon Express,https://www.justwatch.com/in/movie/madgaon-express,Amazon Prime Video,movie
Bhishmar,https://www.justwatch.com/in/movie/bhishmar,Amazon Prime Video,movie
Sister Midnight,https://www.justwatch.com/in/movie/sister-midnight,Amazon Prime Video,movie
PaPa (O naanna),https://www.justwatch.com/in/movie/papa-o-naanna,Amazon Prime Video,movie
Mension House Mallesh,https://www.justwatch.com/in/movie/mension-house-mallesh,Amazon Prime Video,movie
R.L. Stine's Pumpkinhead,https://www.justwatch.com/in/movie/r-l-stines-pumpkinhead,Amazon Prime Video,movie
Housefull 5,https://www.justwatch.com/in/movie/housefull-5,Amazon Prime Video,movie
Friends with Benefits,https://www.justwatch.com/in/movie/friends-with-benefits,Amazon Prime Video,movie
The Angry Birds Movie 2,https://www.justwatch.com/in/movie/the-angry-birds-movie-2,Amazon Prime Video,movie
Latency,https://www.justwatch.com/in/movie/latency,Amazon Prime Video,movie
Knowing,https://www.justwatch.com/in/movie/knowing,Amazon Prime Video,movie
Batman Begins,https://www.justwatch.com/in/movie/batman-begins,Amazon Prime Video,movie
Madagascar,https://www.justwatch.com/in/movie/madagascar,Amazon Prime Video,movie
The Hangover,https://www.justwatch.com/in/movie/the-hangover,Amazon Prime Video,movie
Mr. Housekeeping,https://www.justwatch.com/in/movie/mr-housekeeping,Amazon Prime Video,movie
Kumbalangi Nights,https://www.justwatch.com/in/movie/kumbalangi-nights,Amazon Prime Video,movie
Sita Ramam,https://www.justwatch.com/in/movie/sita-ramam,Amazon Prime Video,movie
The Naked Gun,https://www.justwatch.com/in/movie/the-naked-gun-2025,Amazon Prime Video,movie
System,https://www.justwatch.com/in/movie/system,Amazon Prime Video,movie
Sureshanteyum Sumalathayudeyum Hrudayahariyaya Pranayakadha,https://www.justwatch.com/in/movie/sureshinteyum-sumalathayudeyum-hridayahariyaya-pranayakatha,Amazon Prime Video,movie
Twilight of the Warriors: Walled In,https://www.justwatch.com/in/movie/twilight-of-the-warriors-walled-in,Amazon Prime Video,movie
Pathaan,https://www.justwatch.com/in/movie/pathaan,Amazon Prime Video,movie
Poorna,https://www.justwatch.com/in/movie/poorna,Amazon Prime Video,movie
Talk to Me,https://www.justwatch.com/in/movie/talk-to-me-2022,Amazon Prime Video,movie
Jurassic Park,https://www.justwatch.com/in/movie/jurassic-park,Amazon Prime Video,movie
Deep Water,https://www.justwatch.com/in/movie/deep-water-2021,Amazon Prime Video,movie
Baby John,https://www.justwatch.com/in/movie/untitled-murad-khetani-varun-dhawan-project,Amazon Prime Video,movie
Dhamaal,https://www.justwatch.com/in/movie/dhamaal,Amazon Prime Video,movie
"The Adventures of Priscilla, Queen of the Desert",https://www.justwatch.com/in/movie/the-adventures-of-priscilla-queen-of-the-desert,Amazon Prime Video,movie
Now You See Me,https://www.justwatch.com/in/movie/now-you-see-me,Amazon Prime Video,movie
Seetharam Benoy,https://www.justwatch.com/in/movie/seetharam-benoy,Amazon Prime Video,movie
Cup,https://www.justwatch.com/in/movie/cup,Amazon Prime Video,movie
Gabbar Is Back,https://www.justwatch.com/in/movie/gabbar-is-back,Amazon Prime Video,movie
Hell in Paradise,https://www.justwatch.com/in/movie/hell-in-paradise,Amazon Prime Video,movie
The Medium,https://www.justwatch.com/in/movie/the-medium-2021,Amazon Prime Video,movie
Jumanji: The Next Level,https://www.justwatch.com/in/movie/jumanji-the-next-level,Amazon Prime Video,movie
Yodha,https://www.justwatch.com/in/movie/yodha-2022,Amazon Prime Video,movie
World War Z,https://www.justwatch.com/in/movie/world-war-z,Amazon Prime Video,movie
Joseph,https://www.justwatch.com/in/movie/joseph,Amazon Prime Video,movie
"The Good, the Bad and the Ugly",https://www.justwatch.com/in/movie/the-good-the-bad-and-the-ugly,Amazon Prime Video,movie
Ballerina,https://www.justwatch.com/in/movie/ballerina-2024,Amazon Prime Video,movie
Pacific Rim,https://www.justwatch.com/in/movie/pacific-rim,Amazon Prime Video,movie
Road House,https://www.justwatch.com/in/movie/road-house-2024,Amazon Prime Video,movie
12 Angry Men,https://www.justwatch.com/in/movie/12-angry-men,Amazon Prime Video,movie
Nuremberg,https://www.justwatch.com/in/movie/nuremberg,Amazon Prime Video,movie
Phir Hera Pheri,https://www.justwatch.com/in/movie/phir-hera-pheri,Amazon Prime Video,movie
Tu Meri Main Tera Main Tera Tu Meri,https://www.justwatch.com/in/movie/tu-meri-main-tera-main-tera-tu-meri-2025,Amazon Prime Video,movie
777 Charlie,https://www.justwatch.com/in/movie/777-charlie,Amazon Prime Video,movie
Late Shift,https://www.justwatch.com/in/movie/heldin,Amazon Prime Video,movie
Deepwater Horizon,https://www.justwatch.com/in/movie/deepwater-horizon,Amazon Prime Video,movie
The Witch: Part 1. The Subversion,https://www.justwatch.com/in/movie/the-witch-part-1-the-subversion,Amazon Prime Video,movie
Crossing Lines,https://www.justwatch.com/in/movie/crossing-lines,Amazon Prime Video,movie
Mad Max: Fury Road,https://www.justwatch.com/in/movie/mad-max-fury-road,Amazon Prime Video,movie
Welcome,https://www.justwatch.com/in/movie/welcome,Amazon Prime Video,movie
Spider-Man 2,https://www.justwatch.com/in/movie/spider-man-2,Amazon Prime Video,movie
Vadakkan,https://www.justwatch.com/in/movie/vadakkan,Amazon Prime Video,movie
Gods of Egypt,https://www.justwatch.com/in/movie/gods-of-egypt,Amazon Prime Video,movie
The Hunger Games,https://www.justwatch.com/in/movie/the-hunger-games,Amazon Prime Video,movie
The Dark Knight Rises,https://www.justwatch.com/in/movie/the-dark-knight-rises,Amazon Prime Video,movie
The Reader,https://www.justwatch.com/in/movie/the-reader,Amazon Prime Video,movie
Arjun Reddy,https://www.justwatch.com/in/movie/arjun-reddy,Amazon Prime Video,movie
Prem Ratan Dhan Payo,https://www.justwatch.com/in/movie/prem-ratan-dhan-payo,Amazon Prime Video,movie
Evaru,https://www.justwatch.com/in/movie/evaru,Amazon Prime Video,movie
Honey,https://www.justwatch.com/in/movie/honey-2026-1,Amazon Prime Video,movie
Off Campus,https://www.justwatch.com/in/tv-show/off-campus,Amazon Prime Video,show
FROM,https://www.justwatch.com/in/tv-show/from,Amazon Prime Video,show
Mirzapur,https://www.justwatch.com/in/tv-show/mirzapur,Amazon Prime Video,show
Raakh,https://www.justwatch.com/in/tv-show/raakh,Amazon Prime Video,show
Alliance,https://www.justwatch.com/in/tv-show/the-alliance,Amazon Prime Video,show
See You at Work Tomorrow!,https://www.justwatch.com/in/tv-show/see-you-at-work-tomorrow,Amazon Prime Video,show
Farzi,https://www.justwatch.com/in/tv-show/farzi,Amazon Prime Video,show
Gram Chikitsalay,https://www.justwatch.com/in/tv-show/gram-chikitsalay,Amazon Prime Video,show
Sapne vs Everyone,https://www.justwatch.com/in/tv-show/sapne-vs-everyone,Amazon Prime Video,show
Panchayat,https://www.justwatch.com/in/tv-show/panchayat,Amazon Prime Video,show
Erotic Stories,https://www.justwatch.com/in/tv-show/erotic-stories,Amazon Prime Video,show
Overflow,https://www.justwatch.com/in/tv-show/overflow,Amazon Prime Video,show
The Boys,https://www.justwatch.com/in/tv-show/the-boys,Amazon Prime Video,show
Jujutsu Kaisen,https://www.justwatch.com/in/tv-show/jujutsu-kaisen,Amazon Prime Video,show
Silo,https://www.justwatch.com/in/tv-show/silo,Amazon Prime Video,show
Spider-Noir,https://www.justwatch.com/in/tv-show/spider-noir,Amazon Prime Video,show
Classroom of the Elite,https://www.justwatch.com/in/tv-show/classroom-of-the-elite,Amazon Prime Video,show
Spartacus,https://www.justwatch.com/in/tv-show/spartacus,Amazon Prime Video,show
Shingeki no Kyojin,https://www.justwatch.com/in/tv-show/attack-on-titan,Amazon Prime Video,show
The Summer I Turned Pretty,https://www.justwatch.com/in/tv-show/the-summer-i-turned-pretty,Amazon Prime Video,show
Kimetsu no Yaiba,https://www.justwatch.com/in/tv-show/demon-slayer-kimetsu-no-yaiba,Amazon Prime Video,show
Matka King,https://www.justwatch.com/in/tv-show/matka-king,Amazon Prime Video,show
The Family Man,https://www.justwatch.com/in/tv-show/the-family-man,Amazon Prime Video,show
Naruto,https://www.justwatch.com/in/tv-show/naruto,Amazon Prime Video,show
Mushoku Tensei: Jobless Reincarnation,https://www.justwatch.com/in/tv-show/mushoku-tensei-jobless-reincarnation,Amazon Prime Video,show
The Mentalist,https://www.justwatch.com/in/tv-show/the-mentalist,Amazon Prime Video,show
Farming Life in Another World,https://www.justwatch.com/in/tv-show/farming-life-in-another-world,Amazon Prime Video,show
Room of Guilty Pleasure,https://www.justwatch.com/in/tv-show/room-of-guilty-pleasure,Amazon Prime Video,show
Every Year After,https://www.justwatch.com/in/tv-show/every-year-after,Amazon Prime Video,show
Dr. STONE,https://www.justwatch.com/in/tv-show/dr-stone,Amazon Prime Video,show
Ookii Onnanoko wa Suki Desuka？,https://www.justwatch.com/in/tv-show/do-you-like-big-girls,Amazon Prime Video,show
Undercover High School,https://www.justwatch.com/in/tv-show/undercover-high-school,Amazon Prime Video,show
The Vampire Diaries,https://www.justwatch.com/in/tv-show/the-vampire-diaries,Amazon Prime Video,show
Suzhal - The Vortex,https://www.justwatch.com/in/tv-show/suzhal-the-vortex,Amazon Prime Video,show
Reacher,https://www.justwatch.com/in/tv-show/jack-reacher,Amazon Prime Video,show
Death Note,https://www.justwatch.com/in/tv-show/death-note,Amazon Prime Video,show
Sherlock,https://www.justwatch.com/in/tv-show/sherlock,Amazon Prime Video,show
S Line,https://www.justwatch.com/in/tv-show/s-line,Amazon Prime Video,show
Suits,https://www.justwatch.com/in/tv-show/suits,Amazon Prime Video,show
Yoasobi Gurashi!,https://www.justwatch.com/in/tv-show/yoasobi-gurashi,Amazon Prime Video,show
High School Return of a Gangster,https://www.justwatch.com/in/tv-show/high-school-return-of-a-gangster,Amazon Prime Video,show
Tensei Shitara Suraimu Datta Ken,https://www.justwatch.com/in/tv-show/that-time-i-got-reincarnated-as-a-slime,Amazon Prime Video,show
Tôkyô Ribenjâzu,https://www.justwatch.com/in/tv-show/tokyo-revengers,Amazon Prime Video,show
The 100,https://www.justwatch.com/in/tv-show/the-100,Amazon Prime Video,show
Mad Men,https://www.justwatch.com/in/tv-show/mad-men,Amazon Prime Video,show
Evilive,https://www.justwatch.com/in/tv-show/evilive,Amazon Prime Video,show
Isakapatnam,https://www.justwatch.com/in/tv-show/isakapatnam,Amazon Prime Video,show
Teen Wolf,https://www.justwatch.com/in/tv-show/teen-wolf,Amazon Prime Video,show
Maxton Hall – The World Between Us,https://www.justwatch.com/in/tv-show/maxton-hall-the-world-between-us,Amazon Prime Video,show
Community,https://www.justwatch.com/in/tv-show/community,Amazon Prime Video,show
Dexter,https://www.justwatch.com/in/tv-show/dexter,Amazon Prime Video,show
Supernatural,https://www.justwatch.com/in/tv-show/supernatural,Amazon Prime Video,show
BLUE LOCK,https://www.justwatch.com/in/tv-show/bluelock,Amazon Prime Video,show
My Hero Academia,https://www.justwatch.com/in/tv-show/my-hero-academia,Amazon Prime Video,show
Margo's Got Money Troubles,https://www.justwatch.com/in/tv-show/margos-got-money-troubles,Amazon Prime Video,show
Hostel Daze,https://www.justwatch.com/in/tv-show/hostel-daze,Amazon Prime Video,show
Aspirants,https://www.justwatch.com/in/tv-show/aspirants,Amazon Prime Video,show
Under the Dome,https://www.justwatch.com/in/tv-show/under-the-dome,Amazon Prime Video,show
Half Man,https://www.justwatch.com/in/tv-show/half-man,Amazon Prime Video,show
The Tudors,https://www.justwatch.com/in/tv-show/the-tudors,Amazon Prime Video,show
Young Sheldon,https://www.justwatch.com/in/tv-show/young-sheldon,Amazon Prime Video,show
56 Days,https://www.justwatch.com/in/tv-show/56-days,Amazon Prime Video,show
Shameless,https://www.justwatch.com/in/tv-show/shameless,Amazon Prime Video,show
Black Torch,https://www.justwatch.com/in/tv-show/black-torch,Amazon Prime Video,show
SPY x FAMILY,https://www.justwatch.com/in/tv-show/spy-x-family,Amazon Prime Video,show
Friday Night Lights,https://www.justwatch.com/in/tv-show/friday-night-lights,Amazon Prime Video,show
Re:Zero kara Hajimeru Isekai Seikatsu,https://www.justwatch.com/in/tv-show/re-zero-starting-life-in-another-world,Amazon Prime Video,show
Tokyo Ghoul,https://www.justwatch.com/in/tv-show/tokyo-ghoul,Amazon Prime Video,show
The Pyramid Scheme,https://www.justwatch.com/in/tv-show/the-pyramid-scheme,Amazon Prime Video,show
Robin Hood,https://www.justwatch.com/in/tv-show/robin-hood-2025,Amazon Prime Video,show
The Night Manager,https://www.justwatch.com/in/tv-show/the-night-manager,Amazon Prime Video,show
The Office,https://www.justwatch.com/in/tv-show/the-office,Amazon Prime Video,show
Haikyu!!,https://www.justwatch.com/in/tv-show/haikyu,Amazon Prime Video,show
Fallout,https://www.justwatch.com/in/tv-show/fallout,Amazon Prime Video,show
The Scarecrow,https://www.justwatch.com/in/tv-show/the-scarecrow,Amazon Prime Video,show
Clarkson's Farm,https://www.justwatch.com/in/tv-show/jeremy-clarkson-i-bought-the-farm,Amazon Prime Video,show
Arabia Kadali,https://www.justwatch.com/in/tv-show/arabia-kadali,Amazon Prime Video,show
Dhootha,https://www.justwatch.com/in/tv-show/dhootha,Amazon Prime Video,show
The Loyalty Game,https://www.justwatch.com/in/tv-show/the-loyalty-game,Amazon Prime Video,show
Heated Rivalry,https://www.justwatch.com/in/tv-show/heated-rivalry,Amazon Prime Video,show
Fargo,https://www.justwatch.com/in/tv-show/fargo,Amazon Prime Video,show
The Expanse,https://www.justwatch.com/in/tv-show/the-expanse,Amazon Prime Video,show
The Flash,https://www.justwatch.com/in/tv-show/the-flash,Amazon Prime Video,show
Absolute Value of Romance,https://www.justwatch.com/in/tv-show/absolute-value-of-romance,Amazon Prime Video,show
The Legend of Vox Machina,https://www.justwatch.com/in/tv-show/critical-role-the-legend-of-vox-machina,Amazon Prime Video,show
Elle,https://www.justwatch.com/in/tv-show/elle,Amazon Prime Video,show
Smallville,https://www.justwatch.com/in/tv-show/smallville,Amazon Prime Video,show
Ash vs Evil Dead,https://www.justwatch.com/in/tv-show/ash-vs-evil-dead,Amazon Prime Video,show
Adam's Sweet Agony,https://www.justwatch.com/in/tv-show/adams-sweet-agony,Amazon Prime Video,show
Rasbhari,https://www.justwatch.com/in/tv-show/rasbhari,Amazon Prime Video,show
Rent-a-Girlfriend,https://www.justwatch.com/in/tv-show/rent-a-girlfriend,Amazon Prime Video,show
In Plain Sight,https://www.justwatch.com/in/tv-show/in-plain-sight,Amazon Prime Video,show
Fringe,https://www.justwatch.com/in/tv-show/fringe,Amazon Prime Video,show
The Lord of the Rings: The Rings of Power,https://www.justwatch.com/in/tv-show/the-lord-of-the-rings-the-rings-of-power,Amazon Prime Video,show
INVINCIBLE,https://www.justwatch.com/in/tv-show/invincible,Amazon Prime Video,show
Gumihodyeon,https://www.justwatch.com/in/tv-show/tale-of-the-nine-tailed,Amazon Prime Video,show
Fullmetal Alchemist: Brotherhood,https://www.justwatch.com/in/tv-show/fullmetal-alchemist-brotherhood,Amazon Prime Video,show
Schitt's Creek,https://www.justwatch.com/in/tv-show/schitts-creek,Amazon Prime Video,show
Dexter: Original Sin,https://www.justwatch.com/in/tv-show/dexter-original-sin,Amazon Prime Video,show
Inspector Rishi,https://www.justwatch.com/in/tv-show/inspector-rishi,Amazon Prime Video,show
Dark Winds,https://www.justwatch.com/in/tv-show/dark-winds,Amazon Prime Video,show
Frieren: Beyond Journey's End,https://www.justwatch.com/in/tv-show/frieren-beyond-journeys-end,Amazon Prime Video,show
Arrow,https://www.justwatch.com/in/tv-show/arrow,Amazon Prime Video,show
Good Boy,https://www.justwatch.com/in/tv-show/good-boy,Amazon Prime Video,show
The Middle,https://www.justwatch.com/in/tv-show/the-middle,Amazon Prime Video,show
One Punch Man: Wanpanman,https://www.justwatch.com/in/tv-show/one-punch-man,Amazon Prime Video,show
Little Disasters,https://www.justwatch.com/in/tv-show/little-disasters,Amazon Prime Video,show
Harem Camp!,https://www.justwatch.com/in/tv-show/harem-camp,Amazon Prime Video,show
The Peripheral,https://www.justwatch.com/in/tv-show/the-peripheral,Amazon Prime Video,show
Justified,https://www.justwatch.com/in/tv-show/justified,Amazon Prime Video,show
2 Broke Girls,https://www.justwatch.com/in/tv-show/2-broke-girls,Amazon Prime Video,show
Blue Lights,https://www.justwatch.com/in/tv-show/blue-lights,Amazon Prime Video,show
Deo keitu,https://www.justwatch.com/in/tv-show/the-k2,Amazon Prime Video,show
Superman & Lois,https://www.justwatch.com/in/tv-show/superman-and-lois,Amazon Prime Video,show
Kôkaku Kidôtai,https://www.justwatch.com/in/tv-show/kokaku-kidotai,Amazon Prime Video,show
Grand Blue Dreaming,https://www.justwatch.com/in/tv-show/grand-blue-dreaming,Amazon Prime Video,show
Counterpart,https://www.justwatch.com/in/tv-show/counterpart,Amazon Prime Video,show
The Good Wife,https://www.justwatch.com/in/tv-show/the-good-wife,Amazon Prime Video,show
The Man in the High Castle,https://www.justwatch.com/in/tv-show/the-man-in-the-high-castle,Amazon Prime Video,show
Citadel,https://www.justwatch.com/in/tv-show/citadel,Amazon Prime Video,show
S.W.A.T.,https://www.justwatch.com/in/tv-show/s-w-a-t-2017,Amazon Prime Video,show
Gen V,https://www.justwatch.com/in/tv-show/gen-v,Amazon Prime Video,show
Khauf,https://www.justwatch.com/in/tv-show/khauf,Amazon Prime Video,show
Newtopia,https://www.justwatch.com/in/tv-show/newtopia,Amazon Prime Video,show
Death in Paradise,https://www.justwatch.com/in/tv-show/death-in-paradise,Amazon Prime Video,show
Oshi no Ko,https://www.justwatch.com/in/tv-show/oshi-no-ko,Amazon Prime Video,show
Bandish Bandits,https://www.justwatch.com/in/tv-show/bandish-bandits,Amazon Prime Video,show
Death's Game,https://www.justwatch.com/in/tv-show/deaths-game,Amazon Prime Video,show
Bambai Meri Jaan,https://www.justwatch.com/in/tv-show/bambai-meri-jaan,Amazon Prime Video,show
Young Sherlock,https://www.justwatch.com/in/tv-show/young-sherlock,Amazon Prime Video,show
Dandadan,https://www.justwatch.com/in/tv-show/dan-da-dan,Amazon Prime Video,show
Shaktimaan,https://www.justwatch.com/in/tv-show/shaktimaan-a-powerful-man,Amazon Prime Video,show
Made in Heaven,https://www.justwatch.com/in/tv-show/made-in-heaven-2019,Amazon Prime Video,show
Aillaendeu,https://www.justwatch.com/in/tv-show/island,Amazon Prime Video,show
Chainsaw Man,https://www.justwatch.com/in/tv-show/chainsaw-man,Amazon Prime Video,show
The Guest,https://www.justwatch.com/in/tv-show/the-guest,Amazon Prime Video,show
The Originals,https://www.justwatch.com/in/tv-show/the-originals,Amazon Prime Video,show
Fleabag,https://www.justwatch.com/in/tv-show/fleabag,Amazon Prime Video,show
Unexpectedly Naughty Fukami,https://www.justwatch.com/in/tv-show/unexpectedly-naughty-fukami,Amazon Prime Video,show
Hunter x Hunter,https://www.justwatch.com/in/tv-show/hunter-x-hunter,Amazon Prime Video,show
Marika's Love Meter Malfunction,https://www.justwatch.com/in/tv-show/marikas-love-meter-malfunction,Amazon Prime Video,show
Boys Over Flowers,https://www.justwatch.com/in/tv-show/boys-over-flowers,Amazon Prime Video,show
Jee Karda,https://www.justwatch.com/in/tv-show/jee-karda,Amazon Prime Video,show
Saga of Tanya the Evil,https://www.justwatch.com/in/tv-show/saga-of-tanya-the-evil,Amazon Prime Video,show
Batman: The Animated Series,https://www.justwatch.com/in/tv-show/batman-the-animated-series,Amazon Prime Video,show
The Exiled Heavy Knight Knows How to Game the System,https://www.justwatch.com/in/tv-show/the-exiled-heavy-knight-knows-how-to-game-the-system,Amazon Prime Video,show
Boston Blue,https://www.justwatch.com/in/tv-show/boston-blue,Amazon Prime Video,show
The Game of Keys,https://www.justwatch.com/in/tv-show/el-juego-de-las-llaves,Amazon Prime Video,show
The Walking Dead: Dead City,https://www.justwatch.com/in/tv-show/the-walking-dead-dead-city,Amazon Prime Video,show
Secret Mission - Undercover Agents Never Back Down!,https://www.justwatch.com/in/tv-show/secret-mission-undercover-agents-never-back-down,Amazon Prime Video,show
Gossip Girl,https://www.justwatch.com/in/tv-show/gossip-girl,Amazon Prime Video,show
The Terminal List,https://www.justwatch.com/in/tv-show/the-terminal-list,Amazon Prime Video,show
Vinland Saga,https://www.justwatch.com/in/tv-show/vinland-saga,Amazon Prime Video,show
The Traitors,https://www.justwatch.com/in/tv-show/the-traitors-2024,Amazon Prime Video,show
Matlock,https://www.justwatch.com/in/tv-show/matlock,Amazon Prime Video,show
Crushology 101,https://www.justwatch.com/in/tv-show/crushology-101,Amazon Prime Video,show
Secret Level,https://www.justwatch.com/in/tv-show/secret-level,Amazon Prime Video,show
Eve,https://www.justwatch.com/in/tv-show/eve,Amazon Prime Video,show
Legacies,https://www.justwatch.com/in/tv-show/legacies,Amazon Prime Video,show
Dexter: Resurrection,https://www.justwatch.com/in/tv-show/dexter-resurrection,Amazon Prime Video,show
The Big C,https://www.justwatch.com/in/tv-show/the-big-c,Amazon Prime Video,show
Bleach: Sennen Kessen-hen,https://www.justwatch.com/in/tv-show/bleach-thousand-year-blood-war,Amazon Prime Video,show
The Pradeeps of Pittsburgh,https://www.justwatch.com/in/tv-show/the-pradeeps-of-pittsburgh,Amazon Prime Video,show
Late Bloomer,https://www.justwatch.com/in/tv-show/late-bloomer,Amazon Prime Video,show
Spring Fever,https://www.justwatch.com/in/tv-show/spring-fever,Amazon Prime Video,show
Bloody Flower,https://www.justwatch.com/in/tv-show/bloody-flower,Amazon Prime Video,show
War of the Worlds,https://www.justwatch.com/in/tv-show/war-of-the-worlds,Amazon Prime Video,show
Tom Clancy's Jack Ryan,https://www.justwatch.com/in/tv-show/tom-clancys-jack-ryan,Amazon Prime Video,show
Citadel: Honey Bunny,https://www.justwatch.com/in/tv-show/citadel-honey-bunny,Amazon Prime Video,show
Oggy and the Cockroaches,https://www.justwatch.com/in/tv-show/oggy-and-the-cockroaches,Amazon Prime Video,show
Those About to Die,https://www.justwatch.com/in/tv-show/those-about-to-die,Amazon Prime Video,show
One Tree Hill,https://www.justwatch.com/in/tv-show/one-tree-hill,Amazon Prime Video,show
Cruel Summer,https://www.justwatch.com/in/tv-show/cruel-summer,Amazon Prime Video,show
FLAMES,https://www.justwatch.com/in/tv-show/flames,Amazon Prime Video,show
Scooby-Doo! Mystery Incorporated,https://www.justwatch.com/in/tv-show/scooby-doo-mystery-incorporated,Amazon Prime Video,show
Wind Breaker,https://www.justwatch.com/in/tv-show/wind-breaker,Amazon Prime Video,show
Dupahiya,https://www.justwatch.com/in/tv-show/dupahiya,Amazon Prime Video,show
Father Brown,https://www.justwatch.com/in/tv-show/father-brown,Amazon Prime Video,show
We Were Liars,https://www.justwatch.com/in/tv-show/we-were-liars,Amazon Prime Video,show
NIPPON SANGOKU: The Three Nations of the Crimson Sun,https://www.justwatch.com/in/tv-show/nippon-sangoku,Amazon Prime Video,show
NCIS,https://www.justwatch.com/in/tv-show/ncis,Amazon Prime Video,show
ImMATURE,https://www.justwatch.com/in/tv-show/im-mature,Amazon Prime Video,show
Blue Bloods,https://www.justwatch.com/in/tv-show/blue-bloods,Amazon Prime Video,show
Gilmore Girls,https://www.justwatch.com/in/tv-show/gilmore-girls,Amazon Prime Video,show
Breathe,https://www.justwatch.com/in/tv-show/breathe,Amazon Prime Video,show
Fullmetal Alchemist,https://www.justwatch.com/in/tv-show/fullmetal-alchemist,Amazon Prime Video,show
Lukkhe,https://www.justwatch.com/in/tv-show/lukkhe,Amazon Prime Video,show
Power Rangers,https://www.justwatch.com/in/tv-show/power-rangers,Amazon Prime Video,show
Love Is Never Gone,https://www.justwatch.com/in/tv-show/love-is-never-gone,Amazon Prime Video,show
Dark City: The Cleaner,https://www.justwatch.com/in/tv-show/dark-city-the-cleaner,Amazon Prime Video,show
Steal,https://www.justwatch.com/in/tv-show/steal,Amazon Prime Video,show
The House of the Spirits,https://www.justwatch.com/in/tv-show/the-house-of-the-spirits,Amazon Prime Video,show
Four Years Later,https://www.justwatch.com/in/tv-show/four-years-later,Amazon Prime Video,show
The Marvelous Mrs. Maisel,https://www.justwatch.com/in/tv-show/the-marvelous-mrs-maisel,Amazon Prime Video,show
Skins,https://www.justwatch.com/in/tv-show/skins,Amazon Prime Video,show
The White Princess,https://www.justwatch.com/in/tv-show/the-white-princess,Amazon Prime Video,show
Nae Nampyeongwa Gyeolhonhaejweo,https://www.justwatch.com/in/tv-show/marry-my-husband,Amazon Prime Video,show
Highway Love,https://www.justwatch.com/in/tv-show/highway-love,Amazon Prime Video,show
Sword Art Online,https://www.justwatch.com/in/tv-show/sword-art-online-ii,Amazon Prime Video,show
Yandere Dark Elf: She Chased Me All the Way from Another World!,https://www.justwatch.com/in/tv-show/yandere-dark-elf-she-chased-me-all-the-way-from-another-world,Amazon Prime Video,show
The Outer Limits,https://www.justwatch.com/in/tv-show/the-outer-limits,Amazon Prime Video,show
Patriot,https://www.justwatch.com/in/tv-show/patriot,Amazon Prime Video,show
Mumbai Diaries,https://www.justwatch.com/in/tv-show/mumbai-diaries-26-11,Amazon Prime Video,show
Madam Secretary,https://www.justwatch.com/in/tv-show/madam-secretary,Amazon Prime Video,show
Vadhandhi,https://www.justwatch.com/in/tv-show/vadhandhi,Amazon Prime Video,show
House of David,https://www.justwatch.com/in/tv-show/house-of-david,Amazon Prime Video,show
Siren's Kiss,https://www.justwatch.com/in/tv-show/seiren,Amazon Prime Video,show
LOL: Hasse Toh Phasse,https://www.justwatch.com/in/tv-show/lol-hasse-toh-phasse,Amazon Prime Video,show
Cruel Intentions,https://www.justwatch.com/in/tv-show/cruel-intentions,Amazon Prime Video,show
Tomorrow with You,https://www.justwatch.com/in/tv-show/tomorrow-with-you,Amazon Prime Video,show
My Lady Jane,https://www.justwatch.com/in/tv-show/my-lady-jane,Amazon Prime Video,show
The O.C.,https://www.justwatch.com/in/tv-show/the-o-c,Amazon Prime Video,show
"My Classmate's a Sexy Actress, and Now We Live Together?!",https://www.justwatch.com/in/tv-show/my-classmates-a-sexy-actress-and-now-we-live-together,Amazon Prime Video,show
Descendants of the Sun,https://www.justwatch.com/in/tv-show/descendants-of-the-sun,Amazon Prime Video,show
"Jack-of-All-Trades, Party of None",https://www.justwatch.com/in/tv-show/jack-of-all-trades-party-of-none,Amazon Prime Video,show
Neon Genesis Evangelion,https://www.justwatch.com/in/tv-show/neon-genesis-evangelion,Amazon Prime Video,show
Balti,https://www.justwatch.com/in/movie/balti,SonyLIV,movie
Spider-Man: No Way Home,https://www.justwatch.com/in/movie/spider-man-no-way-home,SonyLIV,movie
Athiradi,https://www.justwatch.com/in/movie/athiradi,SonyLIV,movie
Evil Dead,https://www.justwatch.com/in/movie/evil-dead,SonyLIV,movie
Spider-Man,https://www.justwatch.com/in/movie/spider-man,SonyLIV,movie
Pani,https://www.justwatch.com/in/movie/pani,SonyLIV,movie
Por Thozhil,https://www.justwatch.com/in/movie/por-thozhil,SonyLIV,movie
Alpha,https://www.justwatch.com/in/movie/alpha,SonyLIV,movie
Spider-Man 3,https://www.justwatch.com/in/movie/spider-man-3,SonyLIV,movie
Karakkam,https://www.justwatch.com/in/movie/karakkam,SonyLIV,movie
Once Upon a Time... in Hollywood,https://www.justwatch.com/in/movie/once-upon-a-time-in-hollywood,SonyLIV,movie
The Amazing Spider-Man,https://www.justwatch.com/in/movie/the-amazing-spider-man,SonyLIV,movie
Bāhubali: The Beginning,https://www.justwatch.com/in/movie/baahubali-the-beginning,SonyLIV,movie
Bramayugam,https://www.justwatch.com/in/movie/bramayugam,SonyLIV,movie
Sisu,https://www.justwatch.com/in/movie/sisu-2023,SonyLIV,movie
Spider-Man: Into the Spider-Verse,https://www.justwatch.com/in/movie/spider-man-into-the-spider-verse,SonyLIV,movie
Spider-Man: Far From Home,https://www.justwatch.com/in/movie/spider-man-far-from-home,SonyLIV,movie
Jumanji: Welcome to the Jungle,https://www.justwatch.com/in/movie/jumanji-welcome-to-the-jungle,SonyLIV,movie
Moneyball,https://www.justwatch.com/in/movie/moneyball,SonyLIV,movie
Bullet Train,https://www.justwatch.com/in/movie/bullet-train,SonyLIV,movie
Blade Runner 2049,https://www.justwatch.com/in/movie/blade-runner-2049,SonyLIV,movie
Sitaare Zameen Par,https://www.justwatch.com/in/movie/sitaare-zameen-par,SonyLIV,movie
Marco,https://www.justwatch.com/in/movie/marco-2024,SonyLIV,movie
Jerry Maguire,https://www.justwatch.com/in/movie/jerry-maguire,SonyLIV,movie
Your Name.,https://www.justwatch.com/in/movie/your-name,SonyLIV,movie
The Amazing Spider-Man 2,https://www.justwatch.com/in/movie/the-amazing-spider-man-2,SonyLIV,movie
Madhuvidhu,https://www.justwatch.com/in/movie/madhuvidhu-2026,SonyLIV,movie
Bāhubali 2: The Conclusion,https://www.justwatch.com/in/movie/baahubali-2-the-conclusion,SonyLIV,movie
Close Encounters of the Third Kind,https://www.justwatch.com/in/movie/close-encounters-of-the-third-kind,SonyLIV,movie
Agent,https://www.justwatch.com/in/movie/agent,SonyLIV,movie
Spider-Man 2,https://www.justwatch.com/in/movie/spider-man-2,SonyLIV,movie
The Angry Birds Movie 2,https://www.justwatch.com/in/movie/the-angry-birds-movie-2,SonyLIV,movie
A Few Good Men,https://www.justwatch.com/in/movie/a-few-good-men,SonyLIV,movie
Rekhachithram,https://www.justwatch.com/in/movie/rekhachithram,SonyLIV,movie
Everything Everywhere All at Once,https://www.justwatch.com/in/movie/everything-everywhere-all-at-once,SonyLIV,movie
Jujutsu Kaisen 0,https://www.justwatch.com/in/movie/jujutsu-kaisen-0-the-movie,SonyLIV,movie
Kalamkaval,https://www.justwatch.com/in/movie/kalamkaval,SonyLIV,movie
Men in Black,https://www.justwatch.com/in/movie/men-in-black,SonyLIV,movie
Call Me by Your Name,https://www.justwatch.com/in/movie/call-me-by-your-name,SonyLIV,movie
A Silent Voice: The Movie,https://www.justwatch.com/in/movie/a-silent-voice,SonyLIV,movie
Venom: Let There Be Carnage,https://www.justwatch.com/in/movie/venom-let-there-be-carnage,SonyLIV,movie
Venom,https://www.justwatch.com/in/movie/venom-2018,SonyLIV,movie
The Karate Kid,https://www.justwatch.com/in/movie/the-karate-kid,SonyLIV,movie
Laalo: Krishna Sada Sahaayate,https://www.justwatch.com/in/movie/laalo-krishna-sada-sahaayate,SonyLIV,movie
Uncharted,https://www.justwatch.com/in/movie/uncharted,SonyLIV,movie
The Other Guys,https://www.justwatch.com/in/movie/the-other-guys,SonyLIV,movie
The Da Vinci Code,https://www.justwatch.com/in/movie/the-da-vinci-code,SonyLIV,movie
Bhoothakaalam,https://www.justwatch.com/in/movie/bhoothakaalam,SonyLIV,movie
The Blue Lagoon,https://www.justwatch.com/in/movie/the-blue-lagoon,SonyLIV,movie
Kadaisi Vivasayi,https://www.justwatch.com/in/movie/kadaisi-vivasayi-2022,SonyLIV,movie
Captain Phillips,https://www.justwatch.com/in/movie/captain-phillips,SonyLIV,movie
Demon Slayer -Kimetsu no Yaiba- The Movie: Mugen Train,https://www.justwatch.com/in/movie/demon-slayer-kimetsu-no-yaiba-the-movie-mugen-train,SonyLIV,movie
Bougainvillea,https://www.justwatch.com/in/movie/bougainvillea,SonyLIV,movie
Madhuram,https://www.justwatch.com/in/movie/madhuram-2021,SonyLIV,movie
Weathering with You,https://www.justwatch.com/in/movie/weathering-with-you,SonyLIV,movie
The Patriot,https://www.justwatch.com/in/movie/the-patriot,SonyLIV,movie
Erin Brockovich,https://www.justwatch.com/in/movie/erin-brockovich,SonyLIV,movie
Black Hawk Down,https://www.justwatch.com/in/movie/black-hawk-down,SonyLIV,movie
Salt,https://www.justwatch.com/in/movie/salt,SonyLIV,movie
Across the Universe,https://www.justwatch.com/in/movie/across-the-universe,SonyLIV,movie
96,https://www.justwatch.com/in/movie/96,SonyLIV,movie
Angels & Demons,https://www.justwatch.com/in/movie/angels-and-demons,SonyLIV,movie
Salute,https://www.justwatch.com/in/movie/salute-2022,SonyLIV,movie
Don't Breathe,https://www.justwatch.com/in/movie/dont-breathe,SonyLIV,movie
65,https://www.justwatch.com/in/movie/65,SonyLIV,movie
Big Fish,https://www.justwatch.com/in/movie/big-fish,SonyLIV,movie
50 First Dates,https://www.justwatch.com/in/movie/50-first-dates,SonyLIV,movie
Don't Breathe 2,https://www.justwatch.com/in/movie/dont-breathe-2,SonyLIV,movie
Zombieland,https://www.justwatch.com/in/movie/zombieland,SonyLIV,movie
Churuli,https://www.justwatch.com/in/movie/churuli,SonyLIV,movie
The Fabelmans,https://www.justwatch.com/in/movie/the-fabelmans,SonyLIV,movie
Saudi Vellakka,https://www.justwatch.com/in/movie/saudi-vellakka,SonyLIV,movie
Journey of Love 18+,https://www.justwatch.com/in/movie/18-plus,SonyLIV,movie
Puzhu,https://www.justwatch.com/in/movie/puzhu,SonyLIV,movie
Hook,https://www.justwatch.com/in/movie/hook,SonyLIV,movie
The Adventures of Tintin,https://www.justwatch.com/in/movie/the-adventures-of-tintin,SonyLIV,movie
Cobra,https://www.justwatch.com/in/movie/cobra-2022,SonyLIV,movie
Thalavan,https://www.justwatch.com/in/movie/thalavan,SonyLIV,movie
Escape Room: Tournament of Champions,https://www.justwatch.com/in/movie/escape-room-tournament-of-champions,SonyLIV,movie
Baby Girl,https://www.justwatch.com/in/movie/baby-girl,SonyLIV,movie
Big Daddy,https://www.justwatch.com/in/movie/big-daddy,SonyLIV,movie
Krrish 3,https://www.justwatch.com/in/movie/krrish-3,SonyLIV,movie
Resident Evil: Retribution,https://www.justwatch.com/in/movie/resident-evil-retribution,SonyLIV,movie
Suzume,https://www.justwatch.com/in/movie/suzume-no-tojimari,SonyLIV,movie
American Underdog,https://www.justwatch.com/in/movie/american-underdog,SonyLIV,movie
Bicentennial Man,https://www.justwatch.com/in/movie/bicentennial-man,SonyLIV,movie
Almost Famous,https://www.justwatch.com/in/movie/almost-famous,SonyLIV,movie
Resident Evil: The Final Chapter,https://www.justwatch.com/in/movie/resident-evil-the-final-chapter,SonyLIV,movie
WWW,https://www.justwatch.com/in/movie/www,SonyLIV,movie
Zombieland: Double Tap,https://www.justwatch.com/in/movie/zombieland-double-tap,SonyLIV,movie
Maanaadu,https://www.justwatch.com/in/movie/maanaadu,SonyLIV,movie
The Woman King,https://www.justwatch.com/in/movie/the-woman-king,SonyLIV,movie
"Crouching Tiger, Hidden Dragon",https://www.justwatch.com/in/movie/crouching-tiger-hidden-dragon,SonyLIV,movie
Escape Room,https://www.justwatch.com/in/movie/escape-room,SonyLIV,movie
Race Gurram,https://www.justwatch.com/in/movie/race-gurram,SonyLIV,movie
The Whale,https://www.justwatch.com/in/movie/the-whale,SonyLIV,movie
Pixels,https://www.justwatch.com/in/movie/pixels,SonyLIV,movie
5 Centimeters per Second,https://www.justwatch.com/in/movie/5-centimeters-per-second,SonyLIV,movie
Pineapple Express,https://www.justwatch.com/in/movie/pineapple-express,SonyLIV,movie
Where the Crawdads Sing,https://www.justwatch.com/in/movie/where-the-crawdads-sing,SonyLIV,movie
Turbo,https://www.justwatch.com/in/movie/turbo-2024,SonyLIV,movie
The Wedding Ringer,https://www.justwatch.com/in/movie/the-wedding-ringer,SonyLIV,movie
Morbius,https://www.justwatch.com/in/movie/morbius,SonyLIV,movie
Little Women,https://www.justwatch.com/in/movie/little-women-2019,SonyLIV,movie
Cloudy with a Chance of Meatballs 2,https://www.justwatch.com/in/movie/cloudy-with-a-chance-of-meatballs-2,SonyLIV,movie
Mirage,https://www.justwatch.com/in/movie/mirage-2025,SonyLIV,movie
Kadakh,https://www.justwatch.com/in/movie/kadakh,SonyLIV,movie
Kanam,https://www.justwatch.com/in/movie/kanam,SonyLIV,movie
Lucifer,https://www.justwatch.com/in/movie/lucifer,SonyLIV,movie
The Shallows,https://www.justwatch.com/in/movie/the-shallows,SonyLIV,movie
Triangle of Sadness,https://www.justwatch.com/in/movie/triangle-of-sadness,SonyLIV,movie
The 5th Wave,https://www.justwatch.com/in/movie/the-5th-wave,SonyLIV,movie
Peter Rabbit,https://www.justwatch.com/in/movie/peter-rabbit,SonyLIV,movie
Maranamass,https://www.justwatch.com/in/movie/maranamass,SonyLIV,movie
Death at a Funeral,https://www.justwatch.com/in/movie/death-at-a-funeral,SonyLIV,movie
As Good as It Gets,https://www.justwatch.com/in/movie/as-good-as-it-gets,SonyLIV,movie
2018,https://www.justwatch.com/in/movie/2018-2023,SonyLIV,movie
Sleepless,https://www.justwatch.com/in/movie/sleepless,SonyLIV,movie
Alappuzha Gymkhana,https://www.justwatch.com/in/movie/alappuzha-gymkhana,SonyLIV,movie
Gargi,https://www.justwatch.com/in/movie/gargi,SonyLIV,movie
Oh My Kadavule,https://www.justwatch.com/in/movie/oh-my-kadavule,SonyLIV,movie
Revolver Rani,https://www.justwatch.com/in/movie/revolver-rani,SonyLIV,movie
Ghostbusters,https://www.justwatch.com/in/movie/ghostbusters,SonyLIV,movie
Dedh Ishqiya,https://www.justwatch.com/in/movie/dedh-ishqiya,SonyLIV,movie
Ghostbusters: Afterlife,https://www.justwatch.com/in/movie/ghostbusters-afterlife,SonyLIV,movie
Episode 2,https://www.justwatch.com/in/movie/episode-2,SonyLIV,movie
Varudu Kaavalenu,https://www.justwatch.com/in/movie/varudu-kaavalenu,SonyLIV,movie
Eesho,https://www.justwatch.com/in/movie/eesho,SonyLIV,movie
A League of Their Own,https://www.justwatch.com/in/movie/a-league-of-their-own,SonyLIV,movie
Roy,https://www.justwatch.com/in/movie/roy-2022,SonyLIV,movie
Bad Boys for Life,https://www.justwatch.com/in/movie/bad-boys-for-life,SonyLIV,movie
Quarantine,https://www.justwatch.com/in/movie/quarantine,SonyLIV,movie
Aadavaallu Meeku Johaarlu,https://www.justwatch.com/in/movie/aadavaallu-meeku-johaarlu,SonyLIV,movie
Insidious: The Last Key,https://www.justwatch.com/in/movie/insidious-chapter-4,SonyLIV,movie
Dragon Ball Super: Super Hero,https://www.justwatch.com/in/movie/dragon-ball-super-super-hero-2022,SonyLIV,movie
Christy,https://www.justwatch.com/in/movie/christy,SonyLIV,movie
Philadelphia,https://www.justwatch.com/in/movie/philadelphia,SonyLIV,movie
"Toh, Ti Ani Fuji",https://www.justwatch.com/in/movie/toh-ti-ani-fuji,SonyLIV,movie
Men in Black 3,https://www.justwatch.com/in/movie/men-in-black-3,SonyLIV,movie
Ab Tak Chhappan 2,https://www.justwatch.com/in/movie/ab-tak-chhappan-2,SonyLIV,movie
Peter Rabbit 2: The Runaway,https://www.justwatch.com/in/movie/peter-rabbit-2-the-runaway,SonyLIV,movie
Narivetta,https://www.justwatch.com/in/movie/narivetta,SonyLIV,movie
DJ Tillu,https://www.justwatch.com/in/movie/dj-tillu,SonyLIV,movie
Soorma,https://www.justwatch.com/in/movie/soorma,SonyLIV,movie
Inferno,https://www.justwatch.com/in/movie/inferno,SonyLIV,movie
Adiyae!,https://www.justwatch.com/in/movie/adiyae,SonyLIV,movie
War Room,https://www.justwatch.com/in/movie/war-room,SonyLIV,movie
Varshangalkku Shesham,https://www.justwatch.com/in/movie/varshangalkku-shesham,SonyLIV,movie
The Garden of Words,https://www.justwatch.com/in/movie/the-garden-of-words,SonyLIV,movie
Seven Pounds,https://www.justwatch.com/in/movie/seven-pounds,SonyLIV,movie
Terminator Salvation,https://www.justwatch.com/in/movie/terminator-salvation,SonyLIV,movie
Bachelor,https://www.justwatch.com/in/movie/bachelor,SonyLIV,movie
Whitney Houston: I Wanna Dance with Somebody,https://www.justwatch.com/in/movie/i-wanna-dance-with-somebody,SonyLIV,movie
Aamis,https://www.justwatch.com/in/movie/ravening,SonyLIV,movie
My Best Friend's Wedding,https://www.justwatch.com/in/movie/my-best-friends-wedding,SonyLIV,movie
Toby,https://www.justwatch.com/in/movie/toby,SonyLIV,movie
In This Corner of the World,https://www.justwatch.com/in/movie/in-this-corner-of-the-world,SonyLIV,movie
Darna Zaroori Hai,https://www.justwatch.com/in/movie/darna-zaroori-hai,SonyLIV,movie
Love Life,https://www.justwatch.com/in/movie/love-life-2022,SonyLIV,movie
Monster Hunter,https://www.justwatch.com/in/movie/monster-hunter-2020,SonyLIV,movie
Mubarakan,https://www.justwatch.com/in/movie/mubarakan,SonyLIV,movie
Bromance,https://www.justwatch.com/in/movie/bromance-2025,SonyLIV,movie
"Like, Share & Subscribe",https://www.justwatch.com/in/movie/like-share-and-subscribe,SonyLIV,movie
Mumbai Express,https://www.justwatch.com/in/movie/mumbai-express,SonyLIV,movie
Surf's Up,https://www.justwatch.com/in/movie/surfs-up,SonyLIV,movie
Azhar,https://www.justwatch.com/in/movie/azhar,SonyLIV,movie
Firangi,https://www.justwatch.com/in/movie/firangi,SonyLIV,movie
Children Who Chase Lost Voices,https://www.justwatch.com/in/movie/children-who-chase-lost-voices,SonyLIV,movie
Te3n,https://www.justwatch.com/in/movie/te3n,SonyLIV,movie
"Lyle, Lyle, Crocodile",https://www.justwatch.com/in/movie/lyle-lyle-crocodile,SonyLIV,movie
Farhana,https://www.justwatch.com/in/movie/farhana,SonyLIV,movie
The Longest Yard,https://www.justwatch.com/in/movie/the-longest-yard,SonyLIV,movie
Maari 2,https://www.justwatch.com/in/movie/maari-2,SonyLIV,movie
Shikshanachya Aaicha Gho!,https://www.justwatch.com/in/movie/shikshanachya-aaicha-gho,SonyLIV,movie
Hawa,https://www.justwatch.com/in/movie/hawa-2022-1,SonyLIV,movie
Jodi,https://www.justwatch.com/in/movie/jodi-2019,SonyLIV,movie
Bulandi,https://www.justwatch.com/in/movie/bulandi,SonyLIV,movie
Chaaver,https://www.justwatch.com/in/movie/chaaver,SonyLIV,movie
Magnet,https://www.justwatch.com/in/movie/lottery,SonyLIV,movie
Black Butler: Book of the Atlantic,https://www.justwatch.com/in/movie/black-butler-book-of-the-atlantic,SonyLIV,movie
Aavasavyuham: The Arbit Documentation of an Amphibian Hunt,https://www.justwatch.com/in/movie/aavasavyuham,SonyLIV,movie
Pravinkoodu Shappu,https://www.justwatch.com/in/movie/pravinkoodu-shappu,SonyLIV,movie
The Killer,https://www.justwatch.com/in/movie/jugeodo-doeneun-ai,SonyLIV,movie
Broker,https://www.justwatch.com/in/movie/broker-2022,SonyLIV,movie
Mehandi Circus,https://www.justwatch.com/in/movie/mehandi-circus,SonyLIV,movie
F3: Fun and Frustration,https://www.justwatch.com/in/movie/f3-fun-and-frustration,SonyLIV,movie
Me Shivajiraje Bhosale Boltoy,https://www.justwatch.com/in/movie/me-shivajiraje-bhosale-boltoy-2009,SonyLIV,movie
Family Drama,https://www.justwatch.com/in/movie/family-drama,SonyLIV,movie
King of Thorn,https://www.justwatch.com/in/movie/king-of-thorn,SonyLIV,movie
Orey Bujjiga,https://www.justwatch.com/in/movie/orey-bujjiga,SonyLIV,movie
Sabhaapathy,https://www.justwatch.com/in/movie/sabhaapathy,SonyLIV,movie
Fatafati,https://www.justwatch.com/in/movie/fatafati,SonyLIV,movie
Kadina Kadoramee Andakadaham,https://www.justwatch.com/in/movie/kadina-kadoramee-andakadaham,SonyLIV,movie
Wonder Women,https://www.justwatch.com/in/movie/wonder-women-2022,SonyLIV,movie
Enemy,https://www.justwatch.com/in/movie/enemy-2021,SonyLIV,movie
Check,https://www.justwatch.com/in/movie/check,SonyLIV,movie
Ramarao On Duty,https://www.justwatch.com/in/movie/rama-rao-on-duty,SonyLIV,movie
Homecoming,https://www.justwatch.com/in/movie/homecoming-2009,SonyLIV,movie
Pailwaan,https://www.justwatch.com/in/movie/pehlwaan,SonyLIV,movie
Kothanodi: The River of Fables,https://www.justwatch.com/in/movie/kothanodi,SonyLIV,movie
"To Me, the One Who Loved You",https://www.justwatch.com/in/movie/kimi-o-aishita-hitori-no-boku-e,SonyLIV,movie
Seththumaan,https://www.justwatch.com/in/movie/seththumaan,SonyLIV,movie
Chhalle Mundiyan,https://www.justwatch.com/in/movie/chhalle-mundiyan,SonyLIV,movie
Alpha Adimai,https://www.justwatch.com/in/movie/alpha-adimai,SonyLIV,movie
Pebbles,https://www.justwatch.com/in/movie/pebbles,SonyLIV,movie
Innale Vare,https://www.justwatch.com/in/movie/innale-vare,SonyLIV,movie
Purusha Pretham,https://www.justwatch.com/in/movie/purusha-pretham,SonyLIV,movie
Aaviri,https://www.justwatch.com/in/movie/aaviri,SonyLIV,movie
The Smurfs 2,https://www.justwatch.com/in/movie/the-smurfs-2,SonyLIV,movie
Pyaar Kiya Nahin Jaata,https://www.justwatch.com/in/movie/pyaar-kiya-nahin-jaata,SonyLIV,movie
Charusheela,https://www.justwatch.com/in/movie/charusheela,SonyLIV,movie
Robotech: The Shadow Chronicles,https://www.justwatch.com/in/movie/robotech-the-shadow-chronicles,SonyLIV,movie
Sivaranjiniyum Innum Sila Pengalum,https://www.justwatch.com/in/movie/sivaranjiniyum-innum-sila-pengalum,SonyLIV,movie
Ab Tak Chhappan,https://www.justwatch.com/in/movie/ab-tak-chhappan,SonyLIV,movie
Valu,https://www.justwatch.com/in/movie/the-wild-bull,SonyLIV,movie
Seeru,https://www.justwatch.com/in/movie/seeru,SonyLIV,movie
Lorni - The Flaneur,https://www.justwatch.com/in/movie/lorni-the-flaneur,SonyLIV,movie
Poster Boys,https://www.justwatch.com/in/movie/poster-boys,SonyLIV,movie
The Place Promised in Our Early Days,https://www.justwatch.com/in/movie/the-place-promised-in-our-early-days,SonyLIV,movie
Fate/Grand Order: First Order,https://www.justwatch.com/in/movie/fate-grand-order-first-order,SonyLIV,movie
Journey to Bethlehem,https://www.justwatch.com/in/movie/journey-to-bethlehem,SonyLIV,movie
Priyuraalu,https://www.justwatch.com/in/movie/priyuraalu,SonyLIV,movie
Raghu CNG,https://www.justwatch.com/in/movie/raghu-cng,SonyLIV,movie
Phantom,https://www.justwatch.com/in/movie/phantom-2023,SonyLIV,movie
Bade Achhe Lagte Hai,https://www.justwatch.com/in/movie/bade-achhe-lagte-hai,SonyLIV,movie
To Every You I've Loved Before,https://www.justwatch.com/in/movie/boku-ga-aishita-subete-no-kimi-e,SonyLIV,movie
Sword Art Online the Movie: Ordinal Scale,https://www.justwatch.com/in/movie/sword-art-online-the-movie-ordinal-scale,SonyLIV,movie
Morya,https://www.justwatch.com/in/movie/morya,SonyLIV,movie
Dillagi,https://www.justwatch.com/in/movie/dillagi-1978,SonyLIV,movie
Maacher Jhol,https://www.justwatch.com/in/movie/maacher-jhol,SonyLIV,movie
The Intruder,https://www.justwatch.com/in/movie/the-intruder,SonyLIV,movie
Pitruroon,https://www.justwatch.com/in/movie/pitruroon,SonyLIV,movie
Gullak,https://www.justwatch.com/in/tv-show/gullak,SonyLIV,show
Undekhi,https://www.justwatch.com/in/tv-show/undekhi,SonyLIV,show
Jujutsu Kaisen,https://www.justwatch.com/in/tv-show/jujutsu-kaisen,SonyLIV,show
One Piece,https://www.justwatch.com/in/tv-show/one-piece,SonyLIV,show
Mushoku Tensei: Jobless Reincarnation,https://www.justwatch.com/in/tv-show/mushoku-tensei-jobless-reincarnation,SonyLIV,show
Dr. STONE,https://www.justwatch.com/in/tv-show/dr-stone,SonyLIV,show
Naruto Shippūden,https://www.justwatch.com/in/tv-show/naruto-shippuden,SonyLIV,show
Black Clover,https://www.justwatch.com/in/tv-show/black-clover,SonyLIV,show
Naruto,https://www.justwatch.com/in/tv-show/naruto,SonyLIV,show
Solo Leveling,https://www.justwatch.com/in/tv-show/solo-leveling-2024,SonyLIV,show
Classroom of the Elite,https://www.justwatch.com/in/tv-show/classroom-of-the-elite,SonyLIV,show
Kimetsu no Yaiba,https://www.justwatch.com/in/tv-show/demon-slayer-kimetsu-no-yaiba,SonyLIV,show
Wistoria: Wand and Sword,https://www.justwatch.com/in/tv-show/wistoria-wand-and-sword,SonyLIV,show
Scam 1992: The Harshad Mehta Story,https://www.justwatch.com/in/tv-show/scam-1992,SonyLIV,show
Tensei Shitara Suraimu Datta Ken,https://www.justwatch.com/in/tv-show/that-time-i-got-reincarnated-as-a-slime,SonyLIV,show
Bleach,https://www.justwatch.com/in/tv-show/bleach,SonyLIV,show
Tôkyô Ribenjâzu,https://www.justwatch.com/in/tv-show/tokyo-revengers,SonyLIV,show
My Hero Academia,https://www.justwatch.com/in/tv-show/my-hero-academia,SonyLIV,show
SPY x FAMILY,https://www.justwatch.com/in/tv-show/spy-x-family,SonyLIV,show
Re:Zero kara Hajimeru Isekai Seikatsu,https://www.justwatch.com/in/tv-show/re-zero-starting-life-in-another-world,SonyLIV,show
Haikyu!!,https://www.justwatch.com/in/tv-show/haikyu,SonyLIV,show
Boruto: Naruto Next Generations,https://www.justwatch.com/in/tv-show/boruto-naruto-next-generations,SonyLIV,show
Smoking Behind the Supermarket with You,https://www.justwatch.com/in/tv-show/super-no-ura-de-yani-su-futari,SonyLIV,show
Taarak Mehta Ka Ooltah Chashmah,https://www.justwatch.com/in/tv-show/taarak-mehta-ka-ooltah-chashmah,SonyLIV,show
College Romance,https://www.justwatch.com/in/tv-show/college-romance,SonyLIV,show
"Kanojo, Okarishimasu",https://www.justwatch.com/in/tv-show/rent-a-girlfriend,SonyLIV,show
Arifureta: From Commonplace to World's Strongest,https://www.justwatch.com/in/tv-show/arifureta-from-commonplace-to-worlds-strongest,SonyLIV,show
Daemons of the Shadow Realm,https://www.justwatch.com/in/tv-show/daemons-of-the-shadow-realm,SonyLIV,show
Horimiya,https://www.justwatch.com/in/tv-show/horimiya,SonyLIV,show
Indian Idol,https://www.justwatch.com/in/tv-show/indian-idol,SonyLIV,show
Fullmetal Alchemist: Brotherhood,https://www.justwatch.com/in/tv-show/fullmetal-alchemist-brotherhood,SonyLIV,show
Frieren: Beyond Journey's End,https://www.justwatch.com/in/tv-show/frieren-beyond-journeys-end,SonyLIV,show
Scam 2003: The Telgi Story,https://www.justwatch.com/in/tv-show/scam-2003-the-telgi-story,SonyLIV,show
Nirmal Pathak Ki Ghar Wapsi,https://www.justwatch.com/in/tv-show/nirmal-pathak-ki-ghar-wapasi,SonyLIV,show
Maharani,https://www.justwatch.com/in/tv-show/maharani-2021,SonyLIV,show
The Angel Next Door Spoils Me Rotten,https://www.justwatch.com/in/tv-show/the-angel-next-door-spoils-me-rotten,SonyLIV,show
Gintama,https://www.justwatch.com/in/tv-show/gintama,SonyLIV,show
The Good Doctor,https://www.justwatch.com/in/tv-show/the-good-doctor,SonyLIV,show
Freedom at Midnight,https://www.justwatch.com/in/tv-show/freedom-at-midnight,SonyLIV,show
The Misfit of Demon King Academy,https://www.justwatch.com/in/tv-show/the-misfit-of-demon-king-academy,SonyLIV,show
Kusuriya no Hitorigoto,https://www.justwatch.com/in/tv-show/the-apothecary-diaries,SonyLIV,show
Dandadan,https://www.justwatch.com/in/tv-show/dan-da-dan,SonyLIV,show
Chainsaw Man,https://www.justwatch.com/in/tv-show/chainsaw-man,SonyLIV,show
Hunter x Hunter,https://www.justwatch.com/in/tv-show/hunter-x-hunter,SonyLIV,show
Dragon Ball Super,https://www.justwatch.com/in/tv-show/dragon-ball-super,SonyLIV,show
Vinland Saga,https://www.justwatch.com/in/tv-show/vinland-saga,SonyLIV,show
The Beginning After the End,https://www.justwatch.com/in/tv-show/the-beginning-after-the-end,SonyLIV,show
KILL BLUE,https://www.justwatch.com/in/tv-show/kill-blue,SonyLIV,show
C.I.D.,https://www.justwatch.com/in/tv-show/c-i-d,SonyLIV,show
Kaiju No. 8,https://www.justwatch.com/in/tv-show/kaiju-no-8,SonyLIV,show
Kuttram Purindhavan: The Guilty One,https://www.justwatch.com/in/tv-show/kuttram-purindhavan-the-guilty-one,SonyLIV,show
Wind Breaker,https://www.justwatch.com/in/tv-show/wind-breaker,SonyLIV,show
MASHLE: MAGIC AND MUSCLES,https://www.justwatch.com/in/tv-show/mashle-magic-and-muscles,SonyLIV,show
I Want to End This Love Game,https://www.justwatch.com/in/tv-show/i-want-to-end-this-love-game,SonyLIV,show
Iru Dhuruvam,https://www.justwatch.com/in/tv-show/iru-dhuruvam,SonyLIV,show
Rich Girl Caretaker,https://www.justwatch.com/in/tv-show/rich-girl-caretaker,SonyLIV,show
Alya Sometimes Hides Her Feelings in Russian,https://www.justwatch.com/in/tv-show/alya-sometimes-hides-her-feelings-in-russian,SonyLIV,show
Dr. Arora,https://www.justwatch.com/in/tv-show/dr-arora,SonyLIV,show
Bade Achhe Lagte Hain,https://www.justwatch.com/in/tv-show/bade-achhe-lagte-hain,SonyLIV,show
Saga of Tanya the Evil,https://www.justwatch.com/in/tv-show/saga-of-tanya-the-evil,SonyLIV,show
Code Geass: Lelouch of the Rebellion,https://www.justwatch.com/in/tv-show/code-geass-lelouch-of-the-rebellion,SonyLIV,show
Kuroko's Basketball,https://www.justwatch.com/in/tv-show/kurokos-basketball,SonyLIV,show
Mairimashita! Iruma-kun,https://www.justwatch.com/in/tv-show/welcome-to-demon-school-iruma-kun,SonyLIV,show
Gachiakuta,https://www.justwatch.com/in/tv-show/gachiakuta,SonyLIV,show
Fruits Basket,https://www.justwatch.com/in/tv-show/fruits-basket,SonyLIV,show
Fullmetal Alchemist,https://www.justwatch.com/in/tv-show/fullmetal-alchemist,SonyLIV,show
Marriage Toxin,https://www.justwatch.com/in/tv-show/marriage-toxin,SonyLIV,show
Your Lie in April,https://www.justwatch.com/in/tv-show/your-lie-in-april,SonyLIV,show
Rocket Boys,https://www.justwatch.com/in/tv-show/rocket-boys-2022,SonyLIV,show
Beyhadh,https://www.justwatch.com/in/tv-show/beyhadh,SonyLIV,show
Sword Art Online,https://www.justwatch.com/in/tv-show/sword-art-online-ii,SonyLIV,show
Fairy Tail,https://www.justwatch.com/in/tv-show/fairy-tail,SonyLIV,show
Mob Psycho 100,https://www.justwatch.com/in/tv-show/mob-psycho-100,SonyLIV,show
Jazz City,https://www.justwatch.com/in/tv-show/jazz-city,SonyLIV,show
Hyouka,https://www.justwatch.com/in/tv-show/hyouka,SonyLIV,show
MasterChef India,https://www.justwatch.com/in/tv-show/masterchef-india,SonyLIV,show
Overlord,https://www.justwatch.com/in/tv-show/overlord,SonyLIV,show
Planet Earth,https://www.justwatch.com/in/tv-show/planet-earth,SonyLIV,show
Masamune-kun's Revenge,https://www.justwatch.com/in/tv-show/masamune-kuns-revenge,SonyLIV,show
"Jack-of-All-Trades, Party of None",https://www.justwatch.com/in/tv-show/jack-of-all-trades-party-of-none,SonyLIV,show
Food Wars! Shokugeki no Soma,https://www.justwatch.com/in/tv-show/food-wars-shokugeki-no-soma,SonyLIV,show
TSUKIMICHI -Moonlit Fantasy-,https://www.justwatch.com/in/tv-show/tsukimichi-moonlit-fantasy,SonyLIV,show
Takopi's Original Sin,https://www.justwatch.com/in/tv-show/takopiis-original-sin,SonyLIV,show
Buddy Daddies,https://www.justwatch.com/in/tv-show/buddy-daddies,SonyLIV,show
Yamada-kun to Lv999 no Koi wo Suru,https://www.justwatch.com/in/tv-show/my-love-story-with-yamada-kun-at-lv999,SonyLIV,show
"Black, White & Gray: Love Kills",https://www.justwatch.com/in/tv-show/black-white-and-gray-love-kills,SonyLIV,show
"Isekai de Cheat Skill wo Te ni Shita Ore wa, Genjitsu Sekai wo mo Musou Suru: Level Up wa Jinsei wo Kaeta",https://www.justwatch.com/in/tv-show/i-got-a-cheat-skill-in-another-world-and-became-unrivaled-in-the-real-world-too,SonyLIV,show
Black Butler,https://www.justwatch.com/in/tv-show/black-butler,SonyLIV,show
Fate/stay night: Unlimited Blade Works,https://www.justwatch.com/in/tv-show/fate-stay-night-unlimited-blade-works,SonyLIV,show
"DON'T TOY WITH ME, MISS NAGATORO",https://www.justwatch.com/in/tv-show/dont-toy-with-me-miss-nagatoro,SonyLIV,show
A Very British Scandal,https://www.justwatch.com/in/tv-show/a-very-british-scandal,SonyLIV,show
Ansatsu kyôshitsu,https://www.justwatch.com/in/tv-show/assassination-classroom,SonyLIV,show
Long Bright River,https://www.justwatch.com/in/tv-show/long-bright-river,SonyLIV,show
The Hunt: The Rajiv Gandhi Assassination Case,https://www.justwatch.com/in/tv-show/the-hunt-the-rajiv-gandhi-assassination-case,SonyLIV,show
Junji Ito Collection,https://www.justwatch.com/in/tv-show/junji-ito-collection,SonyLIV,show
Rooster Fighter,https://www.justwatch.com/in/tv-show/rooster-fighter,SonyLIV,show
The Wrong Way to Use Healing Magic,https://www.justwatch.com/in/tv-show/the-wrong-way-to-use-healing-magic,SonyLIV,show
Court Kacheri,https://www.justwatch.com/in/tv-show/court-kacheri,SonyLIV,show
Super Dancer Maharashtra,https://www.justwatch.com/in/tv-show/super-dancer,SonyLIV,show
Hametsu no Oukoku,https://www.justwatch.com/in/tv-show/the-kingdoms-of-ruin,SonyLIV,show
Manvat Murders,https://www.justwatch.com/in/tv-show/manvat-murders,SonyLIV,show
THE LEVELING OF SOLO LEVELING,https://www.justwatch.com/in/tv-show/the-leveling-of-solo-leveling,SonyLIV,show
Faadu,https://www.justwatch.com/in/tv-show/faadu,SonyLIV,show
This City Is Ours,https://www.justwatch.com/in/tv-show/this-city-is-ours,SonyLIV,show
The Kapil Sharma Show,https://www.justwatch.com/in/tv-show/the-kapil-sharma-show,SonyLIV,show
Fire Force,https://www.justwatch.com/in/tv-show/fire-force,SonyLIV,show
Mujikaku Seijo wa Kyou mo Muishiki ni Chikara o Tare Nagasu,https://www.justwatch.com/in/tv-show/mujikaku-seijo-wa-kyou-mo-muishiki-ni-chikara-o-tare-nagasu,SonyLIV,show
Kingdom,https://www.justwatch.com/in/tv-show/kingdom-2012,SonyLIV,show
Cubicles,https://www.justwatch.com/in/tv-show/cubicles,SonyLIV,show
Brinda,https://www.justwatch.com/in/tv-show/brinda,SonyLIV,show
Twisted Metal,https://www.justwatch.com/in/tv-show/twisted-metal,SonyLIV,show
Ben Fogle: New Lives in the Wild,https://www.justwatch.com/in/tv-show/ben-fogle-new-lives-in-the-wild,SonyLIV,show
A Sign of Affection,https://www.justwatch.com/in/tv-show/a-sign-of-affection,SonyLIV,show
Ranking of Kings,https://www.justwatch.com/in/tv-show/ranking-of-kings,SonyLIV,show
Cherry Magic! Thirty Years of Virginity Can Make You a Wizard?!,https://www.justwatch.com/in/tv-show/cherry-magic-thirty-years-of-virginity-can-make-you-a-wizard,SonyLIV,show
Noblesse,https://www.justwatch.com/in/tv-show/noblesse,SonyLIV,show
AnoHana: The Flower We Saw That Day,https://www.justwatch.com/in/tv-show/anohana-the-flower-we-saw-that-day,SonyLIV,show
"Slime Taoshite 300-nen, Shiranai Uchi ni Level MAX ni Nattemashita",https://www.justwatch.com/in/tv-show/ive-been-killing-slimes-for-300-years-and-maxed-out-my-level,SonyLIV,show
Kaguya-sama wa kokurasetai ~ Tensai tachi no ren'ai zunô sen ~,https://www.justwatch.com/in/tv-show/kaguya-sama-love-is-war,SonyLIV,show
Scandinavia with Simon Reeve,https://www.justwatch.com/in/tv-show/scandinavia-with-simon-reeve,SonyLIV,show
The God of High School,https://www.justwatch.com/in/tv-show/the-god-of-high-school,SonyLIV,show
Stanley Tucci: Searching for Italy,https://www.justwatch.com/in/tv-show/stanley-tucci-searching-for-italy,SonyLIV,show
Kimi no Koto ga Daidaidaidaidaisuki na 100-nin no Kanojo,https://www.justwatch.com/in/tv-show/the-100-girlfriends-who-really-really-really-really-really-love-you,SonyLIV,show
Tabbar,https://www.justwatch.com/in/tv-show/tabbar,SonyLIV,show
CID Squad,https://www.justwatch.com/in/tv-show/cid-squad,SonyLIV,show
Soul Eater,https://www.justwatch.com/in/tv-show/soul-eater,SonyLIV,show
Shark Tank India,https://www.justwatch.com/in/tv-show/shark-tank-india,SonyLIV,show
Kusunoki's Garden of Gods,https://www.justwatch.com/in/tv-show/kusunokis-garden-of-gods,SonyLIV,show
School Babysitters,https://www.justwatch.com/in/tv-show/school-babysitters,SonyLIV,show
Doc,https://www.justwatch.com/in/tv-show/doc,SonyLIV,show
The Ancient Magus' Bride,https://www.justwatch.com/in/tv-show/the-ancient-magus-bride,SonyLIV,show
Gôruden Kamui,https://www.justwatch.com/in/tv-show/golden-kamuy,SonyLIV,show
The Fated Magical Princess: Who Made Me a Princess,https://www.justwatch.com/in/tv-show/who-made-me-a-princess,SonyLIV,show
"Demon Lord, Retry!",https://www.justwatch.com/in/tv-show/demon-lord-retry,SonyLIV,show
Trapped in a Dating Sim: The World of Otome Games Is Tough for Mobs,https://www.justwatch.com/in/tv-show/trapped-in-a-dating-sim-the-world-of-otome-games-is-tough-for-mobs,SonyLIV,show
Love J Action,https://www.justwatch.com/in/tv-show/love-j-action,SonyLIV,show
Yeh Un Dinon Ki Baat Hai,https://www.justwatch.com/in/tv-show/yeh-un-dinon-ki-baat-hai,SonyLIV,show
March Comes In Like a Lion,https://www.justwatch.com/in/tv-show/march-comes-in-like-a-lion,SonyLIV,show
Welcome to the N-H-K,https://www.justwatch.com/in/tv-show/welcome-to-the-n-h-k,SonyLIV,show
Accused,https://www.justwatch.com/in/tv-show/accused-2023,SonyLIV,show
Rascal Does Not Dream of Bunny Girl Senpai,https://www.justwatch.com/in/tv-show/rascal-does-not-dream-of-bunny-girl-senpai,SonyLIV,show
MF Ghost,https://www.justwatch.com/in/tv-show/mf-ghost,SonyLIV,show
Ouran High School Host Club,https://www.justwatch.com/in/tv-show/ouran-high-school-host-club,SonyLIV,show
Blue Spring Ride,https://www.justwatch.com/in/tv-show/blue-spring-ride,SonyLIV,show
Agents of the Four Seasons Dance of Spring,https://www.justwatch.com/in/tv-show/agents-of-the-four-seasons-dance-of-spring,SonyLIV,show
Alert: Missing Persons Unit,https://www.justwatch.com/in/tv-show/alert-missing-persons-unit,SonyLIV,show
ERASED,https://www.justwatch.com/in/tv-show/erased,SonyLIV,show
Berserk of Gluttony,https://www.justwatch.com/in/tv-show/berserk-of-gluttony,SonyLIV,show
SHIBOYUGI: Playing Death Games to Put Food on the Table,https://www.justwatch.com/in/tv-show/shiboyugi-playing-death-games-to-put-food-on-the-table,SonyLIV,show
The Devil Is a Part-Timer!,https://www.justwatch.com/in/tv-show/the-devil-is-a-part-timer,SonyLIV,show
Goblin Slayer,https://www.justwatch.com/in/tv-show/goblin-slayer,SonyLIV,show
The Narrow Road to the Deep North,https://www.justwatch.com/in/tv-show/the-narrow-road-to-the-deep-north,SonyLIV,show
The Case Study of Vanitas,https://www.justwatch.com/in/tv-show/the-case-study-of-vanitas,SonyLIV,show
Shrimad Ramayan,https://www.justwatch.com/in/tv-show/shrimad-ramayan,SonyLIV,show
Alex Rider,https://www.justwatch.com/in/tv-show/alex-rider,SonyLIV,show
Blue Exorcist,https://www.justwatch.com/in/tv-show/blue-exorcist,SonyLIV,show
Always a Catch!,https://www.justwatch.com/in/tv-show/always-a-catch,SonyLIV,show
Skip and Loafer,https://www.justwatch.com/in/tv-show/skip-and-loafer,SonyLIV,show
Can a Boy-Girl Friendship Survive?,https://www.justwatch.com/in/tv-show/can-a-boy-girl-friendship-survive,SonyLIV,show
Amagami-san Chi no Enmusubi,https://www.justwatch.com/in/tv-show/tying-the-knot-with-an-amagami-sister,SonyLIV,show
Vijirante Boku no Hîrô Akademia Irîgarusu,https://www.justwatch.com/in/tv-show/my-hero-academia-vigilantes,SonyLIV,show
Mischievous Kiss: Love in Tokyo,https://www.justwatch.com/in/tv-show/mischievous-kiss-love-in-tokyo,SonyLIV,show
"Noble Reincarnation: Born Blessed, So I'll Obtain Ultimate Power",https://www.justwatch.com/in/tv-show/noble-reincarnation,SonyLIV,show
A Couple of Cuckoos,https://www.justwatch.com/in/tv-show/a-couple-of-cuckoos,SonyLIV,show
The Prince of Tennis,https://www.justwatch.com/in/tv-show/the-prince-of-tennis,SonyLIV,show
"The Ossan Newbie Adventurer, Trained to Death by the Most Powerful Party, Became Invincible",https://www.justwatch.com/in/tv-show/the-ossan-newbie-adventurer-trained-to-death-by-the-most-powerful-party-became-invincible-2024,SonyLIV,show
To Your Eternity,https://www.justwatch.com/in/tv-show/to-your-eternity,SonyLIV,show
Engage Kiss,https://www.justwatch.com/in/tv-show/engage-kiss,SonyLIV,show
Otaku ni Yasashii Gal wa inai!?,https://www.justwatch.com/in/tv-show/gals-cant-be-kind-to-otaku,SonyLIV,show
An Archdemon's Dilemma: How to Love Your Elf Bride,https://www.justwatch.com/in/tv-show/an-archdemons-dilemma-how-to-love-your-elf-bride,SonyLIV,show
Easygoing Territory Defense by the Optimistic Lord,https://www.justwatch.com/in/tv-show/easygoing-territory-defense-by-the-optimistic-lord,SonyLIV,show
The Irregular at Magic High School,https://www.justwatch.com/in/tv-show/the-irregular-at-magic-high-school,SonyLIV,show
"I'm a Noble on the Brink of Ruin, So I Might as Well Try Mastering Magic",https://www.justwatch.com/in/tv-show/im-a-noble-on-the-brink-of-ruin-so-i-might-as-well-try-mastering-magic,SonyLIV,show
India's Got Talent,https://www.justwatch.com/in/tv-show/indias-got-talent,SonyLIV,show
A Very Royal Scandal,https://www.justwatch.com/in/tv-show/a-very-royal-scandal,SonyLIV,show
Shikimori's Not Just a Cutie,https://www.justwatch.com/in/tv-show/shikimoris-not-just-a-cutie,SonyLIV,show
Magpie Murders,https://www.justwatch.com/in/tv-show/magpie-murders,SonyLIV,show
"Please Put Them On, Takamine-san",https://www.justwatch.com/in/tv-show/please-put-them-on-takamine-san,SonyLIV,show
Fate/strange Fake,https://www.justwatch.com/in/tv-show/fate-strange-fake,SonyLIV,show
Medaka Kuroiwa Is Impervious to My Charms,https://www.justwatch.com/in/tv-show/medaka-kuroiwa-is-impervious-to-my-charms,SonyLIV,show
Oedo Fire Slayer -The Legend of Phoenix-,https://www.justwatch.com/in/tv-show/oedo-fire-slayer-the-legend-of-phoenix,SonyLIV,show
Date A Live,https://www.justwatch.com/in/tv-show/date-a-live,SonyLIV,show
Yuri!!! on Ice,https://www.justwatch.com/in/tv-show/yuri-on-ice,SonyLIV,show
"More than a Married Couple, but Not Lovers",https://www.justwatch.com/in/tv-show/more-than-a-married-couple-but-not-lovers,SonyLIV,show
Mistress Kanan Is Devilishly Easy,https://www.justwatch.com/in/tv-show/mistress-kanan-is-devilishly-easy,SonyLIV,show
Adaalat,https://www.justwatch.com/in/tv-show/adaalat,SonyLIV,show
Haibara's Teenage New Game+,https://www.justwatch.com/in/tv-show/haibaras-teenage-new-game-plus,SonyLIV,show
Kaya-chan Isn't Scary,https://www.justwatch.com/in/tv-show/kaya-chan-isnt-scary,SonyLIV,show
Aharen-san wa Hakarenai,https://www.justwatch.com/in/tv-show/aharen-san-wa-hakarenai,SonyLIV,show
Charlotte,https://www.justwatch.com/in/tv-show/charlotte,SonyLIV,show
DARLING in the FRANXX,https://www.justwatch.com/in/tv-show/darling-in-the-franxx,SonyLIV,show
The Promised Neverland,https://www.justwatch.com/in/tv-show/the-promised-neverland,SonyLIV,show
Gurren Lagann,https://www.justwatch.com/in/tv-show/gurren-lagann,SonyLIV,show
Saekano: How to Raise a Boring Girlfriend,https://www.justwatch.com/in/tv-show/saekano-how-to-raise-a-boring-girlfriend,SonyLIV,show
"The Strongest Job Is Apparently Not a Hero or a Sage, But an Appraiser (Provisional)!",https://www.justwatch.com/in/tv-show/the-strongest-job-is-apparently-not-a-hero-or-a-sage-but-an-appraiser-provisional,SonyLIV,show
NieR: Automata Ver 1.1a,https://www.justwatch.com/in/tv-show/nier-automata-ver1-1a,SonyLIV,show
"Loop 7-kaime no Akuyaku Reijô wa, Moto Tekikoku de Jiyû Kimama na Hanayome Seikatsu wo Mankitsu suru",https://www.justwatch.com/in/tv-show/7th-time-loop-the-villainess-enjoys-a-carefree-life-married-to-her-worst-enemy,SonyLIV,show
Natsume's Book of Friends,https://www.justwatch.com/in/tv-show/natsume-yujin-cho,SonyLIV,show
Isekai Office Worker: The Other World's Books Depend on the Bean Counter,https://www.justwatch.com/in/tv-show/isekai-office-worker-the-other-worlds-books-depend-on-the-bean-counter,SonyLIV,show
Kaun Banega Crorepati,https://www.justwatch.com/in/tv-show/kaun-banega-crorepati,SonyLIV,show
Mayasabha: Rise of the Titans,https://www.justwatch.com/in/tv-show/mayasabha,SonyLIV,show
Hyouken no Majutsushi ga Sekai wo Suberu,https://www.justwatch.com/in/tv-show/the-iceblade-sorcerer-shall-rule-the-world,SonyLIV,show
Why Raeliana Ended Up at the Duke's Mansion,https://www.justwatch.com/in/tv-show/the-reason-why-raeliana-ended-up-at-the-dukes-mansion,SonyLIV,show
I'm Getting Married to a Girl I Hate in My Class,https://www.justwatch.com/in/tv-show/im-getting-married-to-a-girl-i-hate-in-my-class,SonyLIV,show
"Tadaima, Okaeri",https://www.justwatch.com/in/tv-show/tadaima-okaeri,SonyLIV,show
36 Days,https://www.justwatch.com/in/tv-show/36-days,SonyLIV,show
Dead Account,https://www.justwatch.com/in/tv-show/dead-account,SonyLIV,show
Re: Monster,https://www.justwatch.com/in/tv-show/re-monster,SonyLIV,show
Akuyaku Reijou Level 99: Watashi wa Ura-Boss desu ga Maou dewa Arimasen,https://www.justwatch.com/in/tv-show/villainess-level-99-i-may-be-the-hidden-boss-but-im-not-the-demon-lord,SonyLIV,show
Angel Beats!,https://www.justwatch.com/in/tv-show/angel-beats,SonyLIV,show
Inexpressive Kashiwada and Expressive Oota,https://www.justwatch.com/in/tv-show/inexpressive-kashiwada-and-expressive-oota,SonyLIV,show
Vampire Knight,https://www.justwatch.com/in/tv-show/vampire-knight,SonyLIV,show
Aahat,https://www.justwatch.com/in/tv-show/aahat,SonyLIV,show
Akudama Drive,https://www.justwatch.com/in/tv-show/akudama-drive,SonyLIV,show
Clevatess,https://www.justwatch.com/in/tv-show/clevatess,SonyLIV,show
Faadu - A Love Story,https://www.justwatch.com/in/tv-show/faadu-a-love-story,SonyLIV,show
A Playthrough of a Certain Dude's VRMMO Life,https://www.justwatch.com/in/tv-show/a-playthrough-of-a-certain-dudes-vrmmo-life,SonyLIV,show
Sword Art Online Alternative: Gun Gale Online,https://www.justwatch.com/in/tv-show/sword-art-online-alternative-gun-gale-online,SonyLIV,show
Planetes,https://www.justwatch.com/in/tv-show/planetes,SonyLIV,show
The Winter King,https://www.justwatch.com/in/tv-show/the-winter-king,SonyLIV,show
Rurôni Kenshin: Meiji kenkaku romantan,https://www.justwatch.com/in/tv-show/rurouni-kenshin-2023,SonyLIV,show
Tomo-chan Is a Girl!,https://www.justwatch.com/in/tv-show/tomo-chan-is-a-girl,SonyLIV,show
Gutur Gu,https://www.justwatch.com/in/tv-show/gutur-gu,SonyLIV,show
Bloom,https://www.justwatch.com/in/tv-show/bloom,SonyLIV,show
The Strongest Sage with the Weakest Crest,https://www.justwatch.com/in/tv-show/the-strongest-sage-with-the-weakest-crest,SonyLIV,show
Our Dating Story: The Experienced You and the Inexperienced Me,https://www.justwatch.com/in/tv-show/our-dating-story-the-experienced-you-and-the-inexperienced-me,SonyLIV,show
World's Most Dangerous Roads,https://www.justwatch.com/in/tv-show/worlds-most-dangerous-roads,SonyLIV,show
Aladdin - Naam Toh Suna Hoga,https://www.justwatch.com/in/tv-show/aladdin-naam-toh-suna-hoga,SonyLIV,show
The Killing Kind,https://www.justwatch.com/in/tv-show/the-killing-kind,SonyLIV,show
Nekopara,https://www.justwatch.com/in/tv-show/nekopara,SonyLIV,show
Zom 100: Zombie ni Naru made ni Shitai 100 no Koto,https://www.justwatch.com/in/tv-show/zom-100-bucket-list-of-the-dead,SonyLIV,show
